Variation	Genes	Type	Condition	Classification	Review status	Molecular consequence	Protein change	Germline date last evaluated	Somatic clinical impact date last evaluated	Oncogenicity date last evaluated	GRCh37 Location	GRCh38 Location	Variation ID	VCV accession	rs_ID
GRCh38/hg38 11p15.5-15.4(chr11:61793-10727969)x3	A-GAMMA3'E|ADM|ADM-DT|AKIP1|AMPD3|ANO9|AP2A2|APBB1|ARFIP2|ART1|ART5|ASCL2|ASCL3|B4GALNT4|BET1L|BGLT3|BRSK2|C11orf16|C11orf21|C11orf40|C11orf42|CAND1.11|CARS1|CARS1-AS1|CASC23|CAVIN3|CCKBR|CD151|CD81|CD81-AS1|CDHR5|CDKN1C|CEND1|CHID1|CHRNA10|CIMAP1A|CNGA4|CRACR2B|CTSD|CYB5R2|DCHS1|DEAF1|DENND2B|DENND2B-AS1|DENND5A|DNHD1|DRD4|DUSP8|EIF3F|EPS8L2|FAM99A|FAM99B|FHIP1B|GATD1|GATD1-DT|H19|H19-ICR|HBB|HBB-3'HS1|HBB-HS-107|HBB-HS-111|HBB-LCR|HBD|HBE1|HBG1|HBG2|HOTS|HPX|HRAS|HS-E1|IFITM1|IFITM10|IFITM2|IFITM3|IFITM5|IGF2|IGF2-AS|ILK|INS|INS-IGF2|IPO7|IRAG1|IRAG1-AS1|IRF7|KCNQ1|KCNQ1-AS1|KCNQ1DN|KCNQ1OT1|KRTAP5-1|KRTAP5-2|KRTAP5-3|KRTAP5-4|KRTAP5-5|KRTAP5-6|KRTAP5-AS1|LINC01001|LINC01150|LINC01219|LINC02688|LINC02708|LINC02709|LINC02749|LMNTD2|LMNTD2-AS1|LMO1|LOC101927708|LOC101928008|LOC105274310|LOC105369149|LOC105376526|LOC106099062|LOC106099063|LOC106099064|LOC106099065|LOC106783508|LOC106799843|LOC106865369|LOC107133510|LOC109623489|LOC109951029|LOC110006319|LOC110008579|LOC110011217|LOC110013311|LOC110121378|LOC110121453|LOC111718490|LOC112067719|LOC112067720|LOC112081391|LOC112081400|LOC112081404|LOC112081405|LOC112136080|LOC112136081|LOC112136092|LOC112136094|LOC113939920|LOC113939924|LOC113939927|LOC113939928|LOC114827852|LOC116216126|LOC116216127|LOC116216128|LOC116216129|LOC121392887|LOC121392888|LOC121392889|LOC121392890|LOC121832782|LOC121832783|LOC121832784|LOC121832785|LOC121832786|LOC124418409|LOC124418411|LOC124418412|LOC124418413|LOC124418414|LOC124418415|LOC124418416|LOC124418418|LOC124418419|LOC124418420|LOC124418421|LOC124418422|LOC124418423|LOC124418426|LOC124421482|LOC124421483|LOC124421484|LOC124421485|LOC124421486|LOC124902806|LOC126861108|LOC126861109|LOC126861110|LOC126861111|LOC126861112|LOC126861113|LOC126861114|LOC126861115|LOC126861116|LOC126861117|LOC126861118|LOC126861119|LOC126861120|LOC126861121|LOC126861122|LOC126861123|LOC126861124|LOC126861125|LOC126861126|LOC126861127|LOC126861128|LOC126861129|LOC126861130|LOC126861131|LOC126861132|LOC126861133|LOC126861134|LOC126861135|LOC126861136|LOC126861137|LOC126861138|LOC126861139|LOC129388416|LOC129388417|LOC129390245|LOC129390246|LOC129390247|LOC129390248|LOC129390249|LOC129390250|LOC129390251|LOC129390252|LOC129390253|LOC129390254|LOC129390255|LOC129390256|LOC129390257|LOC129390258|LOC130005037|LOC130005038|LOC130005039|LOC130005040|LOC130005041|LOC130005042|LOC130005043|LOC130005044|LOC130005045|LOC130005046|LOC130005047|LOC130005048|LOC130005049|LOC130005050|LOC130005051|LOC130005052|LOC130005053|LOC130005054|LOC130005055|LOC130005056|LOC130005057|LOC130005058|LOC130005059|LOC130005060|LOC130005061|LOC130005062|LOC130005063|LOC130005064|LOC130005065|LOC130005066|LOC130005067|LOC130005068|LOC130005069|LOC130005070|LOC130005071|LOC130005072|LOC130005073|LOC130005074|LOC130005075|LOC130005076|LOC130005077|LOC130005078|LOC130005079|LOC130005080|LOC130005081|LOC130005082|LOC130005083|LOC130005084|LOC130005085|LOC130005086|LOC130005087|LOC130005088|LOC130005089|LOC130005090|LOC130005091|LOC130005092|LOC130005093|LOC130005094|LOC130005095|LOC130005096|LOC130005097|LOC130005098|LOC130005099|LOC130005100|LOC130005101|LOC130005102|LOC130005103|LOC130005104|LOC130005105|LOC130005106|LOC130005107|LOC130005108|LOC130005109|LOC130005110|LOC130005111|LOC130005112|LOC130005113|LOC130005114|LOC130005115|LOC130005116|LOC130005117|LOC130005118|LOC130005119|LOC130005120|LOC130005121|LOC130005122|LOC130005123|LOC130005124|LOC130005125|LOC130005126|LOC130005127|LOC130005128|LOC130005129|LOC130005130|LOC130005131|LOC130005132|LOC130005133|LOC130005134|LOC130005135|LOC130005136|LOC130005137|LOC130005138|LOC130005139|LOC130005140|LOC130005141|LOC130005142|LOC130005143|LOC130005144|LOC130005145|LOC130005146|LOC130005147|LOC130005148|LOC130005149|LOC130005150|LOC130005151|LOC130005152|LOC130005153|LOC130005154|LOC130005155|LOC130005156|LOC130005157|LOC130005158|LOC130005159|LOC130005160|LOC130005161|LOC130005162|LOC130005163|LOC130005164|LOC130005165|LOC130005166|LOC130005167|LOC130005168|LOC130005169|LOC130005170|LOC130005171|LOC130005172|LOC130005173|LOC130005174|LOC130005175|LOC130005176|LOC130005177|LOC130005178|LOC130005179|LOC130005180|LOC130005181|LOC130005182|LOC130005183|LOC130005184|LOC130005185|LOC130005186|LOC130005187|LOC130005188|LOC130005189|LOC130005190|LOC130005191|LOC130005192|LOC130005193|LOC130005194|LOC130005195|LOC130005196|LOC130005197|LOC130005198|LOC130005199|LOC130005200|LOC130005201|LOC130005202|LOC130005203|LOC130005204|LOC130005205|LOC130005206|LOC130005207|LOC130005208|LOC130005209|LOC130005210|LOC130005211|LOC130005212|LOC130005213|LOC130005214|LOC130005215|LOC130005216|LOC130005217|LOC130005218|LOC130005219|LOC130005220|LOC130005221|LOC130005222|LOC130005223|LOC130005224|LOC130005225|LOC130005226|LOC130005227|LOC130005228|LOC130005229|LOC130005230|LOC130005231|LOC130005232|LOC130005233|LOC130005234|LOC130005235|LOC130005236|LOC130005237|LOC130005238|LOC130005239|LOC130005240|LOC130005241|LOC130005242|LOC130005243|LOC130005244|LOC130005245|LOC130005246|LOC130005247|LOC130005248|LOC130005249|LOC130005250|LOC130005251|LOC130005252|LOC130005253|LOC130005254|LOC130005255|LOC130005256|LOC130005257|LOC130005258|LOC130005259|LOC130005260|LOC130005261|LOC130005262|LOC130005263|LOC130005264|LOC130005265|LOC130005266|LOC130005267|LOC130005268|LOC130005269|LOC130005270|LOC130005271|LOC130005272|LOC130005273|LOC130005274|LOC130005275|LOC130005276|LOC130005277|LOC130005278|LOC130005279|LOC130005280|LOC130005281|LOC130005282|LOC130005283|LOC130005284|LOC130005285|LOC130005286|LOC130005287|LOC130005288|LOC130005289|LOC130005290|LOC130005291|LOC130005292|LOC130005293|LOC130005294|LOC130005295|LOC130005296|LOC130005297|LOC130005298|LOC130005299|LOC130005300|LOC130005301|LOC130005302|LOC130005303|LOC130005304|LOC130005305|LOC130005306|LOC130005307|LOC130005308|LOC130005309|LOC130005310|LOC130005311|LOC130005312|LOC130005313|LOC130005314|LOC130005315|LOC130005316|LOC130005317|LOC130005318|LOC130005319|LOC130005320|LOC130005321|LOC130005322|LOC130005323|LOC130005324|LOC130005325|LOC130005326|LOC130005327|LOC130005328|LOC130005329|LOC130005330|LOC132089927|LOC132089930|LOC132089931|LOC132090831|LOC132090832|LOC143666|LOC283299|LRRC56|LSP1|LYVE1|MIR210|MIR210HG|MIR302E|MIR4298|MIR4485|MIR4686|MIR4687|MIR483|MIR5691|MIR6743|MIR6744|MIR675|MIR7847|MMP26|MOB2|MRGPRE|MRGPRG|MRGPRG-AS1|MRPL17|MRPL23|MRPL23-AS1|MTRNR2L8|MUC2|MUC5AC|MUC5B|MUC5B-AS1|MUC6|NAP1L4|NLRP10|NLRP14|NLRP6|NRIP3|NRIP3-DT|NUP98|OLFML1|OR10A2|OR10A3|OR10A4|OR10A5|OR10A6|OR2AG1|OR2AG2|OR2D2|OR2D3|OR51A2|OR51A4|OR51A7|OR51B2|OR51B4|OR51B5|OR51B6|OR51C1|OR51D1|OR51E1|OR51E2|OR51F1|OR51F2|OR51G1|OR51G2|OR51I1|OR51I2|OR51J1|OR51L1|OR51M1|OR51Q1|OR51S1|OR51T1|OR51V1|OR52A1|OR52A5|OR52B2|OR52B4|OR52B6|OR52D1|OR52E1|OR52E2|OR52E4|OR52E5|OR52E6|OR52E8|OR52H1|OR52I1|OR52I2|OR52J3|OR52K1|OR52K2|OR52L1|OR52M1|OR52N1|OR52N2|OR52N4|OR52N5|OR52P1|OR52R1|OR52W1|OR56A1|OR56A3|OR56A4|OR56A5|OR56B1|OR56B2|OR56B4|OR5P2|OR5P3|OR6A2|OSBPL5|OVCH2|PANO1|PGAP2|PGGHG|PHLDA2|PHRF1|PIDD1|PKP3|PNPLA2|POLR2L|PPFIBP2|PRADX|PRR33|PSMD13|PTDSS2|RASSF7|RBMXL2|RHOG|RIC3|RIC3-DT|RIC8A|RNF141|RNH1|RPL27A|RPLP2|RRM1|RRP8|SBF2|SBF2-AS1|SCGB1C1|SCT|SCUBE2|SIGIRR|SIRT3|SLC25A22|SLC67A1|SLC67A1-AS|SMPD1|SNORA23|SNORA3A|SNORA3B|SNORA52|SNORA54|SNORD131|SSU72L1|SSU72L2|SSU72L3|SSU72L4|SSU72L5|STIM1|STIM1-AS1|STK33|SWAP70|SYT8|SYT9|SYT9-AS1|TAF10|TALDO1|TH|TIMM10B|TMEM41B|TMEM80|TMEM9B|TMEM9B-AS1|TNNI2|TNNT3|TOLLIP|TOLLIP-DT|TPP1|TRIM21|TRIM22|TRIM3|TRIM34|TRIM5|TRIM6|TRIM66|TRIM68|TRL-CAA5-1|TRPM5|TSPAN32|TSPAN4|TSSC4|TUB|TUB-AS1|UBQLN3|UBQLNL|WEE1|ZNF143|ZNF143-AS1|ZNF195|ZNF214|ZNF215	copy number gain	See cases	G: Pathogenic	no assertion criteria provided			2011/04/30			11:61793	11:61793	151263	VCV000151263	rs161014
GRCh38/hg38 11p15.5-15.4(chr11:196855-5321874)x3	A-GAMMA3'E|ANO9|AP2A2|ART1|ART5|ASCL2|B4GALNT4|BET1L|BGLT3|BRSK2|C11orf21|C11orf40|CARS1|CARS1-AS1|CD151|CD81|CD81-AS1|CDHR5|CDKN1C|CEND1|CHID1|CHRNA10|CIMAP1A|CRACR2B|CTSD|DEAF1|DRD4|DUSP8|EPS8L2|FAM99A|FAM99B|GATD1|GATD1-DT|H19|H19-ICR|HBB|HBB-3'HS1|HBB-LCR|HBD|HBE1|HBG1|HBG2|HOTS|HRAS|HS-E1|IFITM1|IFITM10|IFITM2|IFITM3|IFITM5|IGF2|IGF2-AS|INS|INS-IGF2|IRF7|KCNQ1|KCNQ1-AS1|KCNQ1DN|KCNQ1OT1|KRTAP5-1|KRTAP5-2|KRTAP5-3|KRTAP5-4|KRTAP5-5|KRTAP5-6|KRTAP5-AS1|LINC01150|LINC01219|LINC02688|LINC02708|LINC02749|LMNTD2|LMNTD2-AS1|LOC101927708|LOC105274310|LOC105376526|LOC106099062|LOC106099063|LOC106099064|LOC106099065|LOC106783508|LOC106799843|LOC106865369|LOC107133510|LOC109623489|LOC109951029|LOC110006319|LOC110008579|LOC110011217|LOC110013311|LOC110121378|LOC111718490|LOC112067719|LOC112067720|LOC112081391|LOC113939920|LOC116216126|LOC116216127|LOC116216128|LOC121392887|LOC121392888|LOC121832782|LOC121832783|LOC124418409|LOC124418411|LOC124418412|LOC124418413|LOC124418414|LOC124418415|LOC124418416|LOC124418418|LOC124418419|LOC124418420|LOC124418421|LOC126861108|LOC126861109|LOC126861110|LOC126861111|LOC126861112|LOC126861113|LOC126861114|LOC126861115|LOC126861116|LOC126861117|LOC126861118|LOC129388416|LOC129388417|LOC129390246|LOC129390247|LOC129390248|LOC129390249|LOC129390250|LOC129390251|LOC130005037|LOC130005038|LOC130005039|LOC130005040|LOC130005041|LOC130005042|LOC130005043|LOC130005044|LOC130005045|LOC130005046|LOC130005047|LOC130005048|LOC130005049|LOC130005050|LOC130005051|LOC130005052|LOC130005053|LOC130005054|LOC130005055|LOC130005056|LOC130005057|LOC130005058|LOC130005059|LOC130005060|LOC130005061|LOC130005062|LOC130005063|LOC130005064|LOC130005065|LOC130005066|LOC130005067|LOC130005068|LOC130005069|LOC130005070|LOC130005071|LOC130005072|LOC130005073|LOC130005074|LOC130005075|LOC130005076|LOC130005077|LOC130005078|LOC130005079|LOC130005080|LOC130005081|LOC130005082|LOC130005083|LOC130005084|LOC130005085|LOC130005086|LOC130005087|LOC130005088|LOC130005089|LOC130005090|LOC130005091|LOC130005092|LOC130005093|LOC130005094|LOC130005095|LOC130005096|LOC130005097|LOC130005098|LOC130005099|LOC130005100|LOC130005101|LOC130005102|LOC130005103|LOC130005104|LOC130005105|LOC130005106|LOC130005107|LOC130005108|LOC130005109|LOC130005110|LOC130005111|LOC130005112|LOC130005113|LOC130005114|LOC130005115|LOC130005116|LOC130005117|LOC130005118|LOC130005119|LOC130005120|LOC130005121|LOC130005122|LOC130005123|LOC130005124|LOC130005125|LOC130005126|LOC130005127|LOC130005128|LOC130005129|LOC130005130|LOC130005131|LOC130005132|LOC130005133|LOC130005134|LOC130005135|LOC130005136|LOC130005137|LOC130005138|LOC130005139|LOC130005140|LOC130005141|LOC130005142|LOC130005143|LOC130005144|LOC130005145|LOC130005146|LOC130005147|LOC130005148|LOC130005149|LOC130005150|LOC130005151|LOC130005152|LOC130005153|LOC130005154|LOC130005155|LOC130005156|LOC130005157|LOC130005158|LOC130005159|LOC130005160|LOC130005161|LOC130005162|LOC130005163|LOC130005164|LOC130005165|LOC130005166|LOC130005167|LOC130005168|LOC130005169|LOC130005170|LOC130005171|LOC130005172|LOC130005173|LOC130005174|LOC130005175|LOC130005176|LOC130005177|LOC130005178|LOC130005179|LOC130005180|LOC130005181|LOC132089927|LOC132089930|LOC132089931|LOC132090831|LOC132090832|LOC143666|LRRC56|LSP1|MIR210|MIR210HG|MIR4298|MIR4686|MIR4687|MIR483|MIR6743|MIR6744|MIR675|MIR7847|MMP26|MOB2|MRGPRE|MRGPRG|MRGPRG-AS1|MRPL23|MRPL23-AS1|MUC2|MUC5AC|MUC5B|MUC5B-AS1|MUC6|NAP1L4|NLRP6|NUP98|OR51A2|OR51A4|OR51A7|OR51B4|OR51C1|OR51D1|OR51E1|OR51E2|OR51F1|OR51F2|OR51G1|OR51G2|OR51L1|OR51S1|OR51T1|OR51V1|OR52A1|OR52A5|OR52B4|OR52E1|OR52E2|OR52I1|OR52I2|OR52J3|OR52K1|OR52K2|OR52M1|OR52R1|OSBPL5|PANO1|PGAP2|PGGHG|PRADX|PHLDA2|PHRF1|PIDD1|PKP3|PNPLA2|POLR2L|PRR33|PSMD13|PTDSS2|RASSF7|RHOG|RIC8A|RNH1|RPLP2|RRM1|SCT|SIGIRR|SIRT3|SLC25A22|SLC67A1|SLC67A1-AS|SNORA52|SNORA54|SNORD131|SSU72L1|SSU72L2|SSU72L3|SSU72L4|SSU72L5|STIM1|STIM1-AS1|SYT8|TALDO1|TH|TMEM80|TNNI2|TNNT3|TOLLIP|TOLLIP-DT|TRIM21|TRIM68|TRPM5|TSPAN32|TSPAN4|TSSC4|ZNF195	copy number gain	See cases	G: Pathogenic	no assertion criteria provided			2012/08/13			11:196855	11:196855	154823	VCV000154823	rs164577
GRCh38/hg38 11p15.5-15.1(chr11:446754-18904742)x3	A-GAMMA3'E|ABCC8|ADM|ADM-DT|AKIP1|AMPD3|AP2A2|APBB1|ARFIP2|ART1|ART5|ASCL2|ASCL3|BGLT3|BMAL1|BRSK2|BTBD10|C11orf16|C11orf21|C11orf40|C11orf42|C11orf58|CALCA|CALCB|CAND1.11|CARS1|CARS1-AS1|CASC23|CAVIN3|CCKBR|CD151|CD81|CD81-AS1|CDHR5|CDKN1C|CEND1|CHID1|CHRNA10|CNGA4|COPB1|CRACR2B|CSNK2A3|CTR9|CTSD|CYB5R2|CYP2R1|DCHS1|DEAF1|DENND2B|DENND2B-AS1|DENND5A|DKK3|DNHD1|DRD4|DUSP8|EIF3F|EIF4G2|EPS8L2|FAM99A|FAM99B|FAR1|FHIP1B|GALNT18|GALNT18-AS1|GATD1|GATD1-DT|GTF2H1|H19|H19-ICR|HBB|HBB-3'HS1|HBB-HS-107|HBB-HS-111|HBB-LCR|HBD|HBE1|HBG1|HBG2|HOTS|HPS5|HPX|HRAS|HS-E1|IFITM10|IGF2|IGF2-AS|IGSF22|IGSF22-AS1|ILK|INS|INS-IGF2|INSC|IPO7|IRAG1|IRAG1-AS1|IRF7|KCNC1|KCNJ11|KCNQ1|KCNQ1-AS1|KCNQ1DN|KCNQ1OT1|KRTAP5-1|KRTAP5-2|KRTAP5-3|KRTAP5-4|KRTAP5-5|KRTAP5-6|KRTAP5-AS1|LDHA|LDHAL6A|LDHC|LINC00958|LINC01150|LINC01219|LINC02545|LINC02547|LINC02548|LINC02682|LINC02683|LINC02688|LINC02708|LINC02709|LINC02729|LINC02749|LINC02751|LINC02752|LINC02989|LINC03196|LMNTD2|LMNTD2-AS1|LMO1|LOC101927708|LOC101928008|LOC101928053|LOC105274310|LOC105369149|LOC105376526|LOC106099062|LOC106099063|LOC106099064|LOC106099065|LOC106736470|LOC106783508|LOC106799843|LOC106865369|LOC107133510|LOC107988023|LOC108254681|LOC108281125|LOC109623489|LOC109951029|LOC110006319|LOC110008579|LOC110011217|LOC110013311|LOC110120848|LOC110120922|LOC110120926|LOC110120947|LOC110121340|LOC110121343|LOC110121378|LOC110121434|LOC110121453|LOC110121471|LOC110121483|LOC111413037|LOC111718490|LOC111982890|LOC112042781|LOC112042782|LOC112067712|LOC112067713|LOC112067714|LOC112067715|LOC112067716|LOC112067719|LOC112067720|LOC112081391|LOC112081400|LOC112081404|LOC112081405|LOC112136080|LOC112136081|LOC112136092|LOC112136094|LOC113939920|LOC113939924|LOC113939927|LOC113939928|LOC114827852|LOC116216127|LOC116216128|LOC116216129|LOC121392887|LOC121392888|LOC121392889|LOC121392890|LOC121392891|LOC121392892|LOC121832782|LOC121832783|LOC121832784|LOC121832785|LOC121832786|LOC121832787|LOC121832788|LOC124418411|LOC124418412|LOC124418413|LOC124418414|LOC124418415|LOC124418416|LOC124418418|LOC124418419|LOC124418420|LOC124418421|LOC124418422|LOC124418423|LOC124418426|LOC124421482|LOC124421483|LOC124421484|LOC124421485|LOC124421486|LOC124421487|LOC124421488|LOC124421489|LOC124421490|LOC124421491|LOC124421492|LOC124421493|LOC124421494|LOC124421495|LOC124421496|LOC124421497|LOC124421498|LOC124421499|LOC124421500|LOC124421501|LOC124421502|LOC124421503|LOC124902806|LOC126861109|LOC126861110|LOC126861111|LOC126861112|LOC126861113|LOC126861114|LOC126861115|LOC126861116|LOC126861117|LOC126861118|LOC126861119|LOC126861120|LOC126861121|LOC126861122|LOC126861123|LOC126861124|LOC126861125|LOC126861126|LOC126861127|LOC126861128|LOC126861129|LOC126861130|LOC126861131|LOC126861132|LOC126861133|LOC126861134|LOC126861135|LOC126861136|LOC126861137|LOC126861138|LOC126861139|LOC126861140|LOC126861141|LOC126861142|LOC126861143|LOC126861144|LOC126861145|LOC126861146|LOC126861147|LOC126861148|LOC126861149|LOC126861150|LOC126861151|LOC126861152|LOC126861153|LOC126861154|LOC128772342|LOC128772343|LOC128772344|LOC128772345|LOC128772346|LOC129388416|LOC129388417|LOC129390246|LOC129390247|LOC129390248|LOC129390249|LOC129390250|LOC129390251|LOC129390252|LOC129390253|LOC129390254|LOC129390255|LOC129390256|LOC129390257|LOC129390258|LOC129390259|LOC129390260|LOC129390261|LOC129390262|LOC129390263|LOC129390264|LOC129390265|LOC129390266|LOC129390267|LOC129390268|LOC129390269|LOC130005070|LOC130005071|LOC130005072|LOC130005073|LOC130005074|LOC130005075|LOC130005076|LOC130005077|LOC130005078|LOC130005079|LOC130005080|LOC130005081|LOC130005082|LOC130005083|LOC130005084|LOC130005085|LOC130005086|LOC130005087|LOC130005088|LOC130005089|LOC130005090|LOC130005091|LOC130005092|LOC130005093|LOC130005094|LOC130005095|LOC130005096|LOC130005097|LOC130005098|LOC130005099|LOC130005100|LOC130005101|LOC130005102|LOC130005103|LOC130005104|LOC130005105|LOC130005106|LOC130005107|LOC130005108|LOC130005109|LOC130005110|LOC130005111|LOC130005112|LOC130005113|LOC130005114|LOC130005115|LOC130005116|LOC130005117|LOC130005118|LOC130005119|LOC130005120|LOC130005121|LOC130005122|LOC130005123|LOC130005124|LOC130005125|LOC130005126|LOC130005127|LOC130005128|LOC130005129|LOC130005130|LOC130005131|LOC130005132|LOC130005133|LOC130005134|LOC130005135|LOC130005136|LOC130005137|LOC130005138|LOC130005139|LOC130005140|LOC130005141|LOC130005142|LOC130005143|LOC130005144|LOC130005145|LOC130005146|LOC130005147|LOC130005148|LOC130005149|LOC130005150|LOC130005151|LOC130005152|LOC130005153|LOC130005154|LOC130005155|LOC130005156|LOC130005157|LOC130005158|LOC130005159|LOC130005160|LOC130005161|LOC130005162|LOC130005163|LOC130005164|LOC130005165|LOC130005166|LOC130005167|LOC130005168|LOC130005169|LOC130005170|LOC130005171|LOC130005172|LOC130005173|LOC130005174|LOC130005175|LOC130005176|LOC130005177|LOC130005178|LOC130005179|LOC130005180|LOC130005181|LOC130005182|LOC130005183|LOC130005184|LOC130005185|LOC130005186|LOC130005187|LOC130005188|LOC130005189|LOC130005190|LOC130005191|LOC130005192|LOC130005193|LOC130005194|LOC130005195|LOC130005196|LOC130005197|LOC130005198|LOC130005199|LOC130005200|LOC130005201|LOC130005202|LOC130005203|LOC130005204|LOC130005205|LOC130005206|LOC130005207|LOC130005208|LOC130005209|LOC130005210|LOC130005211|LOC130005212|LOC130005213|LOC130005214|LOC130005215|LOC130005216|LOC130005217|LOC130005218|LOC130005219|LOC130005220|LOC130005221|LOC130005222|LOC130005223|LOC130005224|LOC130005225|LOC130005226|LOC130005227|LOC130005228|LOC130005229|LOC130005230|LOC130005231|LOC130005232|LOC130005233|LOC130005234|LOC130005235|LOC130005236|LOC130005237|LOC130005238|LOC130005239|LOC130005240|LOC130005241|LOC130005242|LOC130005243|LOC130005244|LOC130005245|LOC130005246|LOC130005247|LOC130005248|LOC130005249|LOC130005250|LOC130005251|LOC130005252|LOC130005253|LOC130005254|LOC130005255|LOC130005256|LOC130005257|LOC130005258|LOC130005259|LOC130005260|LOC130005261|LOC130005262|LOC130005263|LOC130005264|LOC130005265|LOC130005266|LOC130005267|LOC130005268|LOC130005269|LOC130005270|LOC130005271|LOC130005272|LOC130005273|LOC130005274|LOC130005275|LOC130005276|LOC130005277|LOC130005278|LOC130005279|LOC130005280|LOC130005281|LOC130005282|LOC130005283|LOC130005284|LOC130005285|LOC130005286|LOC130005287|LOC130005288|LOC130005289|LOC130005290|LOC130005291|LOC130005292|LOC130005293|LOC130005294|LOC130005295|LOC130005296|LOC130005297|LOC130005298|LOC130005299|LOC130005300|LOC130005301|LOC130005302|LOC130005303|LOC130005304|LOC130005305|LOC130005306|LOC130005307|LOC130005308|LOC130005309|LOC130005310|LOC130005311|LOC130005312|LOC130005313|LOC130005314|LOC130005315|LOC130005316|LOC130005317|LOC130005318|LOC130005319|LOC130005320|LOC130005321|LOC130005322|LOC130005323|LOC130005324|LOC130005325|LOC130005326|LOC130005327|LOC130005328|LOC130005329|LOC130005330|LOC130005331|LOC130005332|LOC130005333|LOC130005334|LOC130005335|LOC130005336|LOC130005337|LOC130005338|LOC130005339|LOC130005340|LOC130005341|LOC130005342|LOC130005343|LOC130005344|LOC130005345|LOC130005346|LOC130005347|LOC130005348|LOC130005349|LOC130005350|LOC130005351|LOC130005352|LOC130005353|LOC130005354|LOC130005355|LOC130005356|LOC130005357|LOC130005358|LOC130005359|LOC130005360|LOC130005361|LOC130005362|LOC130005363|LOC130005364|LOC130005365|LOC130005366|LOC130005367|LOC130005368|LOC130005369|LOC130005370|LOC130005371|LOC130005372|LOC130005373|LOC130005374|LOC130005375|LOC130005376|LOC130005377|LOC130005378|LOC130005379|LOC130005380|LOC130005381|LOC130005382|LOC130005383|LOC130005384|LOC130005385|LOC130005386|LOC130005387|LOC130005388|LOC130005389|LOC130005390|LOC130005391|LOC130005392|LOC130005393|LOC130005394|LOC130005395|LOC130005396|LOC130005397|LOC130005398|LOC130005399|LOC130005400|LOC130005401|LOC130005402|LOC130005403|LOC130005404|LOC130005405|LOC130005406|LOC130005407|LOC130005408|LOC130005409|LOC130005410|LOC130005411|LOC130005412|LOC130005413|LOC130005414|LOC130005415|LOC130005416|LOC130005417|LOC130005418|LOC130005419|LOC132089897|LOC132089898|LOC132089899|LOC132089927|LOC132089930|LOC132089931|LOC132090831|LOC132090832|LOC132090833|LOC143666|LOC283299|LRRC56|LSP1|LYVE1|MICAL2|MICALCL|MIR210|MIR210HG|MIR302E|MIR3159|MIR4298|MIR4299|MIR4485|MIR4686|MIR4687|MIR483|MIR5691|MIR6073|MIR6124|MIR6744|MIR675|MIR7847|MIR8070|MISFA|MMP26|MOB2|MRGPRE|MRGPRG|MRGPRG-AS1|MRGPRX3|MRGPRX4|MRPL17|MRPL23|MRPL23-AS1|MTRNR2L8|MUC2|MUC5AC|MUC5B|MUC5B-AS1|MUC6|MYOD1|NAP1L4|NCR3LG1|NLRP10|NLRP14|NRIP3|NRIP3-DT|NUCB2|NUP98|OLFML1|OR10A2|OR10A3|OR10A4|OR10A5|OR10A6|OR2AG1|OR2AG2|OR2D2|OR2D3|OR51A2|OR51A4|OR51A7|OR51B2|OR51B4|OR51B5|OR51B6|OR51C1|OR51D1|OR51E1|OR51E2|OR51F1|OR51F2|OR51G1|OR51G2|OR51I1|OR51I2|OR51J1|OR51L1|OR51M1|OR51Q1|OR51S1|OR51T1|OR51V1|OR52A1|OR52A5|OR52B2|OR52B4|OR52B6|OR52D1|OR52E1|OR52E2|OR52E4|OR52E5|OR52E6|OR52E8|OR52H1|OR52I1|OR52I2|OR52J3|OR52K1|OR52K2|OR52L1|OR52M1|OR52N1|OR52N2|OR52N4|OR52N5|OR52P1|OR52R1|OR52W1|OR56A1|OR56A3|OR56A4|OR56A5|OR56B1|OR56B2|OR56B4|OR5P2|OR5P3|OR6A2|OSBPL5|OTOG|OVCH2|PANO1|PARVA|PDE3B|PGAP2|PHLDA2|PHRF1|PIDD1|PIK3C2A|PLEKHA7|PNPLA2|POLR2L|PPFIBP2|PRADX|PRR33|PSMA1|PTDSS2|PTH|PTPN5|RASSF10|RASSF10-DT|RASSF7|RBMXL2|RHOG|RIC3|RIC3-DT|RNF141|RNH1|RPL27A|RPLP2|RPS13|RRAS2|RRM1|RRP8|SAA1|SAA2|SAA2-SAA4|SAA4|SAAL1|SBF2|SBF2-AS1|SCT|SCUBE2|SERGEF|SLC25A22|SLC67A1|SLC67A1-AS|SMPD1|SNORA23|SNORA3A|SNORA3B|SNORA52|SNORA54|SNORD131|SNORD147|SNORD14A|SNORD14B|SNORD97|SOX6|SPON1|SPTY2D1|SSU72L1|SSU72L2|SSU72L3|SSU72L4|SSU72L5|STIM1|STIM1-AS1|STK33|SWAP70|SYT8|SYT9|SYT9-AS1|TAF10|TALDO1|TEAD1|TEAD1-AS1|TH|TIMM10B|TMEM41B|TMEM80|TMEM86A|TMEM9B|TMEM9B-AS1|TNNI2|TNNT3|TOLLIP|TOLLIP-DT|TPH1|TPP1|TRIM21|TRIM22|TRIM3|TRIM34|TRIM5|TRIM6|TRIM66|TRIM68|TRL-CAA5-1|TRPM5|TSG101|TSPAN32|TSPAN4|TSSC4|TUB|TUB-AS1|UBQLN3|UBQLNL|UEVLD|USH1C|USP47|WEE1|ZBED5|ZBED5-AS1|ZNF143|ZNF143-AS1|ZNF195|ZNF214|ZNF215	copy number gain	See cases	G: Pathogenic	no assertion criteria provided			2010/04/30			11:446754	11:446754	144515	VCV000144515	rs154266
NC_000011.10:g.(499700_4999400)_(5279346_5279697)del	A-GAMMA3'E|AP2A2|ART1|ART5|ASCL2|BGLT3|BRSK2|C11orf21|C11orf40|CARS1|CARS1-AS1|CD151|CD81|CD81-AS1|CDHR5|CDKN1C|CEND1|CHID1|CHRNA10|CRACR2B|CTSD|DEAF1|DRD4|DUSP8|EPS8L2|FAM99A|FAM99B|GATD1|GATD1-DT|H19|H19-ICR|HBB|HBB-3'HS1|HBB-LCR|HBD|HBE1|HBG1|HBG2|HOTS|HRAS|HS-E1|IFITM10|IGF2|IGF2-AS|INS|INS-IGF2|IRF7|KCNQ1|KCNQ1-AS1|KCNQ1DN|KCNQ1OT1|KRTAP5-1|KRTAP5-2|KRTAP5-3|KRTAP5-4|KRTAP5-5|KRTAP5-6|KRTAP5-AS1|LINC01150|LINC01219|LINC02688|LINC02708|LINC02749|LMNTD2|LMNTD2-AS1|LOC101927708|LOC105274310|LOC105376526|LOC106099062|LOC106099063|LOC106099064|LOC106099065|LOC106783508|LOC106799843|LOC106865369|LOC107133510|LOC109623489|LOC109951029|LOC110006319|LOC110008579|LOC110011217|LOC110013311|LOC110121378|LOC111718490|LOC112067719|LOC112067720|LOC112081391|LOC113939920|LOC116216127|LOC116216128|LOC121392887|LOC121392888|LOC121832782|LOC121832783|LOC124418411|LOC124418412|LOC124418413|LOC124418414|LOC124418415|LOC124418416|LOC124418418|LOC124418419|LOC124418420|LOC124418421|LOC126861109|LOC126861110|LOC126861111|LOC126861112|LOC126861113|LOC126861114|LOC126861115|LOC126861116|LOC126861117|LOC126861118|LOC129388416|LOC129388417|LOC129390247|LOC129390248|LOC129390249|LOC129390250|LOC129390251|LOC130005075|LOC130005076|LOC130005077|LOC130005078|LOC130005079|LOC130005080|LOC130005081|LOC130005082|LOC130005083|LOC130005084|LOC130005085|LOC130005086|LOC130005087|LOC130005088|LOC130005089|LOC130005090|LOC130005091|LOC130005092|LOC130005093|LOC130005094|LOC130005095|LOC130005096|LOC130005097|LOC130005098|LOC130005099|LOC130005100|LOC130005101|LOC130005102|LOC130005103|LOC130005104|LOC130005105|LOC130005106|LOC130005107|LOC130005108|LOC130005109|LOC130005110|LOC130005111|LOC130005112|LOC130005113|LOC130005114|LOC130005115|LOC130005116|LOC130005117|LOC130005118|LOC130005119|LOC130005120|LOC130005121|LOC130005122|LOC130005123|LOC130005124|LOC130005125|LOC130005126|LOC130005127|LOC130005128|LOC130005129|LOC130005130|LOC130005131|LOC130005132|LOC130005133|LOC130005134|LOC130005135|LOC130005136|LOC130005137|LOC130005138|LOC130005139|LOC130005140|LOC130005141|LOC130005142|LOC130005143|LOC130005144|LOC130005145|LOC130005146|LOC130005147|LOC130005148|LOC130005149|LOC130005150|LOC130005151|LOC130005152|LOC130005153|LOC130005154|LOC130005155|LOC130005156|LOC130005157|LOC130005158|LOC130005159|LOC130005160|LOC130005161|LOC130005162|LOC130005163|LOC130005164|LOC130005165|LOC130005166|LOC130005167|LOC130005168|LOC130005169|LOC130005170|LOC130005171|LOC130005172|LOC130005173|LOC130005174|LOC130005175|LOC130005176|LOC130005177|LOC130005178|LOC130005179|LOC130005180|LOC130005181|LOC132089927|LOC132089930|LOC132089931|LOC132090831|LOC132090832|LOC143666|LRRC56|LSP1|MIR210|MIR210HG|MIR4298|MIR4686|MIR4687|MIR483|MIR6744|MIR675|MIR7847|MMP26|MOB2|MRGPRE|MRGPRG|MRGPRG-AS1|MRPL23|MRPL23-AS1|MUC2|MUC5AC|MUC5B|MUC5B-AS1|MUC6|NAP1L4|NUP98|OR51A2|OR51A4|OR51A7|OR51C1|OR51D1|OR51E1|OR51E2|OR51F1|OR51F2|OR51G1|OR51G2|OR51L1|OR51S1|OR51T1|OR51V1|OR52A1|OR52A5|OR52B4|OR52E1|OR52E2|OR52I1|OR52I2|OR52J3|OR52K1|OR52K2|OR52M1|OR52R1|OSBPL5|PANO1|PGAP2|PHLDA2|PHRF1|PIDD1|PNPLA2|POLR2L|PRADX|PRR33|RASSF7|RHOG|RNH1|RPLP2|RRM1|SCT|SLC25A22|SLC67A1|SLC67A1-AS|SNORA52|SNORA54|SNORD131|SSU72L1|SSU72L2|SSU72L3|SSU72L4|SSU72L5|STIM1|STIM1-AS1|SYT8|TALDO1|TH|TMEM80|TNNI2|TNNT3|TOLLIP|TOLLIP-DT|TRIM21|TRIM68|TRPM5|TSPAN32|TSPAN4|TSSC4|ZNF195	Deletion	Thalassemia, gamma-delta-beta	G: Pathogenic	no assertion criteria provided			1989/10/01				11:499700	14445	VCV000014445	rs29484
NC_000011.10:g.5168748_5240702del	HBB|HBB-3'HS1|HBD|LOC106099062|LOC106099063|LOC107133510|LOC109951029|LOC110006319|LOC110008579|LOC110013311|OR51V1	Deletion	Beta-thalassemia HBB/LCRB	G: Pathogenic	no assertion criteria provided							11:5168748	3630045	VCV003630045	rs3762722
NC_000011.10:g.5218346_5226066del	HBB|LOC107133510|LOC110006319	Deletion	beta Thalassemia	G: Pathogenic	no assertion criteria provided			2019/11/25			11:5239576	11:5218346	869214	VCV000869214	rs857552
Single allele	A-GAMMA3'E|BGLT3|HBB|HBD|HBG1|LOC106099062|LOC106099063|LOC106099064|LOC107133510|LOC109951029|LOC110006319	Deletion	Beta-thalassemia HBB/LCRB	G: Pathogenic	no assertion criteria provided			2022/07/26				11:5223699	3255362	VCV003255362	rs3414125
Single allele	A-GAMMA3'E|BGLT3|HBB|HBB-LCR|HBD|HBE1|HBG1|HBG2|HS-E1|LOC106099062|LOC106099063|LOC106099064|LOC106099065|LOC107133510|LOC109951029|LOC110006319|OR51B4	Deletion	Beta-thalassemia HBB/LCRB	G: Pathogenic	no assertion criteria provided			2022/07/26				11:5223780	3255366	VCV003255366	rs3414129
NC_000011.10:g.5224303_5227790del	HBB|LOC106099062|LOC107133510|LOC110006319	Deletion	beta Thalassemia	G: Pathogenic	no assertion criteria provided			2021/03/01			11:5245533	11:5224303	1048666	VCV001048666	rs1036754
NC_000011.10:g.5225158_5227199del2042insCTTAT	HBB|LOC106099062|LOC107133510|LOC110006319	Indel	beta Thalassemia	G: Pathogenic	no assertion criteria provided			2019/11/25			11:5246388	11:5225158	869247	VCV000869247	rs857553
NM_000518.4(HBB):c.*353G>A	HBB|LOC107133510|LOC110006319	single nucleotide variant	not specified	G: Benign	criteria provided, single submitter						11:5246475	11:5225245	256343	VCV000256343	rs254200
NC_000011.10:g.5225255_5225875del	HBB|LOC107133510|LOC110006319	Deletion	beta Thalassemia	G: Pathogenic	criteria provided, single submitter			2025/02/14			11:5246485	11:5225255	3769040	VCV003769040	rs3885194
NC_000011.10:g.5225256_5225875delinsTCTACTT	LOC107133510|LOC110006319|HBB	Indel	Inborn genetic diseases, Beta-thalassemia major	G: Pathogenic	criteria provided, multiple submitters, no conflicts			2020/03/19			11:5246486	11:5225256	982010	VCV000982010	rs970126
NM_000518.4(HBB):c.*316A>C	HBB|LOC107133510|LOC110006319	single nucleotide variant	not specified, not provided, beta Thalassemia	G: Benign	criteria provided, multiple submitters, no conflicts			2024/05/24			11:5246512	11:5225282	256342	VCV000256342	rs254201
NC_000011.10:g.5225284C>T	HBB|LOC107133510|LOC110006319	single nucleotide variant	Erythrocytosis, familial, 6	G: Uncertain significance	criteria provided, single submitter			2023/04/24			11:5246514	11:5225284	1217302	VCV001217302	rs1207281
NC_000011.10:g.5225302A>G	HBB|LOC107133510|LOC110006319	single nucleotide variant	not provided	G: Benign	criteria provided, multiple submitters, no conflicts			2026/02/04			11:5246532	11:5225302	703525	VCV000703525	rs695521
NC_000011.10:g.5225352T>C	HBB|LOC107133510|LOC110006319	single nucleotide variant	not provided	G: Likely benign	criteria provided, single submitter			2026/01/28			11:5246582	11:5225352	704388	VCV000704388	rs695522
NC_000011.10:g.(?_5225365)_(5225905_?)del	HBB|LOC107133510|LOC110006319	Deletion	not provided	G: Pathogenic	criteria provided, single submitter			2019/12/24			11:5246595	11:5225365	643148	VCV000643148	rs652379
NC_000011.10:g.5225365C>G	HBB|LOC107133510|LOC110006319	single nucleotide variant	not specified, not provided, beta Thalassemia	G: Benign	criteria provided, multiple submitters, no conflicts			2026/02/04			11:5246595	11:5225365	256341	VCV000256341	rs254202
NC_000011.10:g.5225367A>G	LOC107133510|LOC110006319|HBB	single nucleotide variant	not provided, not specified	G: Likely benign	criteria provided, multiple submitters, no conflicts			2026/02/04			11:5246597	11:5225367	256340	VCV000256340	rs254203
NM_000518.4(HBB):c.316-281_*209del619	HBB|LOC107133510|LOC110006319	Deletion	beta Thalassemia	G: Pathogenic	no assertion criteria provided			2019/11/25			11:5246619	11:5225389	38701	VCV000038701	rs47306
NC_000011.10:g.5225416C>T	HBB|LOC107133510|LOC110006319	single nucleotide variant	Beta-thalassemia HBB/LCRB	G: Benign	reviewed by expert panel			2026/04/30			11:5246646	11:5225416	702013	VCV000702013	rs690005
NC_000011.10:g.5225432G>T	HBB|LOC107133510|LOC110006319	single nucleotide variant	Beta-thalassemia HBB/LCRB	G: Likely benign	no assertion criteria provided			2017/11/21			11:5246662	11:5225432	549922	VCV000549922	rs546317
NM_000518.4(HBB):c.*160A>G	LOC107133510|LOC110006319|HBB	single nucleotide variant	not provided	G: Uncertain significance	criteria provided, single submitter			2019/08/16			11:5246668	11:5225438	801182	VCV000801182	rs789679
NC_000011.10:g.5225454A>C	HBB|LOC107133510|LOC110006319	single nucleotide variant	not provided	G: Likely benign	criteria provided, single submitter			2023/04/14			11:5246684	11:5225454	1979288	VCV001979288	rs2034667
NC_000011.10:g.5225460A>C	HBB|LOC107133510|LOC110006319	single nucleotide variant	not provided, not specified	G: Benign/Likely benign	criteria provided, multiple submitters, no conflicts			2026/01/14			11:5246690	11:5225460	705908	VCV000705908	rs695523
NM_000518.5(HBB):c.*132C>A	LOC110006319|LOC107133510|HBB	single nucleotide variant	Dominant beta-thalassemia, Erythrocytosis, familial, 6, Heinz body anemia, Hb SS disease, Malaria, susceptibility to, METHEMOGLOBINEMIA, BETA TYPE, Hereditary persistence of fetal hemoglobin, Beta-thalassemia HBB/LCRB, not specified, not provided	G: Uncertain significance	criteria provided, multiple submitters, no conflicts	3 prime UTR variant		2024/11/25			11:5246696	11:5225466	1343492	VCV001343492	rs1335191
NM_000518.5(HBB):c.316_*132del (p.Leu106_Ter148del)	HBB|LOC107133510|LOC110006319	Deletion	not provided	G: Pathogenic	criteria provided, single submitter	stop lost, inframe_deletion		2019/12/16			11:5246696	11:5225466	862436	VCV000862436	rs838556
NM_000518.5(HBB):c.316-149_*132del	HBB|LOC107133510|LOC110006319	Deletion	not provided	G: Pathogenic	criteria provided, single submitter	splice acceptor variant		2018/11/26			11:5246696	11:5225466	660167	VCV000660167	rs652208
NM_000518.5(HBB):c.*132C>T	HBB|LOC107133510|LOC110006319	single nucleotide variant	not provided	G: Likely pathogenic	criteria provided, multiple submitters, no conflicts	3 prime UTR variant		2025/08/28			11:5246696	11:5225466	439130	VCV000439130	rs432668
NM_000518.5(HBB):c.*131G>A	HBB|LOC107133510|LOC110006319	single nucleotide variant	not provided	G: Uncertain significance	criteria provided, single submitter	3 prime UTR variant		2023/11/10			11:5246697	11:5225467	3572121	VCV003572121	rs3731022
NM_000518.5(HBB):c.*129T>C	HBB|LOC107133510|LOC110006319	single nucleotide variant	Heinz body anemia, METHEMOGLOBINEMIA, BETA TYPE, Dominant beta-thalassemia, Erythrocytosis, familial, 6, Malaria, susceptibility to, Hereditary persistence of fetal hemoglobin, Beta-thalassemia HBB/LCRB, Hb SS disease	G: Uncertain significance	criteria provided, single submitter	3 prime UTR variant		2024/04/17			11:5246699	11:5225469	3599779	VCV003599779	rs3729977
NM_000518.5(HBB):c.*129T>A	HBB|LOC107133510|LOC110006319	single nucleotide variant	Dominant beta-thalassemia, Heinz body anemia, Malaria, susceptibility to, Erythrocytosis, familial, 6, Hereditary persistence of fetal hemoglobin, Beta-thalassemia HBB/LCRB, Hb SS disease, METHEMOGLOBINEMIA, BETA TYPE, not provided	G: Uncertain significance	criteria provided, multiple submitters, no conflicts	3 prime UTR variant		2025/04/09			11:5246699	11:5225469	801181	VCV000801181	rs789494
NM_000518.5(HBB):c.*117C>T	HBB|LOC107133510|LOC110006319	single nucleotide variant	not specified	G: Uncertain significance	criteria provided, single submitter	3 prime UTR variant		2022/06/29			11:5246711	11:5225481	1698654	VCV001698654	rs1691030
NM_000518.5(HBB):c.*116dup	HBB|LOC107133510|LOC110006319	Duplication	not specified, not provided	G: Uncertain significance	criteria provided, multiple submitters, no conflicts	3 prime UTR variant		2026/05/18			11:5246711	11:5225481	439131	VCV000439131	rs432669
NM_000518.5(HBB):c.*115_*116del	HBB|LOC107133510|LOC110006319	Deletion	not provided	G: Likely pathogenic	criteria provided, single submitter	3 prime UTR variant		2025/10/03			11:5246712	11:5225482	869259	VCV000869259	rs857428
NM_000518.5(HBB):c.*116del	HBB|LOC107133510|LOC110006319	Deletion	BETA-PLUS-THALASSEMIA	G: Pathogenic	no assertion criteria provided	3 prime UTR variant		1992/06/01			11:5246712	11:5225482	15474	VCV000015474	rs30513
NM_000518.5(HBB):c.*115A>C	HBB|LOC107133510|LOC110006319	single nucleotide variant	not provided	G: Uncertain significance	criteria provided, single submitter	3 prime UTR variant		2016/04/08			11:5246713	11:5225483	495967	VCV000495967	rs487418
NM_000518.5(HBB):c.*110_*114del	HBB|LOC107133510|LOC110006319	Deletion	not provided, beta Thalassemia	G: Pathogenic/Likely pathogenic	criteria provided, multiple submitters, no conflicts	3 prime UTR variant		2025/08/13			11:5246714	11:5225484	15506	VCV000015506	rs30545
NM_000518.5(HBB):c.*113A>G	HBB|LOC107133510|LOC110006319	single nucleotide variant	not provided, beta Thalassemia	G: Pathogenic	criteria provided, multiple submitters, no conflicts	3 prime UTR variant		2025/08/20			11:5246715	11:5225485	15473	VCV000015473	rs30512
NM_000518.5(HBB):c.*112A>T	LOC110006319|HBB|LOC107133510	single nucleotide variant	not specified, not provided	G: Uncertain significance	criteria provided, multiple submitters, no conflicts	3 prime UTR variant		2025/06/11			11:5246716	11:5225486	1723320	VCV001723320	rs1780811
NM_000518.5(HBB):c.*112A>G	HBB|LOC107133510|LOC110006319	single nucleotide variant	Beta-thalassemia HBB/LCRB, not provided, beta Thalassemia	G: Pathogenic/Likely pathogenic	criteria provided, multiple submitters, no conflicts	3 prime UTR variant		2026/07/08			11:5246716	11:5225486	15476	VCV000015476	rs30515
NM_000518.5(HBB):c.*110_*111del	HBB|LOC107133510|LOC110006319	Deletion	beta Thalassemia, not provided	G: Pathogenic/Likely pathogenic	criteria provided, multiple submitters, no conflicts	3 prime UTR variant		2025/10/19			11:5246717	11:5225487	632843	VCV000632843	rs621353
NM_000518.5(HBB):c.*111A>G	HBB|LOC107133510|LOC110006319	single nucleotide variant	Beta-thalassemia HBB/LCRB	G: Pathogenic	reviewed by expert panel	3 prime UTR variant		2026/04/30			11:5246717	11:5225487	15488	VCV000015488	rs30527
NM_000518.5(HBB):c.*110_*111insG	HBB|LOC107133510|LOC110006319	Insertion	BETA-PLUS-THALASSEMIA	G: Pathogenic	no assertion criteria provided	3 prime UTR variant		2016/07/20			11:5246717	11:5225487	15475	VCV000015475	rs30514
NM_000518.5(HBB):c.*110T>C	LOC110006319|HBB|LOC107133510	single nucleotide variant	Beta-thalassemia HBB/LCRB, METHEMOGLOBINEMIA, BETA TYPE, Heinz body anemia, Hereditary persistence of fetal hemoglobin, Malaria, susceptibility to, Erythrocytosis, familial, 6, Dominant beta-thalassemia, Hb SS disease, not provided, beta Thalassemia	G: Pathogenic	criteria provided, multiple submitters, no conflicts	3 prime UTR variant		2025/09/30			11:5246718	11:5225488	36332	VCV000036332	rs44996
NM_000518.5(HBB):c.*110T>A	HBB|LOC107133510|LOC110006319	single nucleotide variant	not provided	G: Pathogenic	criteria provided, single submitter	3 prime UTR variant		2025/10/03			11:5246718	11:5225488	15616	VCV000015616	rs30655
NM_000518.5(HBB):c.*108A>G	HBB|LOC107133510|LOC110006319	single nucleotide variant	beta Thalassemia	G: Pathogenic	no assertion criteria provided	3 prime UTR variant		2019/11/25			11:5246720	11:5225490	869258	VCV000869258	rs857429
NM_000518.5(HBB):c.*93_*105del	HBB|LOC107133510|LOC110006319	Deletion	beta Thalassemia	G: Pathogenic	no assertion criteria provided	3 prime UTR variant		2019/11/25			11:5246723	11:5225493	869261	VCV000869261	rs857430
NM_000518.5(HBB):c.*104G>A	HBB|LOC107133510|LOC110006319	single nucleotide variant	not specified, not provided	G: Uncertain significance	criteria provided, multiple submitters, no conflicts	3 prime UTR variant		2025/06/20			11:5246724	11:5225494	618161	VCV000618161	rs609789
NM_000518.5(HBB):c.*102C>T	LOC110006319|HBB|LOC107133510	single nucleotide variant	not specified	G: Uncertain significance	criteria provided, single submitter	3 prime UTR variant		2019/04/12			11:5246726	11:5225496	495966	VCV000495966	rs487419
NM_000518.5(HBB):c.*97G>A	HBB|LOC107133510|LOC110006319	single nucleotide variant	not provided	G: Uncertain significance	criteria provided, single submitter	3 prime UTR variant		2024/11/07			11:5246731	11:5225501	3572126	VCV003572126	rs3731027
NM_000518.5(HBB):c.*97G>C	HBB|LOC107133510|LOC110006319	single nucleotide variant	not specified	G: Uncertain significance	criteria provided, multiple submitters, no conflicts	3 prime UTR variant		2021/02/15			11:5246731	11:5225501	811372	VCV000811372	rs799647
NM_000518.5(HBB):c.*96T>C	HBB|LOC107133510|LOC110006319	single nucleotide variant	not provided, beta Thalassemia	G: Conflicting classifications of pathogenicity	criteria provided, conflicting classifications	3 prime UTR variant		2026/03/01			11:5246732	11:5225502	36331	VCV000036331	rs44995
NM_000518.5(HBB):c.*93A>T	HBB|LOC107133510|LOC110006319	single nucleotide variant	not specified, not provided	G: Uncertain significance	criteria provided, multiple submitters, no conflicts	3 prime UTR variant		2024/09/21			11:5246735	11:5225505	619851	VCV000619851	rs611093
NM_000518.5(HBB):c.*91G>A	HBB|LOC107133510|LOC110006319	single nucleotide variant	not specified, not provided	G: Uncertain significance	criteria provided, multiple submitters, no conflicts	3 prime UTR variant		2025/09/02			11:5246737	11:5225507	36330	VCV000036330	rs44994
NM_000518.5(HBB):c.*83G>T	HBB|LOC107133510|LOC110006319	single nucleotide variant	not provided	G: Uncertain significance	criteria provided, single submitter	3 prime UTR variant		2021/01/19			11:5246745	11:5225515	1330140	VCV001330140	rs1320822
NM_000518.5(HBB):c.*78T>A	HBB|LOC107133510|LOC110006319	single nucleotide variant	not provided	G: Uncertain significance	criteria provided, single submitter	3 prime UTR variant		2023/03/16			11:5246750	11:5225520	2681974	VCV002681974	rs2843008
NM_000518.5(HBB):c.*78T>C	HBB|LOC107133510|LOC110006319	single nucleotide variant	not specified	G: Uncertain significance	criteria provided, single submitter	3 prime UTR variant		2016/12/30			11:5246750	11:5225520	439780	VCV000439780	rs433080
NM_000518.5(HBB):c.*74A>G	LOC110006319|HBB|LOC107133510	single nucleotide variant	not specified, not provided	G: Conflicting classifications of pathogenicity	criteria provided, conflicting classifications	3 prime UTR variant		2026/02/04			11:5246754	11:5225524	993837	VCV000993837	rs981739
NM_000518.5(HBB):c.*73T>C	HBB|LOC107133510|LOC110006319	single nucleotide variant	not specified, not provided	G: Uncertain significance	criteria provided, multiple submitters, no conflicts	3 prime UTR variant		2024/07/16			11:5246755	11:5225525	632855	VCV000632855	rs621354
NM_000518.5(HBB):c.*67G>T	HBB|LOC107133510|LOC110006319	single nucleotide variant	not provided	G: Uncertain significance	criteria provided, single submitter	3 prime UTR variant		2016/07/28			11:5246761	11:5225531	495970	VCV000495970	rs487305
NM_000518.5(HBB):c.*65C>G	HBB|LOC107133510|LOC110006319	single nucleotide variant	not specified, not provided	G: Uncertain significance	criteria provided, multiple submitters, no conflicts	3 prime UTR variant		2023/12/01			11:5246763	11:5225533	632853	VCV000632853	rs621355
NM_000518.5(HBB):c.*62A>G	HBB|LOC107133510|LOC110006319	single nucleotide variant	Dominant beta-thalassemia, METHEMOGLOBINEMIA, BETA TYPE, alpha Thalassemia, Heinz body anemia, Hb SS disease, Hereditary persistence of fetal hemoglobin, Beta-thalassemia HBB/LCRB, Malaria, susceptibility to, Erythrocytosis, familial, 6, not provided, not specified	G: Uncertain significance	criteria provided, multiple submitters, no conflicts	3 prime UTR variant		2025/01/10			11:5246766	11:5225536	495969	VCV000495969	rs487510
NM_000518.5(HBB):c.*59A>G	HBB|LOC107133510|LOC110006319	single nucleotide variant	Fetal hemoglobin quantitative trait locus 1, Hb SS disease, beta Thalassemia, Hemoglobin E	G: Uncertain significance	criteria provided, single submitter	3 prime UTR variant		2017/04/27			11:5246769	11:5225539	878836	VCV000878836	rs868119
NM_000518.5(HBB):c.*57C>G	LOC107133510|LOC110006319|HBB	single nucleotide variant	not provided, not specified	G: Uncertain significance	criteria provided, multiple submitters, no conflicts	3 prime UTR variant		2024/12/29			11:5246771	11:5225541	2501084	VCV002501084	rs2523977
NM_000518.5(HBB):c.*56A>G	HBB|LOC107133510|LOC110006319	single nucleotide variant	not specified, not provided	G: Conflicting classifications of pathogenicity	criteria provided, conflicting classifications	3 prime UTR variant		2026/01/19			11:5246772	11:5225542	495968	VCV000495968	rs487309
NM_000518.5(HBB):c.*56A>T	HBB|LOC107133510|LOC110006319	single nucleotide variant	Fetal hemoglobin quantitative trait locus 1, beta Thalassemia, Hemoglobin E, Hb SS disease	G: Uncertain significance	criteria provided, single submitter	3 prime UTR variant		2018/01/13			11:5246772	11:5225542	305000	VCV000305000	rs320911
NM_000518.5(HBB):c.*53C>A	HBB|LOC107133510|LOC110006319	single nucleotide variant	not specified, Fetal hemoglobin quantitative trait locus 1, beta Thalassemia, Hemoglobin E, Hb SS disease	G: Uncertain significance	criteria provided, multiple submitters, no conflicts	3 prime UTR variant		2025/02/20			11:5246775	11:5225545	305001	VCV000305001	rs328030
NM_000518.5(HBB):c.*51G>A	HBB|LOC107133510|LOC110006319	single nucleotide variant	not specified	G: Uncertain significance	criteria provided, single submitter	3 prime UTR variant		2022/11/22			11:5246777	11:5225547	1804687	VCV001804687	rs1861703
NM_000518.5(HBB):c.*48T>C	HBB|LOC107133510|LOC110006319	single nucleotide variant	not specified, not provided	G: Uncertain significance	criteria provided, multiple submitters, no conflicts	3 prime UTR variant		2020/03/18			11:5246780	11:5225550	633254	VCV000633254	rs621356
NM_000518.5(HBB):c.*47C>G	HBB|LOC107133510|LOC110006319	single nucleotide variant	not specified	G: Uncertain significance	criteria provided, single submitter	3 prime UTR variant		2025/06/23			11:5246781	11:5225551	996256	VCV000996256	rs983970
NM_000518.5(HBB):c.*47C>T	LOC110006319|HBB|LOC107133510	single nucleotide variant	not specified	G: Uncertain significance	criteria provided, single submitter	3 prime UTR variant		2020/10/20			11:5246781	11:5225551	984451	VCV000984451	rs972582
NM_000518.5(HBB):c.*37C>G	HBB|LOC107133510|LOC110006319	single nucleotide variant	not specified	G: Uncertain significance	criteria provided, single submitter	3 prime UTR variant		2025/02/07			11:5246791	11:5225561	2429156	VCV002429156	rs2402588
NM_000518.5(HBB):c.*34G>A	HBB|LOC107133510|LOC110006319	single nucleotide variant	not provided	G: Likely benign	criteria provided, single submitter	3 prime UTR variant		2023/12/19			11:5246794	11:5225564	1127267	VCV001127267	rs1121476
NM_000518.5(HBB):c.*33G>T	HBB|LOC107133510|LOC110006319	single nucleotide variant	not specified	G: Uncertain significance	criteria provided, single submitter	3 prime UTR variant		2018/02/20			11:5246795	11:5225565	633252	VCV000633252	rs621357
NM_000518.5(HBB):c.*32A>C	HBB|LOC107133510|LOC110006319	single nucleotide variant	beta Thalassemia	G: Pathogenic	no assertion criteria provided	3 prime UTR variant		2019/11/25			11:5246796	11:5225566	869260	VCV000869260	rs857431
NM_000518.5(HBB):c.*25C>G	HBB|LOC107133510|LOC110006319	single nucleotide variant	not provided	G: Uncertain significance	criteria provided, single submitter	3 prime UTR variant		2017/10/26			11:5246803	11:5225573	619684	VCV000619684	rs611094
NM_000518.5(HBB):c.*18C>A	HBB|LOC107133510|LOC110006319	single nucleotide variant	Fetal hemoglobin quantitative trait locus 1, Hb SS disease, beta Thalassemia, Hemoglobin E	G: Uncertain significance	criteria provided, single submitter	3 prime UTR variant		2018/01/13			11:5246810	11:5225580	879417	VCV000879417	rs868120
NM_000518.5(HBB):c.*16G>A	HBB|LOC107133510|LOC110006319	single nucleotide variant	not provided	G: Uncertain significance	criteria provided, single submitter	3 prime UTR variant		2021/06/21			11:5246812	11:5225582	1809564	VCV001809564	rs1866568
NM_000518.5(HBB):c.*15T>C	HBB|LOC107133510|LOC110006319	single nucleotide variant	Heinz body anemia, METHEMOGLOBINEMIA, BETA TYPE, Dominant beta-thalassemia, Erythrocytosis, familial, 6, Malaria, susceptibility to, Hereditary persistence of fetal hemoglobin, Beta-thalassemia HBB/LCRB, Hb SS disease	G: Uncertain significance	criteria provided, single submitter	3 prime UTR variant		2024/01/25			11:5246813	11:5225583	3599780	VCV003599780	rs3729978
NM_000518.5(HBB):c.*6C>G	HBB|LOC107133510|LOC110006319	single nucleotide variant	not provided, beta Thalassemia, Beta thalassemia intermedia	G: Pathogenic/Likely pathogenic	criteria provided, multiple submitters, no conflicts	3 prime UTR variant		2024/08/27			11:5246822	11:5225592	393707	VCV000393707	rs380592
NM_000518.5(HBB):c.*5G>A	HBB|LOC107133510|LOC110006319	single nucleotide variant	not specified, not provided	G: Uncertain significance	criteria provided, multiple submitters, no conflicts	3 prime UTR variant		2025/06/26			11:5246823	11:5225593	2681972	VCV002681972	rs2843007
NM_000518.5(HBB):c.*5G>C	HBB|LOC107133510|LOC110006319	single nucleotide variant	not specified	G: Uncertain significance	criteria provided, single submitter	3 prime UTR variant		2023/02/13			11:5246823	11:5225593	2445817	VCV002445817	rs2418769
NM_000518.5(HBB):c.*4C>T	HBB|LOC107133510|LOC110006319	single nucleotide variant	not provided, not specified	G: Uncertain significance	criteria provided, multiple submitters, no conflicts	3 prime UTR variant		2025/04/15			11:5246824	11:5225594	2681971	VCV002681971	rs2843006
NM_000518.5(HBB):c.*3T>C	HBB|LOC107133510|LOC110006319	single nucleotide variant	beta Thalassemia	G: Uncertain significance	no assertion criteria provided	3 prime UTR variant		2025/03/10			11:5246825	11:5225595	4069114	VCV004069114	rs4174160
NM_000518.5(HBB):c.*1G>A	HBB|LOC107133510|LOC110006319	single nucleotide variant	not specified	G: Uncertain significance	criteria provided, single submitter	3 prime UTR variant		2024/05/14			11:5246827	11:5225597	3335957	VCV003335957	rs3494638
NM_000518.5(HBB):c.316_444del (p.Leu106_Ter148del)	HBB|LOC107133510|LOC110006319	Deletion	not provided, beta Thalassemia	G: Pathogenic/Likely pathogenic	criteria provided, multiple submitters, no conflicts	stop lost, inframe_deletion		2025/08/04			11:5246828	11:5225598	988273	VCV000988273	rs976340
NM_000518.5(HBB):c.440_441dup (p.Ter148ThrextTer?)	HBB|LOC107133510|LOC110006319	Duplication	Beta-thalassemia HBB/LCRB, not provided, Hemoglobinopathy	G: Conflicting classifications of pathogenicity	criteria provided, conflicting classifications	frameshift variant, stop lost		2025/07/17			11:5246830	11:5225600	439161	VCV000439161	rs432670
NM_000518.5(HBB):c.441C>G (p.His147Gln)	HBB|LOC107133510|LOC110006319	single nucleotide variant	HEMOGLOBIN KODAIRA II	G: other	no assertion criteria provided	missense variant	H147Q	2017/12/12			11:5246831	11:5225601	15601	VCV000015601	rs30640
NM_000518.5(HBB):c.441C>A (p.His147Gln)	HBB|LOC107133510|LOC110006319	single nucleotide variant	HEMOGLOBIN KODAIRA	G: other	no assertion criteria provided	missense variant	H147Q	2016/07/20			11:5246831	11:5225601	15498	VCV000015498	rs30537
NM_000518.4(HBB):c.440A>C (p.His147Pro)	HBB|LOC107133510|LOC110006319	single nucleotide variant	Beta-thalassemia HBB/LCRB	G: Pathogenic	criteria provided, single submitter	missense variant	H147P	2024/05/24			11:5246832	11:5225602	15395	VCV000015395	rs30434
NM_000518.4(HBB):c.440A>T (p.His147Leu)	HBB|LOC107133510|LOC110006319	single nucleotide variant	Erythrocytosis, familial, 6, HEMOGLOBIN COWTOWN	G: Pathogenic; other	no assertion criteria provided	missense variant	H147L	2017/12/12			11:5246832	11:5225602	15144	VCV000015144	rs30183
NM_000518.4(HBB):c.440A>G (p.His147Arg)	HBB|LOC107133510|LOC110006319	single nucleotide variant	HEMOGLOBIN COCHIN-PORT ROYAL	G: other	no assertion criteria provided	missense variant	H147R	2017/12/12			11:5246832	11:5225602	15139	VCV000015139	rs30178
NM_000518.4(HBB):c.439C>T (p.His147Tyr)	HBB|LOC107133510|LOC110006319	single nucleotide variant	HEMOGLOBIN BOLOGNA-ST. ORSOLA	G: other	no assertion criteria provided	missense variant	H147Y	2017/12/12			11:5246833	11:5225603	15577	VCV000015577	rs30616
NM_000518.4(HBB):c.439C>G (p.His147Asp)	HBB|LOC107133510|LOC110006319	single nucleotide variant	HEMOGLOBIN HIROSHIMA, Erythrocytosis, familial, 6	G: Pathogenic; other	no assertion criteria provided	missense variant	H147D	2017/12/12			11:5246833	11:5225603	15200	VCV000015200	rs30239
NM_000518.5(HBB):c.438T>A (p.Tyr146Ter)	HBB|LOC107133510|LOC110006319	single nucleotide variant	HEMOGLOBIN MCKEES ROCKS, Erythrocytosis, familial, 6	G: Pathogenic; other	no assertion criteria provided	nonsense	Y146*	2017/12/12			11:5246834	11:5225604	15265	VCV000015265	rs30304
NM_000518.5(HBB):c.437A>G (p.Tyr146Cys)	HBB|LOC107133510|LOC110006319	single nucleotide variant	not provided	G: Pathogenic	criteria provided, multiple submitters, no conflicts	missense variant	Y146C	2020/04/21			11:5246835	11:5225605	15322	VCV000015322	rs30361
NM_000518.5(HBB):c.436_437insCT (p.Tyr146fs)	HBB|LOC107133510|LOC110006319	Insertion	HEMOGLOBIN CRANSTON	G: other	no assertion criteria provided	frameshift variant	Y146fs	1980/07/05			11:5246835	11:5225605	15145	VCV000015145	rs30184
NM_000518.5(HBB):c.436T>A (p.Tyr146Asn)	HBB|LOC107133510|LOC110006319	single nucleotide variant	Dominant beta-thalassemia, Heinz body anemia, Malaria, susceptibility to, Beta-thalassemia HBB/LCRB, METHEMOGLOBINEMIA, BETA TYPE, Hb SS disease, Erythrocytosis, familial, 6, Hereditary persistence of fetal hemoglobin, Hemoglobinopathy	G: Pathogenic	criteria provided, multiple submitters, no conflicts	missense variant	Y146N	2025/04/29			11:5246836	11:5225606	633256	VCV000633256	rs621358
NM_000518.5(HBB):c.436T>C (p.Tyr146His)	LOC107133510|LOC110006319|HBB	single nucleotide variant	not provided	G: Pathogenic	criteria provided, single submitter	missense variant	Y146H	2024/06/25			11:5246836	11:5225606	15112	VCV000015112	rs30151
NM_000518.5(HBB):c.435G>A (p.Lys145=)	HBB|LOC107133510|LOC110006319	single nucleotide variant	not provided	G: Likely benign	criteria provided, single submitter	synonymous variant		2024/02/25			11:5246837	11:5225607	1104204	VCV001104204	rs1100005
NM_000518.5(HBB):c.435G>T (p.Lys145Asn)	LOC107133510|LOC110006319|HBB	single nucleotide variant	not provided	G: not provided	no classification provided	missense variant	K145N				11:5246837	11:5225607	156328	VCV000156328	rs166108
NM_000518.5(HBB):c.435G>C (p.Lys145Asn)	HBB|LOC107133510|LOC110006319	single nucleotide variant	not provided	G: Pathogenic	criteria provided, single submitter	missense variant	K145N	2024/06/03			11:5246837	11:5225607	15096	VCV000015096	rs30135
NM_000518.5(HBB):c.434del (p.Lys145fs)	HBB|LOC107133510|LOC110006319	Deletion	HEMOGLOBIN TRENTO	G: other	no assertion criteria provided	frameshift variant	K145fs	2017/12/12			11:5246838	11:5225608	15604	VCV000015604	rs30643
NM_000518.5(HBB):c.434A>T (p.Lys145Met)	HBB|LOC107133510|LOC110006319	single nucleotide variant	HEMOGLOBIN BARBIZON	G: other	no assertion criteria provided	missense variant	K145M	2017/12/12			11:5246838	11:5225608	15576	VCV000015576	rs30615
NM_000518.5(HBB):c.433A>T (p.Lys145Ter)	HBB|LOC107133510|LOC110006319	single nucleotide variant	not provided	G: Uncertain significance	criteria provided, single submitter	nonsense	K145*	2023/04/09			11:5246839	11:5225609	478887	VCV000478887	rs38409
NM_000518.4(HBB):c.[424C>G;433A>T]	HBB|LOC107133510|LOC110006319|HBB|LOC107133510|LOC110006319	Haplotype	HEMOGLOBIN KOCHI	G: other	no assertion criteria provided	nonsense, missense variant	K145*, L142V	2017/12/12			11:5246839	11:5225609	446749	VCV000446749	rs38409
NM_000518.5(HBB):c.425_433del (p.Leu142_Lys145delinsGln)	HBB|LOC107133510|LOC110006319	Deletion	HEMOGLOBIN BIRMINGHAM	G: other	no assertion criteria provided	inframe_indel		2017/12/12			11:5246839	11:5225609	15478	VCV000015478	rs30517
NM_000518.4(HBB):c.433A>G (p.Lys145Glu)	HBB|LOC107133510|LOC110006319	single nucleotide variant	HEMOGLOBIN MITO	G: other	no assertion criteria provided	missense variant	K145E	2017/12/12			11:5246839	11:5225609	15268	VCV000015268	rs30307
NM_000518.5(HBB):c.432C>T (p.His144=)	HBB|LOC107133510|LOC110006319	single nucleotide variant	Inborn genetic diseases, not specified, not provided	G: Benign/Likely benign	criteria provided, multiple submitters, no conflicts	synonymous variant		2026/01/28			11:5246840	11:5225610	36329	VCV000036329	rs44993
Hb Little Rock	HBB|LOC107133510|LOC110006319	single nucleotide variant	Erythrocytosis, familial, 6	G: Pathogenic	no assertion criteria provided	missense variant	H144Q	1987/01/01			11:5246840	11:5225610	15250	VCV000015250	rs30289
NM_000518.5(HBB):c.431A>C (p.His144Pro)	HBB|LOC107133510|LOC110006319	single nucleotide variant	not provided	G: Pathogenic	criteria provided, single submitter	missense variant	H144P	2025/07/14			11:5246841	11:5225611	15365	VCV000015365	rs30404
NM_000518.5(HBB):c.431del (p.His144fs)	HBB|LOC107133510|LOC110006319	Deletion	HEMOGLOBIN SAVERNE	G: other	no assertion criteria provided	frameshift variant	H144fs	2017/12/12			11:5246841	11:5225611	15345	VCV000015345	rs30384
NM_000518.5(HBB):c.431A>G (p.His144Arg)	HBB|LOC107133510|LOC110006319	single nucleotide variant	not provided, beta Thalassemia	G: Pathogenic/Likely pathogenic	criteria provided, multiple submitters, no conflicts	missense variant	H144R	2025/08/04			11:5246841	11:5225611	15090	VCV000015090	rs30129
NM_000518.5(HBB):c.429_430del (p.His144fs)	LOC107133510|LOC110006319|HBB	Deletion	beta Thalassemia	G: Pathogenic	no assertion criteria provided	frameshift variant	H144fs	2019/11/25			11:5246842	11:5225612	869318	VCV000869318	rs857432
NM_000518.4(HBB):c.430C>T (p.His144Tyr)	HBB|LOC107133510|LOC110006319	single nucleotide variant	not specified, not provided	G: Likely benign	criteria provided, multiple submitters, no conflicts	missense variant	H144Y	2025/04/18			11:5246842	11:5225612	15565	VCV000015565	rs30604
NM_000518.4(HBB):c.430C>G (p.His144Asp)	HBB|LOC107133510|LOC110006319	single nucleotide variant	HEMOGLOBIN RANCHO MIRAGE	G: other	no assertion criteria provided	missense variant	H144D	2017/12/12			11:5246842	11:5225612	15503	VCV000015503	rs30542
NM_000518.5(HBB):c.428C>T (p.Ala143Val)	HBB|LOC107133510|LOC110006319	single nucleotide variant		G: no classification for the single variant	no classification for the single variant	missense variant	A143V				11:5246844	11:5225614	478854	VCV000478854	rs38472
NM_000518.4(HBB):c.428C>A (p.Ala143Asp)	HBB|LOC107133510|LOC110006319	single nucleotide variant	not provided	G: Uncertain significance	criteria provided, single submitter	missense variant	A143D	2024/07/10			11:5246844	11:5225614	15294	VCV000015294	rs30333
NM_000518.5(HBB):c.427G>A (p.Ala143Thr)	HBB|LOC107133510|LOC110006319	single nucleotide variant	not specified, not provided	G: Uncertain significance	criteria provided, multiple submitters, no conflicts	missense variant	A143T	2024/08/06			11:5246845	11:5225615	801193	VCV000801193	rs789495
NM_000518.5(HBB):c.427G>C (p.Ala143Pro)	HBB|LOC107133510|LOC110006319	single nucleotide variant	HEMOGLOBIN TOYOAKE	G: other	no assertion criteria provided	missense variant	A143P	2017/12/12			11:5246845	11:5225615	15376	VCV000015376	rs30415
NM_000518.5(HBB):c.426G>T (p.Leu142=)	HBB|LOC107133510|LOC110006319	single nucleotide variant	not provided	G: Likely benign	criteria provided, single submitter	synonymous variant		2024/01/31			11:5246846	11:5225616	1121500	VCV001121500	rs1121477
NM_000518.5(HBB):c.424_426del (p.Leu142del)	LOC110006319|HBB|LOC107133510	Deletion	HEMOGLOBIN COVENTRY	G: other	no assertion criteria provided	inframe_deletion	L142del	2017/12/12			11:5246846	11:5225616	15143	VCV000015143	rs30182
NM_000518.5(HBB):c.425T>G (p.Leu142Arg)	LOC107133510|LOC110006319|HBB	single nucleotide variant	not provided	G: Uncertain significance	criteria provided, single submitter	missense variant	L142R	2023/09/20			11:5246847	11:5225617	15298	VCV000015298	rs30337
NM_000518.5(HBB):c.424C>G (p.Leu142Val)	HBB|LOC107133510|LOC110006319	single nucleotide variant		G: no classification for the single variant	no classification for the single variant	missense variant	L142V				11:5246848	11:5225618	478888	VCV000478888	rs30656
NM_000518.5(HBB):c.421_422delinsAT (p.Ala141Ile)	HBB|LOC107133510|LOC110006319	Indel	Erythrocytosis, familial, 6	G: Uncertain significance	criteria provided, single submitter	missense variant	A141I				11:5246850	11:5225620	2585253	VCV002585253	rs2752815
NM_000518.4(HBB):c.422C>T (p.Ala141Val)	HBB|LOC107133510|LOC110006319	single nucleotide variant	Hemoglobinopathy	G: Pathogenic	criteria provided, single submitter	missense variant	A141V	2023/05/26			11:5246850	11:5225620	15545	VCV000015545	rs30584
NM_000518.4(HBB):c.422C>A (p.Ala141Asp)	HBB|LOC107133510|LOC110006319	single nucleotide variant	not specified	G: Uncertain significance	criteria provided, single submitter	missense variant	A141D	2018/11/09			11:5246850	11:5225620	15197	VCV000015197	rs30236
NM_000518.5(HBB):c.421G>A (p.Ala141Thr)	HBB|LOC107133510|LOC110006319	single nucleotide variant	HEMOGLOBIN SAINT JACQUES, Erythrocytosis, familial, 6	G: Pathogenic; other	no assertion criteria provided	missense variant	A141T	2017/12/12			11:5246851	11:5225621	15339	VCV000015339	rs30378
NM_000518.5(HBB):c.420T>G (p.Asn140Lys)	HBB|LOC107133510|LOC110006319	single nucleotide variant	not specified	G: Uncertain significance	criteria provided, single submitter	missense variant	N140K	2023/05/26			11:5246852	11:5225622	2506213	VCV002506213	rs2671171
NM_000518.5(HBB):c.420T>A (p.Asn140Lys)	HBB|LOC107133510|LOC110006319	single nucleotide variant	not provided	G: Likely benign	criteria provided, single submitter	missense variant	N140K	2023/11/22			11:5246852	11:5225622	15198	VCV000015198	rs30237
NM_000518.5(HBB):c.419A>T (p.Asn140Ile)	HBB|LOC107133510|LOC110006319	single nucleotide variant	not provided	G: Uncertain significance	criteria provided, single submitter	missense variant	N140I	2024/02/02			11:5246853	11:5225623	3767085	VCV003767085	rs3883247
NM_000518.5(HBB):c.419A>C (p.Asn140Thr)	HBB|LOC107133510|LOC110006319	single nucleotide variant	not provided	G: Uncertain significance	criteria provided, single submitter	missense variant	N140T	2024/05/15			11:5246853	11:5225623	15573	VCV000015573	rs30612
NM_000518.5(HBB):c.417dup (p.Asn140Ter)	LOC107133510|LOC110006319|HBB	Duplication	beta Thalassemia	G: Pathogenic	no assertion criteria provided	nonsense	N140*	2019/11/25			11:5246854	11:5225624	869317	VCV000869317	rs857433
NM_000518.4(HBB):c.418A>T (p.Asn140Tyr)	HBB|LOC107133510|LOC110006319	single nucleotide variant	HEMOGLOBIN AURORA	G: other	no assertion criteria provided	missense variant	N140Y	2017/12/12			11:5246854	11:5225624	15547	VCV000015547	rs30586
NM_000518.4(HBB):c.418A>G (p.Asn140Asp)	HBB|LOC107133510|LOC110006319	single nucleotide variant	HEMOGLOBIN GEELONG, HEMOGLOBIN JINAN	G: other	no assertion criteria provided	missense variant	N140D	2016/07/20			11:5246854	11:5225624	15182	VCV000015182	rs30221
NM_000518.5(HBB):c.415_417del (p.Ala139del)	HBB|LOC107133510|LOC110006319	Deletion	HEMOGLOBIN NIJKERK	G: other	no assertion criteria provided	inframe_deletion	A139del	2017/12/12			11:5246855	11:5225625	15567	VCV000015567	rs30606
NM_000518.5(HBB):c.416C>T (p.Ala139Val)	HBB|LOC107133510|LOC110006319	single nucleotide variant	beta Thalassemia	G: Uncertain significance	no assertion criteria provided	missense variant	A139V	2025/03/26			11:5246856	11:5225626	4069111	VCV004069111	rs4174157
NM_000518.4(HBB):c.415G>A (p.Ala139Thr)	HBB|LOC107133510|LOC110006319	single nucleotide variant	HEMOGLOBIN BUZEN	G: other	no assertion criteria provided	missense variant	A139T	2017/12/12			11:5246857	11:5225627	15606	VCV000015606	rs30645
NM_000518.4(HBB):c.415G>C (p.Ala139Pro)	HBB|LOC107133510|LOC110006319	single nucleotide variant	HEMOGLOBIN BROCKTON	G: other	no assertion criteria provided	missense variant	A139P	2017/12/12			11:5246857	11:5225627	15119	VCV000015119	rs30158
NM_000518.5(HBB):c.412G>A (p.Val138Met)	HBB|LOC107133510|LOC110006319	single nucleotide variant	not provided	G: Uncertain significance	criteria provided, single submitter	missense variant	V138M	2024/03/01			11:5246860	11:5225630	3067562	VCV003067562	rs3226857
NM_000518.4(HBB):c.410G>A (p.Gly137Asp)	HBB|LOC107133510|LOC110006319	single nucleotide variant	Beta-thalassemia HBB/LCRB, Inborn genetic diseases, not provided, not specified, beta Thalassemia	G: Conflicting classifications of pathogenicity	criteria provided, conflicting classifications	missense variant	G137D	2025/07/31			11:5246862	11:5225632	15202	VCV000015202	rs30241
NM_000518.5(HBB):c.409G>C (p.Gly137Arg)	HBB|LOC107133510|LOC110006319	single nucleotide variant	HEMOGLOBIN 'T LANGE LAND	G: other	no assertion criteria provided	missense variant	G137R	2017/12/12			11:5246863	11:5225633	15590	VCV000015590	rs30629
NM_000518.5(HBB):c.408T>C (p.Ala136=)	HBB|LOC107133510|LOC110006319	single nucleotide variant	not provided	G: Likely benign	criteria provided, single submitter	synonymous variant		2022/05/28			11:5246864	11:5225634	1999798	VCV001999798	rs2054291
NM_000518.5(HBB):c.407C>T (p.Ala136Val)	HBB|LOC107133510|LOC110006319	single nucleotide variant	not specified	G: Uncertain significance	criteria provided, single submitter	missense variant	A136V	2023/11/01			11:5246865	11:5225635	2682317	VCV002682317	rs2843348
NM_000518.5(HBB):c.397_407del (p.Lys133fs)	HBB|LOC107133510|LOC110006319	Deletion		G: no classification for the single variant	no classification for the single variant	frameshift variant	K133fs				11:5246865	11:5225635	869416	VCV000869416	rs857434
NM_000518.5(HBB):c.407C>A (p.Ala136Asp)	HBB|LOC107133510|LOC110006319	single nucleotide variant	HEMOGLOBIN BECKMAN	G: other	no assertion criteria provided	missense variant	A136D	2017/12/12			11:5246865	11:5225635	15531	VCV000015531	rs30570
NM_000518.5(HBB):c.406G>C (p.Ala136Pro)	LOC107133510|LOC110006319|HBB	single nucleotide variant	HEMOGLOBIN ALTDORF	G: other	no assertion criteria provided	missense variant	A136P	2017/12/12			11:5246866	11:5225636	15095	VCV000015095	rs30134
NM_000518.5(HBB):c.394_404del (p.Gln132fs)	HBB|LOC107133510|LOC110006319	Deletion	Dominant beta-thalassemia	G: Pathogenic	no assertion criteria provided	frameshift variant	Q132fs	2021/08/03			11:5246868	11:5225638	1189030	VCV001189030	rs1179036
NM_000518.4(HBB):c.404T>C (p.Val135Ala)	HBB|LOC107133510|LOC110006319	single nucleotide variant	not specified, not provided	G: Conflicting classifications of pathogenicity	criteria provided, conflicting classifications	missense variant	V135A	2025/12/31			11:5246868	11:5225638	15588	VCV000015588	rs30627
NM_000518.5(HBB):c.404T>A (p.Val135Glu)	HBB|LOC107133510|LOC110006319	single nucleotide variant	Hemoglobinopathy	G: Pathogenic	no assertion criteria provided	missense variant	V135E	1987/01/01			11:5246868	11:5225638	15290	VCV000015290	rs30329
NM_000518.5(HBB):c.402G>A (p.Val134=)	LOC110006319|HBB|LOC107133510	single nucleotide variant	not provided, alpha Thalassemia, METHEMOGLOBINEMIA, BETA TYPE, Heinz body anemia, Hb SS disease, Malaria, susceptibility to, Erythrocytosis, familial, 6, Dominant beta-thalassemia, Hereditary persistence of fetal hemoglobin, Beta-thalassemia HBB/LCRB, Inborn genetic diseases	G: Likely benign	criteria provided, multiple submitters, no conflicts	synonymous variant		2025/04/24			11:5246870	11:5225640	762836	VCV000762836	rs768484
NM_000518.5(HBB):c.402G>C (p.Val134=)	HBB|LOC107133510|LOC110006319	single nucleotide variant	Inborn genetic diseases, not provided, Fetal hemoglobin quantitative trait locus 1, Hemoglobin E, beta Thalassemia, Hb SS disease	G: Conflicting classifications of pathogenicity	criteria provided, conflicting classifications	synonymous variant		2026/03/01			11:5246870	11:5225640	36327	VCV000036327	rs44991
NM_000518.5(HBB):c.389_401del (p.Ala130fs)	HBB|LOC107133510|LOC110006319	Deletion	not provided	G: Likely pathogenic	criteria provided, single submitter	frameshift variant	A130fs	2021/07/13			11:5246871	11:5225641	1705956	VCV001705956	rs1704276
NM_000518.5(HBB):c.401T>C (p.Val134Ala)	HBB|LOC107133510|LOC110006319	single nucleotide variant	HEMOGLOBIN RENERT	G: other	no assertion criteria provided	missense variant	V134A	2017/12/12			11:5246871	11:5225641	15585	VCV000015585	rs30624
NM_000518.5(HBB):c.400G>T (p.Val134Leu)	HBB|LOC107133510|LOC110006319	single nucleotide variant	not specified, Erythrocytosis, familial, 6, Dominant beta-thalassemia, METHEMOGLOBINEMIA, BETA TYPE, Hereditary persistence of fetal hemoglobin, Beta-thalassemia HBB/LCRB, Hb SS disease, Malaria, susceptibility to, Heinz body anemia	G: Uncertain significance	criteria provided, multiple submitters, no conflicts	missense variant	V134L	2024/04/26			11:5246872	11:5225642	3251803	VCV003251803	rs3410600
NM_000518.5(HBB):c.400G>C (p.Val134Leu)	HBB|LOC107133510|LOC110006319	single nucleotide variant	HEMOGLOBIN EXTREMADURA	G: other	no assertion criteria provided	missense variant	V134L	2017/12/12			11:5246872	11:5225642	15164	VCV000015164	rs30203
NM_000518.5(HBB):c.399A>T (p.Lys133Asn)	HBB|LOC107133510|LOC110006319	single nucleotide variant	not specified	G: Uncertain significance	criteria provided, single submitter	missense variant	K133N	2021/01/27			11:5246873	11:5225643	1330067	VCV001330067	rs1320750
NM_000518.5(HBB):c.399A>Y (p.Lys133Asn)	HBB|LOC107133510|LOC110006319	single nucleotide variant	HEMOGLOBIN YAMAGATA	G: other	no assertion criteria provided	missense variant	K133N	2017/12/12			11:5246873	11:5225643	15392	VCV000015392	rs30431
NM_000518.5(HBB):c.396_397del (p.Lys133fs)	HBB|LOC107133510|LOC110006319	Deletion	Hemoglobinopathy, not provided	G: Likely pathogenic	criteria provided, multiple submitters, no conflicts	frameshift variant	K133fs	2025/09/12			11:5246875	11:5225645	928758	VCV000928758	rs917086
NM_000518.5(HBB):c.397A>T (p.Lys133Ter)	HBB|LOC107133510|LOC110006319	single nucleotide variant	beta Thalassemia	G: Pathogenic	no assertion criteria provided	nonsense	K133*	2019/11/25			11:5246875	11:5225645	869314	VCV000869314	rs857435
NM_000518.5(HBB):c.397A>C (p.Lys133Gln)	HBB|LOC107133510|LOC110006319	single nucleotide variant	not specified, not provided	G: Likely benign	criteria provided, multiple submitters, no conflicts	missense variant	K133Q	2025/07/30			11:5246875	11:5225645	15233	VCV000015233	rs30272
NM_000518.5(HBB):c.396G>T (p.Gln132His)	HBB|LOC107133510|LOC110006319	single nucleotide variant	beta Thalassemia	G: Uncertain significance	no assertion criteria provided	missense variant	Q132H	2025/02/10			11:5246876	11:5225646	4069116	VCV004069116	rs4174162
NM_000518.5(HBB):c.380_396del (p.Val127fs)	HBB|LOC107133510|LOC110006319	Deletion	not provided, beta Thalassemia	G: Pathogenic	criteria provided, multiple submitters, no conflicts	frameshift variant	V127fs	2025/04/08			11:5246876	11:5225646	1459872	VCV001459872	rs1481230
NM_000518.5(HBB):c.395dup (p.Lys133fs)	HBB|LOC107133510|LOC110006319	Duplication	beta Thalassemia	G: Pathogenic	no assertion criteria provided	frameshift variant	K133fs	2019/11/25			11:5246876	11:5225646	869312	VCV000869312	rs857436
NM_000518.5(HBB):c.396G>C (p.Gln132His)	HBB|LOC107133510|LOC110006319	single nucleotide variant	HEMOGLOBIN SILVER SPRINGS	G: other	no assertion criteria provided	missense variant	Q132H	2017/12/12			11:5246876	11:5225646	15564	VCV000015564	rs30603
NM_000518.4(HBB):c.395A>G (p.Gln132Arg)	HBB|LOC107133510|LOC110006319	single nucleotide variant	HEMOGLOBIN SARREBOURG	G: other	no assertion criteria provided	missense variant	Q132R	2016/07/20			11:5246877	11:5225647	15523	VCV000015523	rs30562
NM_000518.4(HBB):c.395A>C (p.Gln132Pro)	HBB|LOC107133510|LOC110006319	single nucleotide variant	not provided	G: Likely pathogenic	criteria provided, single submitter	missense variant	Q132P	2025/01/07			11:5246877	11:5225647	15348	VCV000015348	rs30387
NM_000518.5(HBB):c.394C>T (p.Gln132Ter)	HBB|LOC107133510|LOC110006319	single nucleotide variant	beta Thalassemia	G: Likely pathogenic	criteria provided, single submitter	nonsense	Q132*	2025/09/12			11:5246878	11:5225648	869311	VCV000869311	rs857437
NM_000518.5(HBB):c.394C>G (p.Gln132Glu)	HBB|LOC107133510|LOC110006319	single nucleotide variant	not specified, not provided	G: Conflicting classifications of pathogenicity	criteria provided, conflicting classifications	missense variant	Q132E	2026/03/27			11:5246878	11:5225648	439160	VCV000439160	rs432671
NM_000518.5(HBB):c.394C>A (p.Gln132Lys)	HBB|LOC107133510|LOC110006319	single nucleotide variant	not provided	G: Conflicting classifications of pathogenicity	criteria provided, conflicting classifications	missense variant	Q132K	2025/02/11			11:5246878	11:5225648	15349	VCV000015349	rs30388
NM_000518.5(HBB):c.393T>A (p.Tyr131Ter)	LOC107133510|HBB|LOC110006319	single nucleotide variant	not provided	G: Pathogenic	criteria provided, single submitter	nonsense	Y131*	2018/09/18			11:5246879	11:5225649	801192	VCV000801192	rs789496
NM_000518.5(HBB):c.392A>C (p.Tyr131Ser)	HBB|LOC107133510|LOC110006319	single nucleotide variant	HEMOGLOBIN NEVERS	G: other	no assertion criteria provided	missense variant	Y131S	2017/12/12			11:5246880	11:5225650	15284	VCV000015284	rs30323
NM_000518.5(HBB):c.391T>G (p.Tyr131Asp)	HBB|LOC107133510|LOC110006319	single nucleotide variant	HEMOGLOBIN WIEN	G: other	no assertion criteria provided	missense variant	Y131D	2017/12/12			11:5246881	11:5225651	15388	VCV000015388	rs30427
NM_000518.5(HBB):c.387_389del (p.Ala130del)	HBB|LOC107133510|LOC110006319	Deletion	not specified	G: Uncertain significance	criteria provided, single submitter	inframe_deletion	A130del	2017/06/06			11:5246883	11:5225653	439159	VCV000439159	rs432672
NM_000518.5(HBB):c.389C>T (p.Ala130Val)	HBB|LOC107133510|LOC110006319	single nucleotide variant	METHEMOGLOBINEMIA, BETA TYPE, Heinz body anemia, Malaria, susceptibility to, Beta-thalassemia HBB/LCRB, Erythrocytosis, familial, 6, Hereditary persistence of fetal hemoglobin, Hb SS disease, Dominant beta-thalassemia, Hemoglobinopathy, not provided, beta Thalassemia	G: Conflicting classifications of pathogenicity	criteria provided, conflicting classifications	missense variant	A130V	2025/12/05			11:5246883	11:5225653	15245	VCV000015245	rs30284
NM_000518.5(HBB):c.389C>A (p.Ala130Asp)	HBB|LOC107133510|LOC110006319	single nucleotide variant	HEMOGLOBIN K (CAMEROON), HEMOGLOBIN J (TAICHUNG)	G: other	no assertion criteria provided	missense variant	A130D	2017/12/12			11:5246883	11:5225653	15228	VCV000015228	rs30267
NM_000518.5(HBB):c.388G>A (p.Ala130Thr)	HBB|LOC107133510|LOC110006319	single nucleotide variant	Heinz body anemia, METHEMOGLOBINEMIA, BETA TYPE, Dominant beta-thalassemia, Erythrocytosis, familial, 6, Malaria, susceptibility to, Hereditary persistence of fetal hemoglobin, Beta-thalassemia HBB/LCRB, Hb SS disease	G: Uncertain significance	criteria provided, single submitter	missense variant	A130T	2024/02/21			11:5246884	11:5225654	3599782	VCV003599782	rs3729979
NM_000518.5(HBB):c.[385_388delinsCCACA;397_407del]	HBB|LOC107133510|LOC110006319|HBB|LOC107133510|LOC110006319	Haplotype	beta Thalassemia, Dominant beta-thalassemia	G: Pathogenic	no assertion criteria provided	frameshift variant	A129fs, K133fs	2019/11/25			11:5246884	11:5225654	869313	VCV000869313	rs30648
NM_000518.5(HBB):c.385_388delinsCCACA (p.Ala129fs)	HBB|LOC107133510|LOC110006319	Indel		G: no classification for the single variant	no classification for the single variant	frameshift variant	A129fs				11:5246884	11:5225654	15609	VCV000015609	rs30648
NM_000518.4(HBB):c.388G>C (p.Ala130Pro)	HBB|LOC107133510|LOC110006319	single nucleotide variant	not specified, not provided, beta Thalassemia	G: Conflicting classifications of pathogenicity	criteria provided, conflicting classifications	missense variant	A130P	2025/07/03			11:5246884	11:5225654	15146	VCV000015146	rs30185
NM_000518.5(HBB):c.387T>A (p.Ala129=)	HBB|LOC107133510|LOC110006319	single nucleotide variant	not provided	G: Likely benign	criteria provided, single submitter	synonymous variant		2024/01/09			11:5246885	11:5225655	991115	VCV000991115	rs979011
NM_000518.4(HBB):c.386C>T (p.Ala129Val)	HBB|LOC107133510|LOC110006319	single nucleotide variant	not specified	G: Uncertain significance	criteria provided, single submitter	missense variant	A129V	2023/04/17			11:5246886	11:5225656	15583	VCV000015583	rs30622
NM_000518.4(HBB):c.386C>A (p.Ala129Asp)	HBB|LOC107133510|LOC110006319	single nucleotide variant	not provided	G: Uncertain significance	criteria provided, single submitter	missense variant	A129D	2025/10/14			11:5246886	11:5225656	15220	VCV000015220	rs30259
NM_000518.5(HBB):c.385G>A (p.Ala129Thr)	HBB|LOC107133510|LOC110006319	single nucleotide variant	Beta-thalassemia HBB/LCRB, not specified	G: Uncertain significance	criteria provided, multiple submitters, no conflicts	missense variant	A129T	2025/07/31			11:5246887	11:5225657	3235090	VCV003235090	rs3394211
NM_000518.4(HBB):c.385G>C (p.Ala129Pro)	HBB|LOC107133510|LOC110006319	single nucleotide variant	HEMOGLOBIN MONT SAINT-AIGNAN	G: other	no assertion criteria provided	missense variant	A129P	2017/12/12			11:5246887	11:5225657	15589	VCV000015589	rs30628
NM_000518.5(HBB):c.383_385del (p.Gln128_Ala129delinsPro)	HBB|LOC107133510|LOC110006319	Deletion	BETA-PLUS-THALASSEMIA	G: Pathogenic	no assertion criteria provided	inframe_indel		1989/01/01			11:5246887	11:5225657	15410	VCV000015410	rs30449
NM_000518.5(HBB):c.384G>C (p.Gln128His)	HBB|LOC107133510|LOC110006319	single nucleotide variant	not specified, Delta-beta-thalassemia	G: Uncertain significance	criteria provided, multiple submitters, no conflicts	missense variant	Q128H	2025/04/29			11:5246888	11:5225658	1098525	VCV001098525	rs1087182
NM_000518.4(HBB):c.383A>G (p.Gln128Arg)	HBB|LOC107133510|LOC110006319	single nucleotide variant	HEMOGLOBIN DIEPPE, beta Thalassemia	G: Pathogenic; other	no assertion criteria provided	missense variant	Q128R	2019/11/25			11:5246889	11:5225659	15537	VCV000015537	rs30576
NM_000518.5(HBB):c.383A>C (p.Gln128Pro)	HBB|LOC107133510|LOC110006319	single nucleotide variant	not specified	G: Pathogenic	criteria provided, single submitter	missense variant	Q128P	2019/06/07			11:5246889	11:5225659	15409	VCV000015409	rs30448
NM_000518.5(HBB):c.382C>T (p.Gln128Ter)	HBB|LOC107133510|LOC110006319	single nucleotide variant	not provided, Dominant beta-thalassemia	G: Pathogenic	criteria provided, multiple submitters, no conflicts	nonsense	Q128*	2025/04/15			11:5246890	11:5225660	1705074	VCV001705074	rs1699606
NM_000518.4(HBB):c.382C>G (p.Gln128Glu)	HBB|LOC107133510|LOC110006319	single nucleotide variant	HEMOGLOBIN HACETTEPE, HEMOGLOBIN COMPLUTENSE	G: other	no assertion criteria provided	missense variant	Q128E	2017/12/12			11:5246890	11:5225660	15186	VCV000015186	rs30225
NM_000518.4(HBB):c.382C>A (p.Gln128Lys)	HBB|LOC107133510|LOC110006319	single nucleotide variant	HEMOGLOBIN BREST	G: other	no assertion criteria provided	missense variant	Q128K	2017/12/12			11:5246890	11:5225660	15115	VCV000015115	rs30154
NM_000518.5(HBB):c.381G>A (p.Val127=)	HBB|LOC107133510|LOC110006319	single nucleotide variant	not provided	G: Likely benign	criteria provided, single submitter	synonymous variant		2025/12/28			11:5246891	11:5225661	1142046	VCV001142046	rs1142350
NM_000518.5(HBB):c.380T>G (p.Val127Gly)	HBB|LOC107133510|LOC110006319	single nucleotide variant	Beta-thalassemia HBB/LCRB	G: Uncertain significance	reviewed by expert panel	missense variant	V127G	2026/04/30			11:5246892	11:5225662	15483	VCV000015483	rs30522
NM_000518.5(HBB):c.380T>A (p.Val127Glu)	HBB|LOC107133510|LOC110006319	single nucleotide variant	METHEMOGLOBINEMIA, BETA TYPE, Malaria, susceptibility to, Heinz body anemia, Beta-thalassemia HBB/LCRB, Erythrocytosis, familial, 6, Dominant beta-thalassemia, Hereditary persistence of fetal hemoglobin, Hb SS disease, not specified, not provided, beta Thalassemia	G: Conflicting classifications of pathogenicity	criteria provided, conflicting classifications	missense variant	V127E	2026/04/17			11:5246892	11:5225662	15201	VCV000015201	rs30240
NM_000518.5(HBB):c.380T>C (p.Val127Ala)	HBB|LOC107133510|LOC110006319	single nucleotide variant	Erythrocytosis, familial, 6, Heinz body anemia, Beta-thalassemia HBB/LCRB, Malaria, susceptibility to, Hb SS disease, Dominant beta-thalassemia, Hereditary persistence of fetal hemoglobin, METHEMOGLOBINEMIA, BETA TYPE, not specified, not provided	G: Conflicting classifications of pathogenicity	criteria provided, conflicting classifications	missense variant	V127A	2024/05/09			11:5246892	11:5225662	15106	VCV000015106	rs30145
NM_000518.5(HBB):c.378_379del (p.Val127fs)	LOC110006319|HBB|LOC107133510	Deletion	not provided	G: Likely pathogenic	criteria provided, single submitter	frameshift variant	V127fs	2020/08/19			11:5246893	11:5225663	993110	VCV000993110	rs981055
NM_000518.5(HBB):c.379G>C (p.Val127Leu)	HBB|LOC107133510|LOC110006319	single nucleotide variant	HEMOGLOBIN MOLFETTA	G: other	no assertion criteria provided	missense variant	V127L	2017/12/12			11:5246893	11:5225663	15597	VCV000015597	rs30636
NM_000518.5(HBB):c.378del (p.Val127fs)	HBB|LOC107133510|LOC110006319	Deletion	beta Thalassemia	G: Pathogenic	no assertion criteria provided	frameshift variant	V127fs	2019/11/25			11:5246894	11:5225664	869285	VCV000869285	rs857438
NM_000518.5(HBB):c.371_378del (p.Thr124fs)	LOC107133510|LOC110006319|HBB	Deletion	not specified, beta Thalassemia	G: Pathogenic	criteria provided, multiple submitters, no conflicts	frameshift variant	T124fs	2019/01/30			11:5246894	11:5225664	495998	VCV000495998	rs487421
NM_000518.5(HBB):c.378A>T (p.Pro126=)	HBB|LOC107133510|LOC110006319	single nucleotide variant	not specified	G: Likely benign	criteria provided, single submitter	synonymous variant		2017/02/21			11:5246894	11:5225664	439158	VCV000439158	rs432673
NM_000518.5(HBB):c.375dup (p.Pro126fs)	HBB|LOC107133510|LOC110006319	Duplication	beta Thalassemia	G: Likely pathogenic	criteria provided, single submitter	frameshift variant	P126fs	2024/04/18			11:5246896	11:5225666	869284	VCV000869284	rs857439
NM_000518.4(HBB):c.374C>T (p.Pro125Leu)	HBB|LOC110006319|LOC107133510	single nucleotide variant	not specified, not provided	G: Uncertain significance	criteria provided, multiple submitters, no conflicts	missense variant	P125L	2020/05/06			11:5246898	11:5225668	15569	VCV000015569	rs30608
NM_000518.4(HBB):c.374C>A (p.Pro125Gln)	HBB|LOC107133510|LOC110006319	single nucleotide variant	not provided	G: Uncertain significance	criteria provided, single submitter	missense variant	P125Q	2022/10/26			11:5246898	11:5225668	15380	VCV000015380	rs30419
NM_000518.4(HBB):c.374C>G (p.Pro125Arg)	HBB|LOC107133510|LOC110006319	single nucleotide variant	Hemoglobinopathy, not provided	G: Conflicting classifications of pathogenicity	criteria provided, conflicting classifications	missense variant	P125R	2025/03/11			11:5246898	11:5225668	15238	VCV000015238	rs30277
NM_000518.5(HBB):c.373C>A (p.Pro125Thr)	HBB|LOC107133510|LOC110006319	single nucleotide variant	beta Thalassemia	G: Benign	no assertion criteria provided	missense variant	P125T	2020/12/01			11:5246899	11:5225669	995800	VCV000995800	rs983496
NM_000518.5(HBB):c.373C>T (p.Pro125Ser)	LOC107133510|LOC110006319|HBB	single nucleotide variant	Erythrocytosis, familial, 6, Heinz body anemia, Beta-thalassemia HBB/LCRB, Malaria, susceptibility to, Hb SS disease, Dominant beta-thalassemia, Hereditary persistence of fetal hemoglobin, METHEMOGLOBINEMIA, BETA TYPE	G: Uncertain significance	criteria provided, single submitter	missense variant	P125S	2024/02/23			11:5246899	11:5225669	15379	VCV000015379	rs30418
NM_000518.5(HBB):c.372C>G (p.Thr124=)	HBB|LOC107133510|LOC110006319	single nucleotide variant	not specified, not provided	G: Likely benign	criteria provided, multiple submitters, no conflicts	synonymous variant		2023/06/07			11:5246900	11:5225670	2501083	VCV002501083	rs2523976
NM_000518.5(HBB):c.372C>A (p.Thr124=)	HBB|LOC107133510|LOC110006319	single nucleotide variant	not provided, not specified	G: Likely benign	criteria provided, multiple submitters, no conflicts	synonymous variant		2024/01/10			11:5246900	11:5225670	1321374	VCV001321374	rs1311658
NM_000518.5(HBB):c.372C>T (p.Thr124=)	HBB|LOC107133510|LOC110006319	single nucleotide variant	not provided, not specified	G: Likely benign	criteria provided, multiple submitters, no conflicts	synonymous variant		2023/05/13			11:5246900	11:5225670	1301331	VCV001301331	rs1291614
NM_000518.4(HBB):c.371C>A (p.Thr124Asn)	HBB|LOC107133510|LOC110006319	single nucleotide variant	Erythrocytosis, familial, 6, Heinz body anemia, Beta-thalassemia HBB/LCRB, Malaria, susceptibility to, Hb SS disease, Dominant beta-thalassemia, Hereditary persistence of fetal hemoglobin, METHEMOGLOBINEMIA, BETA TYPE, alpha Thalassemia, not specified, beta Thalassemia	G: Uncertain significance	criteria provided, multiple submitters, no conflicts	missense variant	T124N	2024/01/31			11:5246901	11:5225671	15584	VCV000015584	rs30623
NM_000518.4(HBB):c.371C>T (p.Thr124Ile)	HBB|LOC107133510|LOC110006319	single nucleotide variant	not specified, not provided	G: Uncertain significance	criteria provided, multiple submitters, no conflicts	missense variant	T124I	2023/03/18			11:5246901	11:5225671	15385	VCV000015385	rs30424
NM_000518.5(HBB):c.367T>C (p.Phe123Leu)	HBB|LOC107133510|LOC110006319	single nucleotide variant	HEMOGLOBIN BUSHEY	G: other	no assertion criteria provided	missense variant	F123L	2017/12/12			11:5246905	11:5225675	15580	VCV000015580	rs30619
NM_000518.4(HBB):c.365A>C (p.Glu122Ala)	HBB|LOC107133510|LOC110006319	single nucleotide variant	HEMOGLOBIN D (NEATH)	G: other	no assertion criteria provided	missense variant	E122A	2017/12/12			11:5246907	11:5225677	15534	VCV000015534	rs30573
NM_000518.4(HBB):c.365A>G (p.Glu122Gly)	HBB|LOC107133510|LOC110006319	single nucleotide variant	not specified, not provided	G: Uncertain significance	criteria provided, multiple submitters, no conflicts	missense variant	E122G	2025/10/09			11:5246907	11:5225677	15501	VCV000015501	rs30540
NM_000518.4(HBB):c.365A>T (p.Glu122Val)	HBB|LOC107133510|LOC110006319	single nucleotide variant	Erythrocytosis, familial, 6, Heinz body anemia, Beta-thalassemia HBB/LCRB, Malaria, susceptibility to, Hb SS disease, Dominant beta-thalassemia, Hereditary persistence of fetal hemoglobin, METHEMOGLOBINEMIA, BETA TYPE, not specified, not provided	G: Conflicting classifications of pathogenicity	criteria provided, conflicting classifications	missense variant	E122V	2025/11/08			11:5246907	11:5225677	15110	VCV000015110	rs30149
NM_000518.5(HBB):c.363dup (p.Glu122fs)	HBB|LOC107133510|LOC110006319	Duplication	not provided	G: Likely pathogenic	criteria provided, single submitter	frameshift variant	E122fs	2024/03/05			11:5246908	11:5225678	3572119	VCV003572119	rs3731020
NM_000518.4(HBB):c.[29C>A;364G>C]	HBB|LOC107133510|LOC110006319|HBB|LOC106099062|LOC107133510	Haplotype	HEMOGLOBIN D (AGRI)	G: other	no assertion criteria provided	missense variant	E122Q, S10Y	2017/12/12			11:5246908	11:5225678	446745	VCV000446745	rs30191
NM_000518.4(HBB):c.[280T>C;364G>C]	HBB|LOC107133510|LOC110006319|HBB|LOC106099062|LOC107133510	Haplotype	HEMOGLOBIN CLEVELAND	G: other	no assertion criteria provided	missense variant	E122Q, C94R	2017/12/12			11:5246908	11:5225678	446740	VCV000446740	rs30191
NM_000518.4(HBB):c.[364G>C;79G>A]	HBB|LOC107133510|LOC110006319|HBB|LOC106099062|LOC107133510	Haplotype	HEMOGLOBIN T (CAMBODIA)	G: other	no assertion criteria provided	missense variant	E122Q, E27K	2016/07/20			11:5246908	11:5225678	446739	VCV000446739	rs30191
NM_000518.4(HBB):c.[20A>T;364G>A]	HBB|LOC107133510|LOC110006319|HBB|LOC106099062|LOC107133510	Haplotype	Sickle cell-Hemoglobin O Arab disease	G: Pathogenic	no assertion criteria provided	missense variant	E122K, E7V	1999/04/01			11:5246908	11:5225678	446736	VCV000446736	rs30331
NM_000518.5(HBB):c.364G>T (p.Glu122Ter)	HBB|LOC107133510|LOC110006319	single nucleotide variant	not provided, Dominant beta-thalassemia, beta Thalassemia, Hb SS disease	G: Pathogenic	criteria provided, multiple submitters, no conflicts	nonsense	E122*	2025/11/23			11:5246908	11:5225678	15404	VCV000015404	rs30443
NM_000518.4(HBB):c.364G>A (p.Glu122Lys)	HBB|LOC107133510|LOC110006319	single nucleotide variant	METHEMOGLOBINEMIA, BETA TYPE, Heinz body anemia, Hb SS disease, alpha Thalassemia, Beta-thalassemia HBB/LCRB, Erythrocytosis, familial, 6, Malaria, susceptibility to, Dominant beta-thalassemia, Hereditary persistence of fetal hemoglobin, Sickle cell-Hemoglobin O Arab disease, not provided, beta Thalassemia	G: Pathogenic/Likely pathogenic	criteria provided, multiple submitters, no conflicts	missense variant	E122K	2025/09/04			11:5246908	11:5225678	15292	VCV000015292	rs30331
NM_000518.4(HBB):c.364G>C (p.Glu122Gln)	HBB|LOC107133510|LOC110006319	single nucleotide variant	Beta-thalassemia HBB/LCRB, Hemoglobin D disease, METHEMOGLOBINEMIA, BETA TYPE, Heinz body anemia, Hb SS disease, Erythrocytosis, familial, 6, Malaria, susceptibility to, Dominant beta-thalassemia, Hereditary persistence of fetal hemoglobin, HBB-related disorder, not provided, beta Thalassemia	G: Pathogenic/Likely pathogenic	criteria provided, multiple submitters, no conflicts	missense variant	E122Q	2026/02/24			11:5246908	11:5225678	15152	VCV000015152	rs30191
NM_000518.5(HBB):c.363A>G (p.Lys121=)	HBB|LOC107133510|LOC110006319	single nucleotide variant	not provided	G: Likely benign	criteria provided, single submitter	synonymous variant		2020/10/23			11:5246909	11:5225679	1120940	VCV001120940	rs1121478
NM_000518.5(HBB):c.363A>C (p.Lys121Asn)	HBB|LOC107133510|LOC110006319	single nucleotide variant	not specified, not provided	G: Benign/Likely benign	criteria provided, multiple submitters, no conflicts	missense variant	K121N	2025/06/12			11:5246909	11:5225679	15329	VCV000015329	rs30368
NM_000518.5(HBB):c.362A>T (p.Lys121Ile)	HBB|LOC107133510|LOC110006319	single nucleotide variant	HEMOGLOBIN JIANGHUA	G: other	no assertion criteria provided	missense variant	K121I	2017/12/12			11:5246910	11:5225680	15229	VCV000015229	rs30268
NM_000518.4(HBB):c.361A>C (p.Lys121Gln)	HBB|LOC107133510|LOC110006319	single nucleotide variant	HEMOGLOBIN TAKAMATSU	G: other	no assertion criteria provided	missense variant	K121Q	2017/12/12			11:5246911	11:5225681	15370	VCV000015370	rs30409
NM_000518.4(HBB):c.361A>G (p.Lys121Glu)	HBB|LOC107133510|LOC110006319	single nucleotide variant	not provided	G: Uncertain significance	criteria provided, single submitter	missense variant	K121E	2024/01/29			11:5246911	11:5225681	15195	VCV000015195	rs30234
NM_000518.4(HBB):c.[334G>C;359G>A]	HBB|LOC107133510|LOC110006319|HBB|LOC107133510|LOC110006319	Haplotype	HEMOGLOBIN FANNIN-LUBBOCK	G: other	no assertion criteria provided	missense variant	G120D, V112L	2017/12/12			11:5246913	11:5225683	446732	VCV000446732	rs38469
NM_000518.5(HBB):c.359G>A (p.Gly120Asp)	HBB|LOC107133510|LOC110006319	single nucleotide variant	not specified, not provided	G: Conflicting classifications of pathogenicity	criteria provided, conflicting classifications	missense variant	G120D	2025/10/28			11:5246913	11:5225683	242712	VCV000242712	rs38469
NM_000518.4(HBB):c.359G>C (p.Gly120Ala)	HBB|LOC107133510|LOC110006319	single nucleotide variant	HEMOGLOBIN IOWA	G: other	no assertion criteria provided	missense variant	G120A	2017/12/12			11:5246913	11:5225683	15484	VCV000015484	rs30523
NM_000518.4(HBB):c.359G>T (p.Gly120Val)	HBB|LOC110006319|LOC107133510	single nucleotide variant	HEMOGLOBIN BOUGARDIREY-MALI	G: other	no assertion criteria provided	missense variant	G120V	2017/12/12			11:5246913	11:5225683	15109	VCV000015109	rs30148
NM_000518.5(HBB):c.358G>A (p.Gly120Ser)	HBB|LOC107133510|LOC110006319	single nucleotide variant	not specified	G: Uncertain significance	criteria provided, single submitter	missense variant	G120S	2026/05/13			11:5246914	11:5225684	4853115	VCV004853115	rs4964058
NM_000518.5(HBB):c.357T>C (p.Phe119=)	LOC110006319|HBB|LOC107133510	single nucleotide variant	not provided	G: Likely benign	criteria provided, single submitter	synonymous variant		2021/12/18			11:5246915	11:5225685	2045808	VCV002045808	rs2099816
NM_000518.4(HBB):c.356T>G (p.Phe119Cys)	HBB|LOC107133510|LOC110006319	single nucleotide variant	HEMOGLOBIN HARROW	G: other	no assertion criteria provided	missense variant	F119C	2017/12/12			11:5246916	11:5225686	15574	VCV000015574	rs30613
NM_000518.4(HBB):c.356T>A (p.Phe119Tyr)	HBB|LOC107133510|LOC110006319	single nucleotide variant	HEMOGLOBIN MINNEAPOLIS-LAOS	G: other	no assertion criteria provided	missense variant	F119Y	2017/12/12			11:5246916	11:5225686	15266	VCV000015266	rs30305
NM_000518.5(HBB):c.354C>T (p.His118=)	HBB|LOC107133510|LOC110006319	single nucleotide variant	not provided	G: Likely benign	criteria provided, single submitter	synonymous variant		2023/03/09			11:5246918	11:5225688	2844469	VCV002844469	rs3008110
NM_000518.5(HBB):c.354del (p.Phe119fs)	HBB|LOC107133510|LOC110006319	Deletion	beta Thalassemia	G: Pathogenic	no assertion criteria provided	frameshift variant	F119fs	2019/11/25			11:5246918	11:5225688	869283	VCV000869283	rs857440
NM_000518.5(HBB):c.353A>G (p.His118Arg)	HBB|LOC107133510|LOC110006319	single nucleotide variant	not specified, not provided	G: Conflicting classifications of pathogenicity	criteria provided, conflicting classifications	missense variant	H118R	2025/01/13			11:5246919	11:5225689	36324	VCV000036324	rs44988
NM_000518.5(HBB):c.351T>C (p.His117=)	LOC107133510|HBB|LOC110006319	single nucleotide variant	not specified	G: Likely benign	criteria provided, single submitter	synonymous variant		2020/01/07			11:5246921	11:5225691	917608	VCV000917608	rs905926
NM_000518.5(HBB):c.351T>A (p.His117Gln)	HBB|LOC107133510|LOC110006319	single nucleotide variant	not specified	G: Uncertain significance	criteria provided, single submitter	missense variant	H117Q	2017/06/20			11:5246921	11:5225691	439157	VCV000439157	rs432674
NM_000518.5(HBB):c.351T>R (p.His117Gln)	HBB|LOC107133510|LOC110006319	single nucleotide variant	HEMOGLOBIN HAFNIA	G: other	no assertion criteria provided	missense variant	H117Q	2017/12/12			11:5246921	11:5225691	15187	VCV000015187	rs30226
NM_000518.5(HBB):c.349_350insTGAT (p.His117fs)	LOC107133510|HBB|LOC110006319	Insertion	beta Thalassemia	G: Pathogenic	no assertion criteria provided	frameshift variant	H117fs	2019/11/25			11:5246922	11:5225692	869282	VCV000869282	rs857441
NM_000518.5(HBB):c.350A>C (p.His117Pro)	HBB|LOC107133510|LOC110006319	single nucleotide variant	HEMOGLOBIN SAITAMA	G: other	no assertion criteria provided	missense variant	H117P	2017/12/12			11:5246922	11:5225692	15340	VCV000015340	rs30379
NM_000518.5(HBB):c.350A>G (p.His117Arg)	HBB|LOC107133510|LOC110006319	single nucleotide variant	HEMOGLOBIN P, HEMOGLOBIN P (GALVESTON), beta Thalassemia	G: Uncertain significance; other	no assertion criteria provided	missense variant	H117R	2025/03/10			11:5246922	11:5225692	15303	VCV000015303	rs30342
NM_000518.5(HBB):c.348_349delinsG (p.His117fs)	HBB|LOC107133510|LOC110006319	Indel	beta Thalassemia	G: Likely pathogenic	criteria provided, single submitter	frameshift variant	H117fs	2025/01/06			11:5246923	11:5225693	3769274	VCV003769274	rs3885428
NM_000518.5(HBB):c.345_348dup (p.His117fs)	HBB|LOC107133510|LOC110006319	Duplication	Hemoglobinopathy	G: Pathogenic	criteria provided, single submitter	frameshift variant	H117fs	2023/12/21			11:5246923	11:5225693	2691364	VCV002691364	rs2852391
NM_000518.5(HBB):c.349C>T (p.His117Tyr)	HBB|LOC107133510|LOC110006319	single nucleotide variant	not provided	G: Likely benign	criteria provided, single submitter	missense variant	H117Y	2025/06/11			11:5246923	11:5225693	15582	VCV000015582	rs30621
NM_000518.5(HBB):c.348C>T (p.Ala116=)	HBB|LOC107133510|LOC110006319	single nucleotide variant	not provided	G: Likely benign	criteria provided, single submitter	synonymous variant		2023/08/16			11:5246924	11:5225694	2752834	VCV002752834	rs2913575
NM_000518.5(HBB):c.347C>T (p.Ala116Val)	HBB|LOC107133510|LOC110006319	single nucleotide variant	not specified	G: Uncertain significance	criteria provided, single submitter	missense variant	A116V	2025/05/20			11:5246925	11:5225695	3902791	VCV003902791	rs4018659
NM_000518.5(HBB):c.347C>A (p.Ala116Asp)	HBB|LOC107133510|LOC110006319	single nucleotide variant	not provided, Dominant beta-thalassemia	G: Pathogenic	criteria provided, multiple submitters, no conflicts	missense variant	A116D	2025/05/20			11:5246925	11:5225695	15526	VCV000015526	rs30565
NM_000518.5(HBB):c.346del (p.Ala116fs)	LOC110006319|HBB|LOC107133510	Deletion	Dominant beta-thalassemia	G: Pathogenic	criteria provided, single submitter	frameshift variant	A116fs	2025/01/14			11:5246926	11:5225696	4531951	VCV004531951	rs4643424
NM_000518.5(HBB):c.339_345dup (p.Ala116fs)	HBB|LOC107133510|LOC110006319	Duplication	beta Thalassemia	G: Pathogenic	no assertion criteria provided	frameshift variant	A116fs	2019/11/25			11:5246926	11:5225696	869279	VCV000869279	rs857442
NM_000518.5(HBB):c.346G>C (p.Ala116Pro)	HBB|LOC107133510|LOC110006319	single nucleotide variant	Dominant beta-thalassemia	G: Pathogenic	criteria provided, single submitter	missense variant	A116P	2025/05/20			11:5246926	11:5225696	15257	VCV000015257	rs30296
NM_000518.5(HBB):c.345G>A (p.Leu115=)	HBB|LOC107133510|LOC110006319	single nucleotide variant	not provided	G: Likely benign	criteria provided, single submitter	synonymous variant		2025/12/27			11:5246927	11:5225697	4753219	VCV004753219	rs4862825
NM_000518.5(HBB):c.344T>C (p.Leu115Pro)	HBB|LOC107133510|LOC110006319	single nucleotide variant	METHEMOGLOBINEMIA, BETA TYPE, Hb SS disease, Dominant beta-thalassemia, Malaria, susceptibility to, Heinz body anemia, Beta-thalassemia HBB/LCRB, Erythrocytosis, familial, 6, Hereditary persistence of fetal hemoglobin, not provided	G: Pathogenic/Likely pathogenic	criteria provided, multiple submitters, no conflicts	missense variant	L115P	2026/02/23			11:5246928	11:5225698	15513	VCV000015513	rs30552
NM_000518.5(HBB):c.343_344delinsG (p.Leu115fs)	HBB|LOC107133510|LOC110006319	Indel	Beta zero thalassemia	G: Pathogenic	no assertion criteria provided	frameshift variant	L115fs	1988/08/01			11:5246928	11:5225698	15425	VCV000015425	rs30464
NM_000518.5(HBB):c.343C>T (p.Leu115=)	HBB|LOC107133510|LOC110006319	single nucleotide variant	beta Thalassemia	G: Uncertain significance	no assertion criteria provided	synonymous variant		2025/02/28			11:5246929	11:5225699	4069115	VCV004069115	rs4174161
NM_000518.5(HBB):c.342dup (p.Leu115fs)	HBB|LOC107133510|LOC110006319	Duplication	not provided	G: Pathogenic	criteria provided, single submitter	frameshift variant	L115fs	2022/12/09			11:5246929	11:5225699	2681990	VCV002681990	rs2843023
NM_000518.4(HBB):c.[343C>A;359G>A]	HBB|LOC107133510|LOC110006319|HBB|LOC107133510|LOC110006319	Haplotype	HEMOGLOBIN MASUDA	G: other	no assertion criteria provided	missense variant	L115M, G120D	2017/12/12			11:5246929	11:5225699	446733	VCV000446733	rs30525
NM_000518.5(HBB):c.343C>A (p.Leu115Met)	HBB|LOC107133510|LOC110006319	single nucleotide variant	beta Thalassemia	G: Likely pathogenic	criteria provided, single submitter	missense variant	L115M	2025/09/02			11:5246929	11:5225699	15486	VCV000015486	rs30525
NM_000518.5(HBB):c.341T>A (p.Val114Glu)	HBB|LOC107133510|LOC110006319	single nucleotide variant	Erythrocytosis, familial, 6, Heinz body anemia, Beta-thalassemia HBB/LCRB, Malaria, susceptibility to, Hb SS disease, Dominant beta-thalassemia, Hereditary persistence of fetal hemoglobin, METHEMOGLOBINEMIA, BETA TYPE, not provided, not specified	G: Conflicting classifications of pathogenicity	criteria provided, conflicting classifications	missense variant	V114E	2024/11/27			11:5246931	11:5225701	15286	VCV000015286	rs30325
NM_000518.5(HBB):c.340del (p.Val114fs)	HBB|LOC107133510|LOC110006319	Deletion	Dominant beta-thalassemia	G: Pathogenic	no assertion criteria provided	frameshift variant	V114fs	2002/02/01			11:5246932	11:5225702	15600	VCV000015600	rs30639
NM_000518.5(HBB):c.339T>C (p.Cys113=)	HBB|LOC107133510|LOC110006319	single nucleotide variant	not provided	G: Likely benign	criteria provided, single submitter	synonymous variant		2023/02/20			11:5246933	11:5225703	2873194	VCV002873194	rs3035068
NM_000518.5(HBB):c.339T>A (p.Cys113Ter)	HBB|LOC107133510|LOC110006319	single nucleotide variant	beta Thalassemia	G: Pathogenic	no assertion criteria provided	nonsense	C113*	2019/11/25			11:5246933	11:5225703	869280	VCV000869280	rs857443
NM_000518.4(HBB):c.338G>T (p.Cys113Phe)	HBB|LOC107133510|LOC110006319	single nucleotide variant	HEMOGLOBIN CANTERBURY	G: other	no assertion criteria provided	missense variant	C113F	2017/12/12			11:5246934	11:5225704	15595	VCV000015595	rs30634
NM_000518.4(HBB):c.338G>A (p.Cys113Tyr)	HBB|LOC107133510|LOC110006319	single nucleotide variant	HEMOGLOBIN YAHATA	G: other	no assertion criteria provided	missense variant	C113Y	2017/12/12			11:5246934	11:5225704	15502	VCV000015502	rs30541
NM_000518.5(HBB):c.337T>C (p.Cys113Arg)	HBB|LOC107133510|LOC110006319	single nucleotide variant	HEMOGLOBIN INDIANAPOLIS, Heinz body anemia	G: Pathogenic; other	no assertion criteria provided	missense variant	C113R	1994/02/15			11:5246935	11:5225705	15207	VCV000015207	rs30246
NM_000518.5(HBB):c.336C>A (p.Val112=)	HBB|LOC107133510|LOC110006319	single nucleotide variant	beta Thalassemia	G: Uncertain significance	no assertion criteria provided	synonymous variant		2025/02/10			11:5246936	11:5225706	4069117	VCV004069117	rs4174163
NM_000518.5(HBB):c.336C>T (p.Val112=)	HBB|LOC107133510|LOC110006319	single nucleotide variant	not provided	G: Likely benign	criteria provided, single submitter	synonymous variant		2022/12/04			11:5246936	11:5225706	1552953	VCV001552953	rs1639558
NM_000518.5(HBB):c.335T>C (p.Val112Ala)	HBB|LOC107133510|LOC110006319	single nucleotide variant	HEMOGLOBIN STANMORE	G: other	no assertion criteria provided	missense variant	V112A	2016/07/20			11:5246937	11:5225707	15357	VCV000015357	rs30396
NM_000518.5(HBB):c.334G>C (p.Val112Leu)	HBB|LOC107133510|LOC110006319	single nucleotide variant	not provided, not specified	G: Conflicting classifications of pathogenicity	criteria provided, conflicting classifications	missense variant	V112L	2024/09/18			11:5246938	11:5225708	478878	VCV000478878	rs30204
NM_000518.4(HBB):c.334G>T (p.Val112Phe)	HBB|LOC107133510|LOC110006319	single nucleotide variant	HEMOGLOBIN PETERBOROUGH	G: other	no assertion criteria provided	missense variant	V112F	2017/12/12			11:5246938	11:5225708	15309	VCV000015309	rs30348
NM_000518.5(HBB):c.333G>A (p.Leu111=)	HBB|LOC107133510|LOC110006319	single nucleotide variant	not provided, not specified	G: Conflicting classifications of pathogenicity	criteria provided, conflicting classifications	synonymous variant		2025/12/01			11:5246939	11:5225709	801191	VCV000801191	rs789497
NM_000518.5(HBB):c.332T>A (p.Leu111Gln)	HBB|LOC107133510|LOC110006319	single nucleotide variant	not provided	G: Uncertain significance	criteria provided, single submitter	missense variant	L111Q	2024/05/15			11:5246940	11:5225710	3572118	VCV003572118	rs3731019
NM_000518.4(HBB):c.332T>C (p.Leu111Pro)	HBB|LOC107133510|LOC110006319	single nucleotide variant	not provided, beta Thalassemia, Hb SS disease	G: Pathogenic	criteria provided, multiple submitters, no conflicts	missense variant	L111P	2025/08/04			11:5246940	11:5225710	15352	VCV000015352	rs30391
NM_000518.5(HBB):c.331del (p.Leu111fs)	HBB|LOC107133510|LOC110006319	Deletion	not provided	G: Likely pathogenic	criteria provided, single submitter	frameshift variant	L111fs	2025/12/29			11:5246941	11:5225711	4539279	VCV004539279	rs4650796
NM_000518.5(HBB):c.331C>T (p.Leu111=)	LOC110006319|HBB|LOC107133510	single nucleotide variant	not provided	G: Likely benign	criteria provided, single submitter	synonymous variant		2022/05/21			11:5246941	11:5225711	1997274	VCV001997274	rs2060356
NM_000518.5(HBB):c.330G>T (p.Val110=)	HBB|LOC107133510|LOC110006319	single nucleotide variant	beta Thalassemia	G: Uncertain significance	no assertion criteria provided	synonymous variant		2025/05/05			11:5246942	11:5225712	4069106	VCV004069106	rs4174152
NM_000518.5(HBB):c.330G>A (p.Val110=)	HBB|LOC107133510|LOC110006319	single nucleotide variant	not provided	G: Likely benign	criteria provided, single submitter	synonymous variant		2020/01/31			11:5246942	11:5225712	1161533	VCV001161533	rs1142351
NM_000518.5(HBB):c.328del (p.Val110fs)	HBB|LOC107133510|LOC110006319	Deletion	HEMOGLOBIN MANHATTAN, Beta zero thalassemia	G: Pathogenic; other	no assertion criteria provided	frameshift variant	V110fs	2017/12/12			11:5246944	11:5225714	15430	VCV000015430	rs30469
NM_000518.5(HBB):c.328G>A (p.Val110Met)	HBB|LOC107133510|LOC110006319	single nucleotide variant	Hemoglobinopathy, not provided	G: Pathogenic	criteria provided, multiple submitters, no conflicts	missense variant	V110M	2024/08/20			11:5246944	11:5225714	15342	VCV000015342	rs30381
NM_000518.5(HBB):c.328G>C (p.Val110Leu)	HBB|LOC107133510|LOC110006319	single nucleotide variant	not provided	G: Pathogenic	criteria provided, single submitter	missense variant	V110L	2019/09/04			11:5246944	11:5225714	15230	VCV000015230	rs30269
NM_000518.5(HBB):c.327C>A (p.Asn109Lys)	HBB|LOC107133510|LOC110006319	single nucleotide variant	Hemoglobinopathy	G: Likely pathogenic	criteria provided, single submitter	missense variant	N109K	2026/03/26			11:5246945	11:5225715	4847669	VCV004847669	rs4958729
NM_000518.5(HBB):c.327del (p.Asn109fs)	HBB|LOC107133510|LOC110006319	Deletion	beta Thalassemia	G: Likely pathogenic	criteria provided, single submitter	frameshift variant	N109fs	2025/12/01			11:5246945	11:5225715	4818703	VCV004818703	rs4926391
NM_000518.5(HBB):c.327C>G (p.Asn109Lys)	HBB|LOC107133510|LOC110006319	single nucleotide variant	beta Thalassemia, Malaria, susceptibility to, METHEMOGLOBINEMIA, BETA TYPE, Hereditary persistence of fetal hemoglobin, Dominant beta-thalassemia, Erythrocytosis, familial, 6, Beta-thalassemia HBB/LCRB, Hb SS disease, Heinz body anemia, not provided	G: Likely pathogenic	criteria provided, multiple submitters, no conflicts	missense variant	N109K	2026/03/26			11:5246945	11:5225715	3336287	VCV003336287	rs3494966
NM_000518.5(HBB):c.327C>T (p.Asn109=)	LOC107133510|LOC110006319|HBB	single nucleotide variant	not provided, not specified	G: Likely benign	criteria provided, multiple submitters, no conflicts	synonymous variant		2025/12/03			11:5246945	11:5225715	495997	VCV000495997	rs487519
NM_000518.5(HBB):c.327C>R (p.Asn109Lys)	HBB|LOC107133510|LOC110006319	single nucleotide variant	HEMOGLOBIN PRESBYTERIAN	G: other	no assertion criteria provided	missense variant	N109K	2017/12/12			11:5246945	11:5225715	15318	VCV000015318	rs30357
NM_000518.5(HBB):c.326A>T (p.Asn109Ile)	LOC110006319|LOC107133510|HBB	single nucleotide variant	not provided	G: Uncertain significance	criteria provided, single submitter	missense variant	N109I	2025/05/19			11:5246946	11:5225716	4532969	VCV004532969	rs4644451
NM_000518.5(HBB):c.325A>C (p.Asn109His)	LOC110006319|HBB|LOC107133510	single nucleotide variant	not specified	G: Uncertain significance	criteria provided, single submitter	missense variant	N109H	2025/10/21			11:5246947	11:5225717	4687131	VCV004687131	rs4798601
NM_000518.5(HBB):c.325A>G (p.Asn109Asp)	HBB|LOC107133510|LOC110006319	single nucleotide variant	HEMOGLOBIN YOSHIZUKA	G: other	no assertion criteria provided	missense variant	N109D	2017/12/12			11:5246947	11:5225717	15396	VCV000015396	rs30435
NM_000518.5(HBB):c.323dup (p.Asn109fs)	HBB|LOC107133510|LOC110006319	Duplication	HBB-related disorder, not provided, Dominant beta-thalassemia, Beta-thalassemia HBB/LCRB, Heinz body anemia, METHEMOGLOBINEMIA, BETA TYPE, Erythrocytosis, familial, 6, Hb SS disease, Malaria, susceptibility to, Hereditary persistence of fetal hemoglobin, beta Thalassemia	G: Pathogenic	criteria provided, multiple submitters, no conflicts	frameshift variant	N109fs	2025/12/08			11:5246948	11:5225718	439153	VCV000439153	rs432675
NM_000518.5(HBB):c.324C>T (p.Gly108=)	HBB|LOC107133510|LOC110006319	single nucleotide variant	METHEMOGLOBINEMIA, BETA TYPE, Heinz body anemia, Beta-thalassemia HBB/LCRB, Hereditary persistence of fetal hemoglobin, Malaria, susceptibility to, Erythrocytosis, familial, 6, Dominant beta-thalassemia, Hb SS disease, Inborn genetic diseases, not provided, not specified, Fetal hemoglobin quantitative trait locus 1, Hemoglobin E, beta Thalassemia	G: Conflicting classifications of pathogenicity	criteria provided, conflicting classifications	synonymous variant		2025/11/18			11:5246948	11:5225718	36322	VCV000036322	rs44986
NM_000518.5(HBB):c.323G>A (p.Gly108Asp)	HBB|LOC107133510|LOC110006319	single nucleotide variant	beta Thalassemia, not provided	G: Likely pathogenic	criteria provided, multiple submitters, no conflicts	missense variant	G108D	2025/08/04			11:5246949	11:5225719	2735520	VCV002735520	rs2901543
NM_000518.5(HBB):c.323G>T (p.Gly108Val)	HBB|LOC107133510|LOC110006319	single nucleotide variant	not specified	G: Uncertain significance	criteria provided, single submitter	missense variant	G108V	2018/11/05			11:5246949	11:5225719	633260	VCV000633260	rs621359
NM_000518.5(HBB):c.322G>C (p.Gly108Arg)	HBB|LOC107133510|LOC110006319	single nucleotide variant	HEMOGLOBIN BURKE	G: other	no assertion criteria provided	missense variant	G108R	2017/12/12			11:5246950	11:5225720	15124	VCV000015124	rs30163
NM_000518.4(HBB):c.320T>G (p.Leu107Arg)	HBB|LOC107133510|LOC110006319	single nucleotide variant	HEMOGLOBIN TERRE HAUTE, BETA-PLUS-THALASSEMIA	G: Pathogenic; other	no assertion criteria provided	missense variant	L107R	2017/12/12			11:5246952	11:5225722	15487	VCV000015487	rs30526
NM_000518.4(HBB):c.320T>A (p.Leu107Gln)	HBB|LOC107133510|LOC110006319	single nucleotide variant	METHEMOGLOBINEMIA, BETA TYPE	G: Pathogenic	criteria provided, single submitter	missense variant	L107Q	2023/05/20			11:5246952	11:5225722	15378	VCV000015378	rs30417
NM_000518.4(HBB):c.320T>C (p.Leu107Pro)	HBB|LOC107133510|LOC110006319	single nucleotide variant	Beta-thalassemia HBB/LCRB, Hemolytic anemia	G: Pathogenic/Likely pathogenic	criteria provided, multiple submitters, no conflicts	missense variant	L107P	2026/06/05			11:5246952	11:5225722	15356	VCV000015356	rs30395
NM_000518.5(HBB):c.319C>G (p.Leu107Val)	HBB|LOC107133510|LOC110006319	single nucleotide variant	not provided	G: Uncertain significance	criteria provided, single submitter	missense variant	L107V	2023/04/25			11:5246953	11:5225723	869278	VCV000869278	rs857444
NM_000518.5(HBB):c.316C>T (p.Leu106Phe)	HBB|LOC107133510|LOC110006319	single nucleotide variant	not specified	G: Uncertain significance	criteria provided, single submitter	missense variant	L106F	2017/02/15			11:5246956	11:5225726	15480	VCV000015480	rs30519
NM_000518.5(HBB):c.316-1del	LOC107133510|LOC110006319|HBB	Deletion	not provided	G: Pathogenic	criteria provided, single submitter	splice acceptor variant		2026/02/23			11:5246957	11:5225727	869234	VCV000869234	rs857555
NM_000518.5(HBB):c.316-1G>A	LOC110006319|HBB|LOC107133510	single nucleotide variant	not provided, beta Thalassemia	G: Pathogenic/Likely pathogenic	criteria provided, multiple submitters, no conflicts	splice acceptor variant		2024/10/22			11:5246957	11:5225727	552712	VCV000552712	rs546034
NM_000518.5(HBB):c.316-1G>T	HBB|LOC107133510|LOC110006319	single nucleotide variant	not provided, beta Thalassemia	G: Likely pathogenic	criteria provided, multiple submitters, no conflicts	splice acceptor variant		2024/10/18			11:5246957	11:5225727	38671	VCV000038671	rs47276
NM_000518.5(HBB):c.316-1G>C	HBB|LOC107133510|LOC110006319	single nucleotide variant	not provided	G: Pathogenic	criteria provided, single submitter	splice acceptor variant		2021/05/28			11:5246957	11:5225727	15512	VCV000015512	rs30551
NM_000518.5(HBB):c.316-2A>G	LOC107133510|LOC110006319|HBB	single nucleotide variant	METHEMOGLOBINEMIA, BETA TYPE, Heinz body anemia, Beta-thalassemia HBB/LCRB, Hereditary persistence of fetal hemoglobin, Malaria, susceptibility to, alpha Thalassemia, Erythrocytosis, familial, 6, Dominant beta-thalassemia, Hb SS disease, not provided, beta Thalassemia	G: Pathogenic	criteria provided, multiple submitters, no conflicts	splice acceptor variant		2025/12/30			11:5246958	11:5225728	21191	VCV000021191	rs34043
NM_000518.5(HBB):c.316-2A>C	HBB|LOC107133510|LOC110006319	single nucleotide variant	not provided, Beta-thalassemia major, beta Thalassemia	G: Pathogenic	criteria provided, multiple submitters, no conflicts	splice acceptor variant		2025/02/03			11:5246958	11:5225728	21190	VCV000021190	rs34042
NM_000518.5(HBB):c.316-3C>T	HBB|LOC107133510|LOC110006319	single nucleotide variant	Hb SS disease, Heinz body anemia, METHEMOGLOBINEMIA, BETA TYPE, Hereditary persistence of fetal hemoglobin, Erythrocytosis, familial, 6, alpha Thalassemia, Malaria, susceptibility to, Dominant beta-thalassemia, Beta-thalassemia HBB/LCRB, not provided	G: Uncertain significance	criteria provided, multiple submitters, no conflicts	intron variant		2022/06/26			11:5246959	11:5225729	1330020	VCV001330020	rs1320703
NM_000518.5(HBB):c.316-3C>G	HBB|LOC107133510|LOC110006319	single nucleotide variant	not provided	G: Likely pathogenic	criteria provided, single submitter	intron variant		2018/04/27			11:5246959	11:5225729	619687	VCV000619687	rs611303
NM_000518.5(HBB):c.316-3C>A	LOC107133510|LOC110006319|HBB	single nucleotide variant	Erythrocytosis, familial, 6, Heinz body anemia, Malaria, susceptibility to, alpha Thalassemia, Beta-thalassemia HBB/LCRB, Hereditary persistence of fetal hemoglobin, METHEMOGLOBINEMIA, BETA TYPE, Hb SS disease, Dominant beta-thalassemia, HBB-related disorder, not provided, beta Thalassemia, Beta thalassemia intermedia	G: Pathogenic/Likely pathogenic	criteria provided, multiple submitters, no conflicts	intron variant		2025/09/01			11:5246959	11:5225729	15451	VCV000015451	rs30490
NM_000518.5(HBB):c.316-4A>G	HBB|LOC107133510|LOC110006319	single nucleotide variant	not provided	G: Likely benign	criteria provided, single submitter	intron variant		2026/01/13			11:5246960	11:5225730	4798543	VCV004798543	rs4911901
NM_000518.5(HBB):c.316-12_316-7delinsCTCCTA	HBB|LOC107133510|LOC110006319	Indel	beta Thalassemia	G: Pathogenic	criteria provided, single submitter	intron variant		2026/04/20			11:5246963	11:5225733	4848400	VCV004848400	rs4959459
NM_000518.5(HBB):c.316-7C>T	HBB|LOC107133510|LOC110006319	single nucleotide variant	not provided	G: Uncertain significance	criteria provided, single submitter	intron variant		2023/01/09			11:5246963	11:5225733	2681989	VCV002681989	rs2843022
NM_000518.4(HBB):c.[316-12T>C;316-7C>A]	HBB|LOC107133510|LOC110006319|HBB|LOC107133510|LOC110006319	Haplotype	beta Thalassemia	G: Pathogenic	criteria provided, single submitter	intron variant		2023/04/06			11:5246963	11:5225733	869111	VCV000869111	rs546448
NM_000518.5(HBB):c.316-7C>A	HBB|LOC107133510|LOC110006319	single nucleotide variant	not specified, Hb SS disease, beta Thalassemia, not provided	G: Conflicting classifications of pathogenicity	criteria provided, conflicting classifications	intron variant		2026/04/20			11:5246963	11:5225733	551906	VCV000551906	rs546448
NM_000518.5(HBB):c.316-7C>G	HBB|LOC107133510|LOC110006319	single nucleotide variant	not specified, not provided	G: Conflicting classifications of pathogenicity	criteria provided, conflicting classifications	intron variant		2022/03/08			11:5246963	11:5225733	393706	VCV000393706	rs380593
NM_000518.5(HBB):c.316-8T>G	HBB|LOC107133510|LOC110006319	single nucleotide variant	not provided	G: Likely benign	criteria provided, single submitter	intron variant		2023/06/23			11:5246964	11:5225734	15453	VCV000015453	rs30492
NM_000518.5(HBB):c.316-9C>T	HBB|LOC107133510|LOC110006319	single nucleotide variant	not provided	G: Likely benign	criteria provided, single submitter	intron variant		2023/01/16			11:5246965	11:5225735	2789444	VCV002789444	rs2953173
NM_000518.5(HBB):c.316-9C>G	HBB|LOC107133510|LOC110006319	single nucleotide variant	not provided	G: Likely benign	criteria provided, single submitter	intron variant		2021/08/27			11:5246965	11:5225735	1583301	VCV001583301	rs1600999
NM_000518.5(HBB):c.316-10C>A	HBB|LOC107133510|LOC110006319	single nucleotide variant	not provided	G: Likely benign	criteria provided, single submitter	intron variant		2019/02/20			11:5246966	11:5225736	1117784	VCV001117784	rs1100006
NM_000518.5(HBB):c.316-11T>C	HBB|LOC107133510|LOC110006319	single nucleotide variant	not provided	G: Likely benign	criteria provided, single submitter	intron variant		2020/03/14			11:5246967	11:5225737	1121225	VCV001121225	rs1121479
NM_000518.5(HBB):c.316-12T>C	HBB|LOC107133510|LOC110006319	single nucleotide variant	not specified, not provided	G: Conflicting classifications of pathogenicity	criteria provided, conflicting classifications	intron variant		2025/12/21			11:5246968	11:5225738	810861	VCV000810861	rs799648
NM_000518.5(HBB):c.316-13C>T	HBB|LOC107133510|LOC110006319	single nucleotide variant	not provided	G: Likely benign	criteria provided, single submitter	intron variant		2023/07/26			11:5246969	11:5225739	2747182	VCV002747182	rs2907942
NM_000518.5(HBB):c.316-14T>C	HBB|LOC107133510|LOC110006319	single nucleotide variant	not provided	G: Likely benign	criteria provided, single submitter	intron variant		2023/04/03			11:5246970	11:5225740	2849566	VCV002849566	rs3009355
NM_000518.5(HBB):c.316-14T>G	LOC110006319|HBB|LOC107133510	single nucleotide variant	Dominant beta-thalassemia, METHEMOGLOBINEMIA, BETA TYPE, Heinz body anemia, Beta-thalassemia HBB/LCRB, Hereditary persistence of fetal hemoglobin, Hb SS disease, Erythrocytosis, familial, 6, Malaria, susceptibility to, not provided, beta Thalassemia	G: Pathogenic/Likely pathogenic	criteria provided, multiple submitters, no conflicts	intron variant		2025/11/20			11:5246970	11:5225740	36313	VCV000036313	rs44977
NM_000518.5(HBB):c.316-15A>G	HBB|LOC107133510|LOC110006319	single nucleotide variant	not provided	G: Likely benign	criteria provided, single submitter	intron variant		2024/01/13			11:5246971	11:5225741	1101246	VCV001101246	rs1100007
NM_000518.5(HBB):c.316-19T>A	HBB|LOC107133510|LOC110006319	single nucleotide variant	not provided, not specified	G: Conflicting classifications of pathogenicity	criteria provided, conflicting classifications	intron variant		2026/02/04			11:5246975	11:5225745	495993	VCV000495993	rs487524
NM_000518.5(HBB):c.316-20C>T	HBB|LOC107133510|LOC110006319	single nucleotide variant	not specified	G: Uncertain significance	criteria provided, single submitter	intron variant		2021/08/27			11:5246976	11:5225746	1217280	VCV001217280	rs1207259
NM_000518.5(HBB):c.316-24A>C	HBB|LOC107133510|LOC110006319	single nucleotide variant	not provided	G: Likely benign	criteria provided, single submitter	intron variant		2023/01/06			11:5246980	11:5225750	2826637	VCV002826637	rs2989858
NM_000518.5(HBB):c.316-24A>G	HBB|LOC107133510|LOC110006319	single nucleotide variant	not provided	G: Likely benign	criteria provided, single submitter	intron variant		2023/07/13			11:5246980	11:5225750	2742971	VCV002742971	rs2900734
NM_000518.5(HBB):c.316-25C>T	HBB|LOC107133510|LOC110006319	single nucleotide variant	not provided	G: Likely benign	criteria provided, single submitter	intron variant		2022/05/25			11:5246981	11:5225751	2086460	VCV002086460	rs2144375
NM_000518.5(HBB):c.316-25C>G	LOC107133510|LOC110006319|HBB	single nucleotide variant	not provided	G: Likely benign	criteria provided, single submitter	intron variant		2022/04/01			11:5246981	11:5225751	1964131	VCV001964131	rs2020818
NM_000518.5(HBB):c.316-26T>G	HBB|LOC107133510|LOC110006319	single nucleotide variant	not provided	G: Likely benign	criteria provided, single submitter	intron variant		2019/08/21			11:5246982	11:5225752	754508	VCV000754508	rs775832
NM_000518.5(HBB):c.316-27T>C	LOC110006319|HBB|LOC107133510	single nucleotide variant	not provided	G: Likely benign	criteria provided, single submitter	intron variant		2023/04/25			11:5246983	11:5225753	2811518	VCV002811518	rs2972599
NM_000518.5(HBB):c.316-27T>G	HBB|LOC107133510|LOC110006319	single nucleotide variant	not specified, not provided	G: Likely benign	criteria provided, multiple submitters, no conflicts	intron variant		2024/12/12			11:5246983	11:5225753	633253	VCV000633253	rs621808
NM_000518.5(HBB):c.316-28G>T	LOC110006319|HBB|LOC107133510	single nucleotide variant	not provided	G: Likely benign	criteria provided, single submitter	intron variant		2022/07/02			11:5246984	11:5225754	1544426	VCV001544426	rs1524704
NM_000518.5(HBB):c.316-28G>A	HBB|LOC107133510|LOC110006319	single nucleotide variant	not provided, not specified	G: Likely benign	criteria provided, multiple submitters, no conflicts	intron variant		2025/11/13			11:5246984	11:5225754	811029	VCV000811029	rs799649
NM_000518.5(HBB):c.316-28G>C	LOC107133510|LOC110006319|HBB	single nucleotide variant	not provided, not specified	G: Likely benign	criteria provided, multiple submitters, no conflicts	intron variant		2026/01/28			11:5246984	11:5225754	632850	VCV000632850	rs621809
NM_000518.5(HBB):c.316-29T>C	HBB|LOC107133510|LOC110006319	single nucleotide variant	not provided	G: Likely benign	criteria provided, single submitter	intron variant		2022/02/28			11:5246985	11:5225755	1623587	VCV001623587	rs1540789
NM_000518.5(HBB):c.316-30A>C	HBB|LOC107133510|LOC110006319	single nucleotide variant	Erythrocytosis, familial, 6, Heinz body anemia, Malaria, susceptibility to, Beta-thalassemia HBB/LCRB, Hereditary persistence of fetal hemoglobin, METHEMOGLOBINEMIA, BETA TYPE, Hb SS disease, Dominant beta-thalassemia, not specified, not provided	G: Conflicting classifications of pathogenicity	criteria provided, conflicting classifications	intron variant		2026/01/27			11:5246986	11:5225756	36317	VCV000036317	rs44981
NM_000518.5(HBB):c.316-31C>T	HBB|LOC107133510|LOC110006319	single nucleotide variant	not provided, beta Thalassemia	G: Likely benign	criteria provided, multiple submitters, no conflicts	intron variant		2026/01/13			11:5246987	11:5225757	1089508	VCV001089508	rs1078286
NM_000518.5(HBB):c.316-33del	HBB|LOC107133510|LOC110006319	Deletion	not provided	G: Likely benign	criteria provided, single submitter	intron variant		2023/06/05			11:5246989	11:5225759	2875907	VCV002875907	rs3038385
NM_000518.5(HBB):c.316-36C>T	LOC110006319|HBB|LOC107133510	single nucleotide variant	Beta-thalassemia HBB/LCRB	G: Uncertain significance	reviewed by expert panel	intron variant		2026/04/30			11:5246992	11:5225762	799593	VCV000799593	rs787940
NM_000518.5(HBB):c.316-37G>T	LOC110006319|HBB|LOC107133510	single nucleotide variant	not specified, not provided	G: Benign/Likely benign	criteria provided, multiple submitters, no conflicts	intron variant		2026/02/04			11:5246993	11:5225763	36318	VCV000036318	rs44982
NM_000518.5(HBB):c.316-38del	HBB|LOC107133510|LOC110006319	Deletion	not provided	G: Benign	criteria provided, single submitter	intron variant		2023/06/09			11:5246994	11:5225764	2700062	VCV002700062	rs2858914
NM_000518.5(HBB):c.316-39T>C	HBB|LOC107133510|LOC110006319	single nucleotide variant	not provided	G: Likely benign	criteria provided, single submitter	intron variant		2023/01/31			11:5246995	11:5225765	1962865	VCV001962865	rs2020416
NM_000518.5(HBB):c.316-40T>G	HBB|LOC107133510|LOC110006319	single nucleotide variant	not provided	G: Likely benign	criteria provided, single submitter	intron variant		2024/03/25			11:5246996	11:5225766	1632385	VCV001632385	rs1630912
NM_000518.5(HBB):c.316-42del	HBB|LOC107133510|LOC110006319	Deletion	not specified, not provided	G: Likely benign	criteria provided, multiple submitters, no conflicts	intron variant		2026/01/09			11:5246998	11:5225768	1091467	VCV001091467	rs1078287
NM_000518.5(HBB):c.316-42C>T	HBB|LOC107133510|LOC110006319	single nucleotide variant	not specified, not provided	G: Likely benign	criteria provided, multiple submitters, no conflicts	intron variant		2024/12/12			11:5246998	11:5225768	766099	VCV000766099	rs775693
NM_000518.5(HBB):c.316-43C>T	HBB|LOC107133510|LOC110006319	single nucleotide variant	not provided	G: Likely benign	criteria provided, single submitter	intron variant		2023/10/13			11:5246999	11:5225769	1588617	VCV001588617	rs1640944
NM_000518.5(HBB):c.316-44C>G	HBB|LOC107133510|LOC110006319	single nucleotide variant	not specified	G: Uncertain significance	criteria provided, single submitter	intron variant		2023/07/13			11:5247000	11:5225770	2577312	VCV002577312	rs2742210
NM_000518.5(HBB):c.316-44C>T	HBB|LOC107133510|LOC110006319	single nucleotide variant	not provided	G: Likely benign	criteria provided, single submitter	intron variant		2020/11/14			11:5247000	11:5225770	1651061	VCV001651061	rs1578436
NM_000518.5(HBB):c.316-45G>C	HBB|LOC107133510|LOC110006319	single nucleotide variant	not provided, not specified	G: Benign/Likely benign	criteria provided, multiple submitters, no conflicts	intron variant		2026/02/04			11:5247001	11:5225771	495995	VCV000495995	rs487436
NM_000518.5(HBB):c.316-46G>C	HBB|LOC107133510|LOC110006319	single nucleotide variant	not provided	G: Likely benign	criteria provided, single submitter	intron variant		2022/01/14			11:5247002	11:5225772	1673496	VCV001673496	rs1595683
NM_000518.5(HBB):c.316-46G>A	HBB|LOC107133510|LOC110006319	single nucleotide variant	not specified	G: Uncertain significance	criteria provided, single submitter	intron variant		2020/08/28			11:5247002	11:5225772	495996	VCV000495996	rs487526
NM_000518.5(HBB):c.316-48del	HBB|LOC107133510|LOC110006319	Deletion	not provided	G: Likely benign	criteria provided, single submitter	intron variant		2022/03/21			11:5247004	11:5225774	2107602	VCV002107602	rs2166766
NM_000518.5(HBB):c.316-49C>G	HBB|LOC107133510|LOC110006319	single nucleotide variant	not provided	G: Likely benign	criteria provided, single submitter	intron variant		2022/03/18			11:5247005	11:5225775	2107603	VCV002107603	rs2166767
NM_000518.5(HBB):c.316-49C>A	HBB|LOC107133510|LOC110006319	single nucleotide variant	not provided	G: Likely benign	criteria provided, single submitter	intron variant		2021/03/01			11:5247005	11:5225775	1617068	VCV001617068	rs1580070
NM_000518.5(HBB):c.316-50G>C	HBB|LOC107133510|LOC110006319	single nucleotide variant	not provided	G: Likely benign	criteria provided, single submitter	intron variant		2022/11/23			11:5247006	11:5225776	2815819	VCV002815819	rs2966654
NM_000518.5(HBB):c.316-51A>C	HBB|LOC107133510|LOC110006319	single nucleotide variant	not specified, not provided	G: Likely benign	criteria provided, multiple submitters, no conflicts	intron variant		2024/11/14			11:5247007	11:5225777	2877828	VCV002877828	rs3039000
NM_000518.5(HBB):c.316-53C>T	HBB|LOC107133510|LOC110006319	single nucleotide variant	not provided	G: Likely benign	criteria provided, single submitter	intron variant		2021/02/15			11:5247009	11:5225779	1623512	VCV001623512	rs1540714
NM_000518.5(HBB):c.316-56G>T	HBB|LOC107133510|LOC110006319	single nucleotide variant	not provided	G: Likely benign	criteria provided, single submitter	intron variant		2021/07/03			11:5247012	11:5225782	1627864	VCV001627864	rs1531082
NM_000518.5(HBB):c.316-57A>C	HBB|LOC107133510|LOC110006319	single nucleotide variant	not provided	G: Likely benign	criteria provided, single submitter	intron variant		2021/06/05			11:5247013	11:5225783	1564030	VCV001564030	rs1589051
NM_000518.5(HBB):c.316-60C>G	HBB|LOC107133510|LOC110006319	single nucleotide variant	not provided	G: Likely benign	criteria provided, single submitter	intron variant		2023/02/14			11:5247016	11:5225786	2837304	VCV002837304	rs2995861
NM_000518.5(HBB):c.316-60C>T	HBB|LOC107133510|LOC110006319	single nucleotide variant	not specified	G: Uncertain significance	criteria provided, single submitter	intron variant		2020/06/09			11:5247016	11:5225786	933153	VCV000933153	rs921506
NM_000518.5(HBB):c.316-62T>C	HBB|LOC107133510|LOC110006319	single nucleotide variant	not provided	G: Likely benign	criteria provided, single submitter	intron variant		2020/02/24			11:5247018	11:5225788	1154161	VCV001154161	rs1142352
NM_000518.5(HBB):c.316-65T>G	HBB|LOC107133510|LOC110006319	single nucleotide variant	not provided	G: Likely benign	criteria provided, single submitter	intron variant		2022/07/15			11:5247021	11:5225791	2017243	VCV002017243	rs2068753
NM_000518.5(HBB):c.316-66A>T	HBB|LOC107133510|LOC110006319	single nucleotide variant	not provided	G: Likely benign	criteria provided, single submitter	intron variant		2021/04/13			11:5247022	11:5225792	1648977	VCV001648977	rs1662629
NM_000518.5(HBB):c.316-66A>G	HBB|LOC107133510|LOC110006319	single nucleotide variant	not provided	G: Likely benign	criteria provided, single submitter	intron variant		2021/12/18			11:5247022	11:5225792	1139577	VCV001139577	rs1121480
NM_000518.5(HBB):c.316-67G>C	HBB|LOC107133510|LOC110006319	single nucleotide variant	not provided	G: Likely benign	criteria provided, single submitter	intron variant		2020/03/01			11:5247023	11:5225793	1099874	VCV001099874	rs1100008
NM_000518.5(HBB):c.316-68G>T	HBB|LOC107133510|LOC110006319	single nucleotide variant	not provided	G: Likely benign	criteria provided, single submitter	intron variant		2019/10/14			11:5247024	11:5225794	1157947	VCV001157947	rs1142353
NM_000518.5(HBB):c.316-70C>G	HBB|LOC107133510|LOC110006319	single nucleotide variant	not specified, not provided	G: Benign/Likely benign	criteria provided, multiple submitters, no conflicts	intron variant		2026/02/01			11:5247026	11:5225796	36320	VCV000036320	rs44984
NM_000518.5(HBB):c.316-71G>T	HBB|LOC107133510|LOC110006319	single nucleotide variant	not provided	G: Likely benign	criteria provided, single submitter	intron variant		2023/10/09			11:5247027	11:5225797	793174	VCV000793174	rs787763
NM_000518.5(HBB):c.316-72G>A	HBB|LOC107133510|LOC110006319	single nucleotide variant	not provided	G: Likely benign	criteria provided, single submitter	intron variant		2023/08/11			11:5247028	11:5225798	2803917	VCV002803917	rs2963741
NM_000518.5(HBB):c.316-77G>A	HBB|LOC107133510|LOC110006319	single nucleotide variant	not provided	G: Likely benign	criteria provided, single submitter	intron variant		2023/09/18			11:5247033	11:5225803	1529709	VCV001529709	rs1604423
NM_000518.5(HBB):c.316-77G>C	HBB|LOC107133510|LOC110006319	single nucleotide variant	not provided	G: Likely benign	criteria provided, single submitter	intron variant		2025/12/17			11:5247033	11:5225803	1157085	VCV001157085	rs1142354
NM_000518.5(HBB):c.316-78G>A	LOC110006319|HBB|LOC107133510	single nucleotide variant	not provided	G: Likely benign	criteria provided, single submitter	intron variant		2023/01/13			11:5247034	11:5225804	2133999	VCV002133999	rs2188545
NM_000518.5(HBB):c.316-79G>A	HBB|LOC107133510|LOC110006319	single nucleotide variant	not specified, not provided	G: Uncertain significance	criteria provided, multiple submitters, no conflicts	intron variant		2024/09/18			11:5247035	11:5225805	2199483	VCV002199483	rs1924329
NM_000518.5(HBB):c.316-80T>C	HBB|LOC107133510|LOC110006319	single nucleotide variant	not provided	G: Likely benign	criteria provided, single submitter	intron variant		2024/03/10			11:5247036	11:5225806	1133882	VCV001133882	rs1121481
NM_000518.5(HBB):c.316-81T>C	HBB|LOC107133510|LOC110006319	single nucleotide variant	not provided	G: Likely benign	criteria provided, single submitter	intron variant		2021/11/09			11:5247037	11:5225807	1552193	VCV001552193	rs1586272
NM_000518.5(HBB):c.316-81T>A	HBB|LOC107133510|LOC110006319	single nucleotide variant	not specified, not provided	G: Likely benign	criteria provided, multiple submitters, no conflicts	intron variant		2024/12/12			11:5247037	11:5225807	929231	VCV000929231	rs917485
NM_000518.5(HBB):c.316-82G>T	HBB|LOC107133510|LOC110006319	single nucleotide variant	not provided	G: Likely benign	criteria provided, single submitter	intron variant		2021/08/18			11:5247038	11:5225808	1537363	VCV001537363	rs1596956
NM_000518.5(HBB):c.316-82G>A	HBB|LOC107133510|LOC110006319	single nucleotide variant	not provided	G: Benign	criteria provided, single submitter	intron variant		2019/12/26			11:5247038	11:5225808	439777	VCV000439777	rs433081
NM_000518.5(HBB):c.316-84T>C	HBB|LOC107133510|LOC110006319	single nucleotide variant	not provided	G: Likely benign	criteria provided, single submitter	intron variant		2022/01/28			11:5247040	11:5225810	2090941	VCV002090941	rs2144980
NM_000518.5(HBB):c.316-85A>G	LOC110006319|HBB|LOC107133510	single nucleotide variant	not provided, not specified	G: Conflicting classifications of pathogenicity	criteria provided, conflicting classifications	intron variant		2024/12/12			11:5247041	11:5225811	984465	VCV000984465	rs972583
NM_000518.5(HBB):c.316-98_316-86dup	HBB|LOC107133510|LOC110006319	Duplication	beta Thalassemia	G: Pathogenic	no assertion criteria provided	intron variant		2019/11/25			11:5247041	11:5225811	869277	VCV000869277	rs857557
NM_000518.5(HBB):c.316-87T>G	HBB|LOC107133510|LOC110006319	single nucleotide variant	not provided	G: Likely benign	criteria provided, single submitter	intron variant		2023/12/13			11:5247043	11:5225813	2702918	VCV002702918	rs2862614
NM_000518.5(HBB):c.316-89T>A	HBB|LOC107133510|LOC110006319	single nucleotide variant	not provided	G: Likely benign	criteria provided, single submitter	intron variant		2022/02/12			11:5247045	11:5225815	2097042	VCV002097042	rs2153651
NM_000518.5(HBB):c.316-89T>C	HBB|LOC107133510|LOC110006319	single nucleotide variant	not provided	G: Likely benign	criteria provided, single submitter	intron variant		2021/05/27			11:5247045	11:5225815	1661914	VCV001661914	rs1576796
NM_000518.5(HBB):c.316-90A>G	HBB|LOC107133510|LOC110006319	single nucleotide variant	not provided, not specified	G: Likely benign	criteria provided, multiple submitters, no conflicts	intron variant		2025/12/13			11:5247046	11:5225816	994010	VCV000994010	rs981740
NM_000518.5(HBB):c.316-91del	HBB|LOC107133510|LOC110006319	Deletion	not provided	G: Uncertain significance	criteria provided, single submitter	intron variant		2021/05/27			11:5247047	11:5225817	1330138	VCV001330138	rs1320820
NM_000518.5(HBB):c.316-95C>G	HBB|LOC107133510|LOC110006319	single nucleotide variant	not provided	G: Likely benign	criteria provided, single submitter	intron variant		2022/09/28			11:5247051	11:5225821	1672645	VCV001672645	rs1616900
NM_000518.5(HBB):c.316-95C>T	HBB|LOC107133510|LOC110006319	single nucleotide variant	not provided	G: Likely benign	criteria provided, single submitter	intron variant		2023/06/15			11:5247051	11:5225821	797051	VCV000797051	rs787750
NM_000518.5(HBB):c.316-96G>A	LOC110006319|LOC107133510|HBB	single nucleotide variant	not specified, not provided	G: Likely benign	criteria provided, multiple submitters, no conflicts	intron variant		2024/12/12			11:5247052	11:5225822	633255	VCV000633255	rs621810
NM_000518.5(HBB):c.316-96G>C	HBB|LOC107133510|LOC110006319	single nucleotide variant	not specified, not provided	G: Conflicting classifications of pathogenicity	criteria provided, conflicting classifications	intron variant		2026/02/04			11:5247052	11:5225822	36321	VCV000036321	rs44985
NM_000518.5(HBB):c.316-97T>C	HBB|LOC107133510|LOC110006319	single nucleotide variant	not provided	G: Likely benign	criteria provided, single submitter	intron variant		2024/01/30			11:5247053	11:5225823	3637486	VCV003637486	rs3767770
NM_000518.5(HBB):c.316-97T>G	HBB|LOC107133510|LOC110006319	single nucleotide variant	not provided	G: Uncertain significance	criteria provided, single submitter	intron variant		2024/01/29			11:5247053	11:5225823	3572122	VCV003572122	rs3731023
NM_000518.5(HBB):c.316-99T>C	LOC110006319|LOC107133510|HBB	single nucleotide variant	not provided	G: Likely benign	criteria provided, single submitter	intron variant		2022/06/16			11:5247055	11:5225825	2007540	VCV002007540	rs2073201
NM_000518.5(HBB):c.316-99T>G	LOC107133510|LOC110006319|HBB	single nucleotide variant	not specified, not provided	G: Likely benign	criteria provided, multiple submitters, no conflicts	intron variant		2025/01/09			11:5247055	11:5225825	1115280	VCV001115280	rs1100009
NM_000518.5(HBB):c.316-99del	HBB|LOC107133510|LOC110006319	Deletion	not provided, not specified	G: Likely benign	criteria provided, multiple submitters, no conflicts	intron variant		2025/01/09			11:5247055	11:5225825	981076	VCV000981076	rs969170
NM_000518.5(HBB):c.316-100T>A	HBB|LOC107133510|LOC110006319	single nucleotide variant	not provided	G: Conflicting classifications of pathogenicity	criteria provided, conflicting classifications	intron variant		2023/12/14			11:5247056	11:5225826	1148938	VCV001148938	rs1142355
NM_000518.5(HBB):c.316-102C>T	HBB|LOC107133510|LOC110006319	single nucleotide variant	not provided	G: Likely benign	criteria provided, single submitter	intron variant		2023/12/20			11:5247058	11:5225828	2704522	VCV002704522	rs2866792
NM_000518.5(HBB):c.316-102C>A	HBB|LOC107133510|LOC110006319	single nucleotide variant	not specified, not provided	G: Likely benign	criteria provided, multiple submitters, no conflicts	intron variant		2024/12/12			11:5247058	11:5225828	633261	VCV000633261	rs621811
NM_000518.5(HBB):c.316-113_316-103del	HBB|LOC107133510|LOC110006319	Deletion	not provided	G: Uncertain significance	criteria provided, single submitter	intron variant		2022/12/22			11:5247059	11:5225829	993075	VCV000993075	rs981056
NM_000518.5(HBB):c.316-104A>T	HBB|LOC107133510|LOC110006319	single nucleotide variant	not provided	G: Likely benign	criteria provided, single submitter	intron variant		2020/09/21			11:5247060	11:5225830	1089678	VCV001089678	rs1078288
NM_000518.5(HBB):c.316-106C>A	HBB|LOC107133510|LOC110006319	single nucleotide variant	not specified	G: Uncertain significance	criteria provided, single submitter	intron variant		2023/02/10			11:5247062	11:5225832	2445766	VCV002445766	rs2418718
NM_000518.5(HBB):c.316-106C>T	HBB|LOC107133510|LOC110006319	single nucleotide variant	not provided	G: Likely benign	criteria provided, single submitter	intron variant		2023/07/16			11:5247062	11:5225832	1584709	VCV001584709	rs1560860
NM_000518.5(HBB):c.316-106C>G	HBB|LOC107133510|LOC110006319	single nucleotide variant	Beta-thalassemia HBB/LCRB	G: Pathogenic	reviewed by expert panel	intron variant		2026/04/30			11:5247062	11:5225832	15457	VCV000015457	rs30496
NM_000518.5(HBB):c.316-107G>C	HBB|LOC107133510|LOC110006319	single nucleotide variant	not provided, not specified	G: Conflicting classifications of pathogenicity	criteria provided, conflicting classifications	intron variant		2025/12/28			11:5247063	11:5225833	439148	VCV000439148	rs432676
NM_000518.5(HBB):c.316-109C>T	HBB|LOC107133510|LOC110006319	single nucleotide variant	not specified, not provided	G: Likely benign	criteria provided, multiple submitters, no conflicts	intron variant		2024/12/12			11:5247065	11:5225835	495987	VCV000495987	rs487438
NM_000518.5(HBB):c.316-111T>C	HBB|LOC107133510|LOC110006319	single nucleotide variant	not provided	G: Likely benign	criteria provided, single submitter	intron variant		2021/11/13			11:5247067	11:5225837	1616943	VCV001616943	rs1579946
NM_000518.5(HBB):c.316-112A>G	HBB|LOC107133510|LOC110006319	single nucleotide variant	not specified, not provided	G: Likely benign	criteria provided, multiple submitters, no conflicts	intron variant		2023/09/08			11:5247068	11:5225838	1146323	VCV001146323	rs1142356
NM_000518.5(HBB):c.316-115dup	HBB|LOC107133510|LOC110006319	Duplication	not provided	G: Likely benign	criteria provided, single submitter	intron variant		2023/09/23			11:5247070	11:5225840	1136202	VCV001136202	rs1121482
NM_000518.5(HBB):c.316-114C>A	HBB|LOC107133510|LOC110006319	single nucleotide variant	not specified, not provided	G: Likely benign	criteria provided, multiple submitters, no conflicts	intron variant		2026/01/11			11:5247070	11:5225840	632849	VCV000632849	rs621812
NM_000518.5(HBB):c.316-114C>T	HBB|LOC107133510|LOC110006319	single nucleotide variant	not specified, not provided	G: Likely benign	criteria provided, multiple submitters, no conflicts	intron variant		2024/12/12			11:5247070	11:5225840	495988	VCV000495988	rs487494
NM_000518.5(HBB):c.316-117C>T	HBB|LOC107133510|LOC110006319	single nucleotide variant	not provided	G: Likely benign	criteria provided, single submitter	intron variant		2023/01/20			11:5247073	11:5225843	2830420	VCV002830420	rs2997898
NM_000518.5(HBB):c.316-119_316-117del	HBB|LOC107133510|LOC110006319	Microsatellite	not provided	G: Likely benign	criteria provided, single submitter	intron variant		2020/11/25			11:5247073	11:5225843	1654849	VCV001654849	rs1580478
NM_000518.5(HBB):c.316-118G>T	HBB|LOC107133510|LOC110006319	single nucleotide variant	not provided	G: Likely benign	criteria provided, single submitter	intron variant		2023/01/20			11:5247074	11:5225844	2830691	VCV002830691	rs2994336
NM_000518.5(HBB):c.316-119A>C	HBB|LOC107133510|LOC110006319	single nucleotide variant	not provided	G: Likely benign	criteria provided, single submitter	intron variant		2023/09/03			11:5247075	11:5225845	2831713	VCV002831713	rs3001313
NM_000518.5(HBB):c.316-119A>G	HBB|LOC107133510|LOC110006319	single nucleotide variant	not provided	G: Likely benign	criteria provided, single submitter	intron variant		2022/05/15			11:5247075	11:5225845	2134390	VCV002134390	rs2187109
NM_000518.5(HBB):c.316-120C>G	LOC107133510|LOC110006319|HBB	single nucleotide variant	not provided	G: Likely benign	criteria provided, single submitter	intron variant		2023/08/31			11:5247076	11:5225846	796911	VCV000796911	rs787678
NM_000518.5(HBB):c.316-122A>T	HBB|LOC107133510|LOC110006319	single nucleotide variant	not provided	G: Likely benign	criteria provided, single submitter	intron variant		2023/01/22			11:5247078	11:5225848	2830937	VCV002830937	rs2990738
NM_000518.5(HBB):c.316-124A>T	LOC107133510|LOC110006319|HBB	single nucleotide variant	not specified, not provided	G: Conflicting classifications of pathogenicity	criteria provided, conflicting classifications	intron variant		2025/01/08			11:5247080	11:5225850	801187	VCV000801187	rs789680
NM_000518.5(HBB):c.316-125A>G	HBB|LOC107133510|LOC110006319	single nucleotide variant	not provided, not specified	G: Conflicting classifications of pathogenicity	criteria provided, conflicting classifications	intron variant		2026/01/27			11:5247081	11:5225851	439149	VCV000439149	rs432677
NM_000518.5(HBB):c.316-127C>T	HBB|LOC107133510|LOC110006319	single nucleotide variant	not provided	G: Likely benign	criteria provided, single submitter	intron variant		2023/10/11			11:5247083	11:5225853	2802003	VCV002802003	rs2952766
NM_000518.5(HBB):c.316-128G>A	HBB|LOC107133510|LOC110006319	single nucleotide variant	not provided	G: Likely benign	criteria provided, single submitter	intron variant		2023/05/05			11:5247084	11:5225854	2862032	VCV002862032	rs3029394
NM_000518.5(HBB):c.316-128G>C	HBB|LOC107133510|LOC110006319	single nucleotide variant	not specified, not provided	G: Conflicting classifications of pathogenicity	criteria provided, conflicting classifications	intron variant		2024/12/12			11:5247084	11:5225854	495989	VCV000495989	rs487498
NM_000518.5(HBB):c.316-129T>C	LOC110006319|HBB|LOC107133510	single nucleotide variant	not provided	G: Likely benign	criteria provided, single submitter	intron variant		2020/07/07			11:5247085	11:5225855	1095878	VCV001095878	rs1078289
NM_000518.5(HBB):c.316-130T>C	HBB|LOC107133510|LOC110006319	single nucleotide variant	not specified, not provided	G: Likely benign	criteria provided, multiple submitters, no conflicts	intron variant		2025/12/16			11:5247086	11:5225856	495990	VCV000495990	rs487528
NM_000518.5(HBB):c.316-131A>G	HBB|LOC107133510|LOC110006319	single nucleotide variant	not provided	G: Likely benign	criteria provided, single submitter	intron variant		2022/03/31			11:5247087	11:5225857	2119846	VCV002119846	rs2176342
NM_000518.5(HBB):c.316-132T>C	HBB|LOC107133510|LOC110006319	single nucleotide variant	not provided	G: Likely benign	criteria provided, single submitter	intron variant		2021/04/23			11:5247088	11:5225858	1548194	VCV001548194	rs1538012
NM_000518.5(HBB):c.316-133A>T	HBB|LOC107133510|LOC110006319	single nucleotide variant	not provided	G: Uncertain significance	criteria provided, single submitter	intron variant		2024/10/21			11:5247089	11:5225859	3572125	VCV003572125	rs3731026
NM_000518.5(HBB):c.316-136T>C	LOC110006319|HBB|LOC107133510	single nucleotide variant	not provided	G: Likely benign	criteria provided, single submitter	intron variant		2024/02/02			11:5247092	11:5225862	3638340	VCV003638340	rs3774635
NM_000518.5(HBB):c.316-138G>T	LOC110006319|HBB|LOC107133510	single nucleotide variant	not provided	G: Likely benign	criteria provided, single submitter	intron variant		2019/02/14			11:5247094	11:5225864	801188	VCV000801188	rs789681
NM_000518.5(HBB):c.316-138G>A	HBB|LOC107133510|LOC110006319	single nucleotide variant	not provided, not specified	G: Likely benign	criteria provided, multiple submitters, no conflicts	intron variant		2024/12/12			11:5247094	11:5225864	495991	VCV000495991	rs487530
NM_000518.5(HBB):c.316-141G>A	HBB|LOC107133510|LOC110006319	single nucleotide variant	not specified, not provided	G: Conflicting classifications of pathogenicity	criteria provided, conflicting classifications	intron variant		2025/01/10			11:5247097	11:5225867	1568000	VCV001568000	rs1657508
NM_000518.5(HBB):c.316-142A>G	LOC107133510|HBB|LOC110006319	single nucleotide variant	not provided	G: Likely benign	criteria provided, single submitter	intron variant		2023/03/26			11:5247098	11:5225868	2825157	VCV002825157	rs2986242
NM_000518.5(HBB):c.316-143A>G	HBB|LOC107133510|LOC110006319	single nucleotide variant	not provided, beta Thalassemia	G: Likely benign	criteria provided, multiple submitters, no conflicts	intron variant		2024/05/24			11:5247099	11:5225869	1579049	VCV001579049	rs1565040
NM_000518.5(HBB):c.316-144T>A	LOC110006319|HBB|LOC107133510	single nucleotide variant	not provided	G: Likely benign	criteria provided, single submitter	intron variant		2023/01/28			11:5247100	11:5225870	2832734	VCV002832734	rs2991278
NM_000518.5(HBB):c.316-145G>T	HBB|LOC107133510|LOC110006319	single nucleotide variant	not provided	G: Likely benign	criteria provided, single submitter	intron variant		2023/03/12			11:5247101	11:5225871	2035477	VCV002035477	rs2097261
NM_000518.5(HBB):c.316-145G>C	HBB|LOC107133510|LOC110006319	single nucleotide variant	not provided	G: Likely benign	criteria provided, single submitter	intron variant		2024/01/11			11:5247101	11:5225871	1080748	VCV001080748	rs1078290
NM_000518.5(HBB):c.316-145G>A	HBB|LOC107133510|LOC110006319	single nucleotide variant	not provided, not specified	G: Likely benign	criteria provided, multiple submitters, no conflicts	intron variant		2024/06/25			11:5247101	11:5225871	632848	VCV000632848	rs621813
NM_000518.5(HBB):c.316-146T>C	HBB|LOC107133510|LOC110006319	single nucleotide variant	not specified, not provided	G: Likely benign	criteria provided, multiple submitters, no conflicts	intron variant		2024/03/17			11:5247102	11:5225872	256346	VCV000256346	rs254204
NM_000518.5(HBB):c.316-146T>G	HBB|LOC107133510|LOC110006319	single nucleotide variant	Beta-thalassemia HBB/LCRB	G: Pathogenic	reviewed by expert panel	intron variant		2026/04/30			11:5247102	11:5225872	36312	VCV000036312	rs44976
NM_000518.5(HBB):c.316-147A>G	LOC107133510|LOC110006319|HBB	single nucleotide variant	not specified	G: Likely benign	criteria provided, single submitter	intron variant		2025/09/02			11:5247103	11:5225873	4535916	VCV004535916	rs4647409
NM_000518.5(HBB):c.316-147A>T	HBB|LOC107133510|LOC110006319	single nucleotide variant	not provided	G: Likely benign	criteria provided, single submitter	intron variant		2022/09/23			11:5247103	11:5225873	1154176	VCV001154176	rs1142357
NM_000518.5(HBB):c.316-147A>C	LOC107133510|LOC110006319|HBB	single nucleotide variant	not provided	G: Likely benign	criteria provided, single submitter	intron variant		2023/09/08			11:5247103	11:5225873	792476	VCV000792476	rs787680
NM_000518.5(HBB):c.316-148G>C	HBB|LOC107133510|LOC110006319	single nucleotide variant	not specified, not provided	G: Conflicting classifications of pathogenicity	criteria provided, conflicting classifications	intron variant		2024/12/18			11:5247104	11:5225874	1125630	VCV001125630	rs1121483
NM_000518.5(HBB):c.316-149T>C	HBB|LOC107133510|LOC110006319	single nucleotide variant	not provided	G: Likely benign	criteria provided, single submitter	intron variant		2023/12/22			11:5247105	11:5225875	2704864	VCV002704864	rs2863276
NM_000518.5(HBB):c.316-149T>A	HBB|LOC107133510|LOC110006319	single nucleotide variant	not provided	G: Likely benign	criteria provided, single submitter	intron variant		2022/05/18			11:5247105	11:5225875	1996000	VCV001996000	rs2056510
NM_000518.5(HBB):c.316-150C>A	HBB|LOC107133510|LOC110006319	single nucleotide variant	not provided	G: Likely benign	criteria provided, single submitter	intron variant		2018/10/18			11:5247106	11:5225876	793229	VCV000793229	rs787954
NM_000518.5(HBB):c.316-150C>G	HBB|LOC107133510|LOC110006319	single nucleotide variant	beta Thalassemia	G: Likely benign	criteria provided, single submitter	intron variant		2011/08/18			11:5247106	11:5225876	36314	VCV000036314	rs44978
NM_000518.5(HBB):c.316-151A>G	HBB|LOC107133510|LOC110006319	single nucleotide variant	beta Thalassemia	G: Likely benign	criteria provided, single submitter	intron variant		2024/05/24			11:5247107	11:5225877	3910009	VCV003910009	rs4025908
NM_000518.5(HBB):c.316-152A>T	HBB|LOC107133510|LOC110006319	single nucleotide variant	not provided	G: Likely benign	criteria provided, single submitter	intron variant		2018/10/18			11:5247108	11:5225878	793230	VCV000793230	rs787960
NM_000518.5(HBB):c.316-153T>C	HBB|LOC107133510|LOC110006319	single nucleotide variant	not provided	G: Likely benign	criteria provided, single submitter	intron variant		2023/08/28			11:5247109	11:5225879	1121198	VCV001121198	rs1121484
NM_000518.5(HBB):c.316-154G>T	HBB|LOC107133510|LOC110006319	single nucleotide variant	not provided	G: Likely benign	criteria provided, single submitter	intron variant		2026/01/28			11:5247110	11:5225880	1661185	VCV001661185	rs1554437
NM_000518.5(HBB):c.316-154G>A	HBB|LOC107133510|LOC110006319	single nucleotide variant	not provided	G: Likely benign	criteria provided, single submitter	intron variant		2023/08/18			11:5247110	11:5225880	1553442	VCV001553442	rs1553226
NM_000518.5(HBB):c.316-155T>G	HBB|LOC107133510|LOC110006319	single nucleotide variant	not provided	G: Likely benign	criteria provided, single submitter	intron variant		2023/01/08			11:5247111	11:5225881	2824341	VCV002824341	rs2979015
NM_000518.5(HBB):c.316-171_316-156dup	HBB|LOC107133510|LOC110006319	Duplication	not provided, not specified	G: Likely benign	criteria provided, multiple submitters, no conflicts	intron variant		2024/08/02			11:5247111	11:5225881	1563749	VCV001563749	rs1620253
NM_000518.5(HBB):c.316-156T>C	HBB|LOC107133510|LOC110006319	single nucleotide variant	not provided, not specified	G: Conflicting classifications of pathogenicity	criteria provided, conflicting classifications	intron variant		2023/03/21			11:5247112	11:5225882	439150	VCV000439150	rs432678
NM_000518.5(HBB):c.316-159A>C	LOC107133510|LOC110006319|HBB	single nucleotide variant	not provided	G: Likely benign	criteria provided, single submitter	intron variant		2023/08/21			11:5247115	11:5225885	1087637	VCV001087637	rs1078291
NM_000518.5(HBB):c.316-162T>C	HBB|LOC107133510|LOC110006319	single nucleotide variant	not specified, not provided	G: Likely benign	criteria provided, multiple submitters, no conflicts	intron variant		2025/05/15			11:5247118	11:5225888	1611236	VCV001611236	rs1640311
NM_000518.5(HBB):c.316-166T>C	HBB|LOC107133510|LOC110006319	single nucleotide variant	not provided	G: Likely benign	criteria provided, single submitter	intron variant		2022/07/23			11:5247122	11:5225892	2008558	VCV002008558	rs2066508
NC_000011.10:g.5225895_5227411del1517insT	LOC107133510|LOC110006319|HBB|LOC106099062	Indel	beta Thalassemia	G: Pathogenic	no assertion criteria provided			2019/11/25			11:5247125	11:5225895	869248	VCV000869248	rs857558
NM_000518.5(HBB):c.316-170T>C	HBB|LOC107133510|LOC110006319	single nucleotide variant	not provided	G: Likely benign	criteria provided, single submitter	intron variant		2023/10/09			11:5247126	11:5225896	2767052	VCV002767052	rs2926496
NM_000518.5(HBB):c.316-171_316-170del	HBB|LOC107133510|LOC110006319	Microsatellite	not specified	G: Uncertain significance	criteria provided, single submitter	intron variant		2018/08/29			11:5247126	11:5225896	633259	VCV000633259	rs621814
NM_000518.5(HBB):c.316-172T>C	HBB|LOC107133510|LOC110006319	single nucleotide variant	not specified, not provided	G: Likely benign	criteria provided, multiple submitters, no conflicts	intron variant		2024/04/26			11:5247128	11:5225898	1537687	VCV001537687	rs1649966
NM_000518.5(HBB):c.316-173A>T	HBB|LOC107133510|LOC110006319	single nucleotide variant	not provided	G: Likely benign	criteria provided, single submitter	intron variant		2023/10/04			11:5247129	11:5225899	2010842	VCV002010842	rs2063632
NM_000518.5(HBB):c.316-176T>G	HBB|LOC107133510|LOC110006319	single nucleotide variant	not provided	G: Likely benign	criteria provided, single submitter	intron variant		2023/12/29			11:5247132	11:5225902	2706270	VCV002706270	rs2877595
NM_000518.5(HBB):c.316-176T>C	HBB|LOC107133510|LOC110006319	single nucleotide variant	not provided	G: Likely benign	criteria provided, single submitter	intron variant		2022/10/05			11:5247132	11:5225902	1584803	VCV001584803	rs1560954
NM_000518.5(HBB):c.316-177A>C	HBB|LOC107133510|LOC110006319	single nucleotide variant	not provided	G: Likely benign	criteria provided, single submitter	intron variant		2024/01/24			11:5247133	11:5225903	797803	VCV000797803	rs787755
NM_000518.5(HBB):c.316-177A>G	HBB|LOC107133510|LOC110006319	single nucleotide variant	not provided, not specified	G: Conflicting classifications of pathogenicity	criteria provided, conflicting classifications	intron variant		2025/09/10			11:5247133	11:5225903	439151	VCV000439151	rs432679
NM_000518.5(HBB):c.316-178T>A	HBB|LOC107133510|LOC110006319	single nucleotide variant	not provided	G: Likely benign	criteria provided, single submitter	intron variant		2023/04/17			11:5247134	11:5225904	2009601	VCV002009601	rs2073965
NM_000518.5(HBB):c.316-179A>T	HBB|LOC107133510|LOC110006319	single nucleotide variant	not provided	G: Conflicting classifications of pathogenicity	criteria provided, conflicting classifications	intron variant		2023/08/17			11:5247135	11:5225905	2681988	VCV002681988	rs2843021
NM_000518.5(HBB):c.316-179A>G	HBB|LOC107133510|LOC110006319	single nucleotide variant	not provided	G: Likely benign	criteria provided, single submitter	intron variant		2025/12/21			11:5247135	11:5225905	1605684	VCV001605684	rs1646736
NM_000518.5(HBB):c.316-179A>C	HBB|LOC107133510|LOC110006319	single nucleotide variant	not specified, not provided	G: Conflicting classifications of pathogenicity	criteria provided, conflicting classifications	intron variant		2026/01/26			11:5247135	11:5225905	632851	VCV000632851	rs621815
NM_000518.5(HBB):c.316-180C>A	HBB|LOC107133510|LOC110006319	single nucleotide variant	not specified, not provided	G: Likely benign	criteria provided, multiple submitters, no conflicts	intron variant		2024/12/12			11:5247136	11:5225906	3638132	VCV003638132	rs3764761
NM_000518.5(HBB):c.316-182T>G	LOC110006319|HBB|LOC107133510	single nucleotide variant	not provided	G: Likely benign	criteria provided, single submitter	intron variant		2023/08/04			11:5247138	11:5225908	2775957	VCV002775957	rs2936249
NM_000518.5(HBB):c.316-184T>C	LOC110006319|HBB|LOC107133510	single nucleotide variant	not specified, not provided	G: Likely benign	criteria provided, multiple submitters, no conflicts	intron variant		2026/01/09			11:5247140	11:5225910	36315	VCV000036315	rs44979
Single allele	HBB|HBD|LOC106099062|LOC106099063|LOC107133510|LOC109951029|LOC110006319	Deletion	Beta-thalassemia HBB/LCRB	G: Pathogenic	no assertion criteria provided			2022/07/26				11:5225911	3255364	VCV003255364	rs3414127
Single allele	HBB|HBD|LOC106099062|LOC106099063|LOC107133510|LOC109951029|LOC110006319	Deletion	Beta-thalassemia HBB/LCRB	G: Pathogenic	no assertion criteria provided			2022/07/26				11:5225911	3255363	VCV003255363	rs3414126
NM_000518.5(HBB):c.316-185C>G	HBB|LOC107133510|LOC110006319	single nucleotide variant	not provided	G: Likely benign	criteria provided, single submitter	intron variant		2021/12/04			11:5247141	11:5225911	2032327	VCV002032327	rs2082545
NM_000518.5(HBB):c.316-185C>T	HBB|LOC107133510|LOC110006319	single nucleotide variant	Beta-thalassemia HBB/LCRB	G: Benign	reviewed by expert panel	intron variant		2026/04/30			11:5247141	11:5225911	36316	VCV000036316	rs44980
NM_000518.5(HBB):c.316-188T>C	HBB|LOC107133510|LOC110006319	single nucleotide variant	not provided	G: Likely benign	criteria provided, single submitter	intron variant		2023/12/04			11:5247144	11:5225914	751267	VCV000751267	rs775868
NM_000518.5(HBB):c.316-189A>G	HBB|LOC107133510|LOC110006319	single nucleotide variant	not specified, not provided	G: Conflicting classifications of pathogenicity	criteria provided, conflicting classifications	intron variant		2024/12/12			11:5247145	11:5225915	495992	VCV000495992	rs487439
NM_000518.5(HBB):c.316-191C>T	HBB|LOC107133510|LOC110006319	single nucleotide variant	not provided	G: Likely benign	criteria provided, single submitter	intron variant		2023/02/18			11:5247147	11:5225917	2877740	VCV002877740	rs3038912
NM_000518.5(HBB):c.316-191C>A	HBB|LOC107133510|LOC110006319	single nucleotide variant	not provided	G: Likely benign	criteria provided, single submitter	intron variant		2023/07/09			11:5247147	11:5225917	2740244	VCV002740244	rs2906185
NM_000518.5(HBB):c.316-192G>A	LOC107133510|LOC110006319|HBB	single nucleotide variant	not specified	G: Uncertain significance	criteria provided, single submitter	intron variant		2018/11/20			11:5247148	11:5225918	632852	VCV000632852	rs621816
NM_000518.5(HBB):c.316-193A>C	HBB|LOC107133510|LOC110006319	single nucleotide variant	not provided	G: Likely benign	criteria provided, single submitter	intron variant		2024/02/07			11:5247149	11:5225919	3639424	VCV003639424	rs3768421
NM_000518.5(HBB):c.316-193A>G	HBB|LOC107133510|LOC110006319	single nucleotide variant	not specified, not provided	G: Likely benign	criteria provided, multiple submitters, no conflicts	intron variant		2025/01/28			11:5247149	11:5225919	1563014	VCV001563014	rs1556012
NM_000518.5(HBB):c.316-194T>C	HBB|LOC107133510|LOC110006319	single nucleotide variant	not specified	G: Uncertain significance	criteria provided, single submitter	intron variant		2023/05/16			11:5247150	11:5225920	2506215	VCV002506215	rs2671173
NM_000518.5(HBB):c.316-197C>T	HBB|LOC107133510|LOC110006319	single nucleotide variant	Beta-thalassemia HBB/LCRB	G: Pathogenic	reviewed by expert panel	intron variant		2026/04/30			11:5247153	11:5225923	15458	VCV000015458	rs30497
NM_000518.5(HBB):c.316-198G>T	HBB|LOC107133510|LOC110006319	single nucleotide variant	not provided	G: Likely benign	criteria provided, single submitter	intron variant		2020/01/16			11:5247154	11:5225924	1147067	VCV001147067	rs1142358
NM_000518.5(HBB):c.316-198G>A	LOC110006319|LOC107133510|HBB	single nucleotide variant	not specified, not provided	G: Likely benign	criteria provided, multiple submitters, no conflicts	intron variant		2024/12/12			11:5247154	11:5225924	981074	VCV000981074	rs969171
NM_000518.5(HBB):c.316-199G>A	HBB|LOC107133510|LOC110006319	single nucleotide variant	not provided	G: Likely benign	criteria provided, single submitter	intron variant		2024/01/16			11:5247155	11:5225925	2705593	VCV002705593	rs2856730
NM_000518.5(HBB):c.316-202del	HBB|LOC107133510|LOC110006319	Deletion	beta Thalassemia	G: Pathogenic	no assertion criteria provided	intron variant		2019/11/25			11:5247158	11:5225928	869236	VCV000869236	rs857559
NM_000518.5(HBB):c.316-204G>C	HBB|LOC107133510|LOC110006319	single nucleotide variant	not provided	G: Likely benign	criteria provided, single submitter	intron variant		2021/11/05			11:5247160	11:5225930	1139383	VCV001139383	rs1121485
NM_000518.5(HBB):c.316-208C>G	HBB|LOC107133510|LOC110006319	single nucleotide variant	not provided	G: Likely benign	criteria provided, single submitter	intron variant		2021/01/14			11:5247164	11:5225934	869237	VCV000869237	rs857560
NM_000518.5(HBB):c.316-209T>C	HBB|LOC107133510|LOC110006319	single nucleotide variant	not provided	G: Likely benign	criteria provided, single submitter	intron variant		2021/05/19			11:5247165	11:5225935	1658438	VCV001658438	rs1563815
NM_000518.5(HBB):c.316-210T>A	HBB|LOC107133510|LOC110006319	single nucleotide variant	not provided	G: Conflicting classifications of pathogenicity	criteria provided, conflicting classifications	intron variant		2023/04/20			11:5247166	11:5225936	993076	VCV000993076	rs981057
NM_000518.5(HBB):c.316-212A>C	HBB|LOC107133510|LOC110006319	single nucleotide variant	not provided	G: Likely benign	criteria provided, single submitter	intron variant		2021/07/26			11:5247168	11:5225938	1573923	VCV001573923	rs1539127
NM_000518.5(HBB):c.316-213A>C	HBB|LOC107133510|LOC110006319	single nucleotide variant	not provided	G: Likely benign	criteria provided, single submitter	intron variant		2023/07/12			11:5247169	11:5225939	2742787	VCV002742787	rs2900550
NM_000518.5(HBB):c.316-215A>T	HBB|LOC107133510|LOC110006319	single nucleotide variant	not provided	G: Likely benign	criteria provided, single submitter	intron variant		2021/09/22			11:5247171	11:5225941	1606259	VCV001606259	rs1625399
NM_000518.5(HBB):c.316-216G>C	HBB|LOC107133510|LOC110006319	single nucleotide variant	not provided	G: Likely benign	criteria provided, single submitter	intron variant		2022/04/28			11:5247172	11:5225942	2131064	VCV002131064	rs2191199
NM_000518.5(HBB):c.316-216G>A	HBB|LOC107133510|LOC110006319	single nucleotide variant	not provided	G: Likely benign	criteria provided, single submitter	intron variant		2022/09/30			11:5247172	11:5225942	1535667	VCV001535667	rs1596121
NM_000518.5(HBB):c.316-217T>C	HBB|LOC107133510|LOC110006319	single nucleotide variant	not provided	G: Likely benign	criteria provided, single submitter	intron variant		2018/11/30			11:5247173	11:5225943	798416	VCV000798416	rs787979
NM_000518.5(HBB):c.316-219_316-218del	HBB|LOC107133510|LOC110006319	Deletion	not provided	G: Likely benign	criteria provided, single submitter	intron variant		2020/02/24			11:5247174	11:5225944	1083998	VCV001083998	rs1078292
NM_000518.5(HBB):c.316-219A>G	HBB|LOC107133510|LOC110006319	single nucleotide variant	not provided	G: Likely benign	criteria provided, single submitter	intron variant		2021/08/14			11:5247175	11:5225945	1536330	VCV001536330	rs1618419
NM_000518.5(HBB):c.316-220C>T	LOC110006319|HBB|LOC107133510	single nucleotide variant	not provided	G: Likely benign	criteria provided, single submitter	intron variant		2023/07/25			11:5247176	11:5225946	1556960	VCV001556960	rs1561619
NM_000518.5(HBB):c.316-222A>G	HBB|LOC107133510|LOC110006319	single nucleotide variant	not provided	G: Likely benign	criteria provided, single submitter	intron variant		2023/08/20			11:5247178	11:5225948	2754240	VCV002754240	rs2916708
NM_000518.5(HBB):c.316-223T>A	HBB|LOC107133510|LOC110006319	single nucleotide variant	not provided	G: Likely benign	criteria provided, single submitter	intron variant		2019/06/18			11:5247179	11:5225949	1141382	VCV001141382	rs1142359
NM_000518.5(HBB):c.316-224A>G	LOC110006319|HBB|LOC107133510	single nucleotide variant	not provided	G: Likely benign	criteria provided, single submitter	intron variant		2020/08/29			11:5247180	11:5225950	1152502	VCV001152502	rs1142360
NM_000518.5(HBB):c.316-226G>A	LOC107133510|LOC110006319|HBB	single nucleotide variant	not provided	G: Likely benign	criteria provided, single submitter	intron variant		2021/07/21			11:5247182	11:5225952	1571451	VCV001571451	rs1572244
NM_000518.5(HBB):c.316-229A>G	LOC110006319|HBB|LOC107133510	single nucleotide variant	not provided	G: Likely benign	criteria provided, single submitter	intron variant		2022/09/14			11:5247185	11:5225955	1112986	VCV001112986	rs1100010
NM_000518.5(HBB):c.316-235C>G	HBB|LOC107133510|LOC110006319	single nucleotide variant	not provided	G: Likely benign	criteria provided, single submitter	intron variant		2022/08/21			11:5247191	11:5225961	2025778	VCV002025778	rs2081126
NM_000518.5(HBB):c.316-238C>T	HBB|LOC107133510|LOC110006319	single nucleotide variant	not provided, not specified	G: Benign/Likely benign	criteria provided, multiple submitters, no conflicts	intron variant		2026/01/28			11:5247194	11:5225964	256347	VCV000256347	rs254205
NM_000518.5(HBB):c.316-239G>C	HBB|LOC107133510|LOC110006319	single nucleotide variant	not provided	G: Likely benign	criteria provided, multiple submitters, no conflicts	intron variant		2024/07/15			11:5247195	11:5225965	1140992	VCV001140992	rs1121486
NM_000518.5(HBB):c.316-244T>A	LOC110006319|HBB|LOC107133510	single nucleotide variant	not provided	G: Likely benign	criteria provided, single submitter	intron variant		2024/03/02			11:5247200	11:5225970	1091288	VCV001091288	rs1078293
NM_000518.5(HBB):c.316-245C>A	HBB|LOC107133510|LOC110006319	single nucleotide variant	not provided	G: Likely benign	criteria provided, single submitter	intron variant		2023/07/19			11:5247201	11:5225971	1965309	VCV001965309	rs2027901
NM_000518.5(HBB):c.316-245C>T	HBB|LOC107133510|LOC110006319	single nucleotide variant	not provided	G: Likely benign	criteria provided, single submitter	intron variant		2024/02/25			11:5247201	11:5225971	1625041	VCV001625041	rs1542661
NM_000518.5(HBB):c.316-246C>T	HBB|LOC107133510|LOC110006319	single nucleotide variant	not provided	G: Likely benign	criteria provided, single submitter	intron variant		2023/10/22			11:5247202	11:5225972	793871	VCV000793871	rs787682
NM_000518.5(HBB):c.316-248T>C	HBB|LOC107133510|LOC110006319	single nucleotide variant	not provided	G: Likely benign	criteria provided, single submitter	intron variant		2023/02/01			11:5247204	11:5225974	2833520	VCV002833520	rs2998460
NM_000518.5(HBB):c.316-249A>G	HBB|LOC107133510|LOC110006319	single nucleotide variant	not provided	G: Likely benign	criteria provided, single submitter	intron variant		2024/01/25			11:5247205	11:5225975	1153305	VCV001153305	rs1142361
NM_000518.5(HBB):c.316-252A>G	HBB|LOC107133510|LOC110006319	single nucleotide variant	not provided	G: Likely benign	criteria provided, single submitter	intron variant		2021/07/30			11:5247208	11:5225978	1662306	VCV001662306	rs1642530
NM_000518.5(HBB):c.316-254G>A	LOC110006319|HBB|LOC107133510	single nucleotide variant	not provided	G: Likely benign	criteria provided, single submitter	intron variant		2023/09/03			11:5247210	11:5225980	2016469	VCV002016469	rs2075675
NM_000518.5(HBB):c.316-256A>G	HBB|LOC107133510|LOC110006319	single nucleotide variant	not provided	G: Likely benign	criteria provided, single submitter	intron variant		2021/02/24			11:5247212	11:5225982	1667603	VCV001667603	rs1656887
NM_000518.5(HBB):c.316-258C>A	HBB|LOC107133510|LOC110006319	single nucleotide variant	not provided	G: Likely benign	criteria provided, single submitter	intron variant		2023/08/19			11:5247214	11:5225984	1136434	VCV001136434	rs1121487
NM_000518.5(HBB):c.316-259A>G	LOC107133510|LOC110006319|HBB	single nucleotide variant	not provided	G: Likely benign	criteria provided, single submitter	intron variant		2023/08/03			11:5247215	11:5225985	3019267	VCV003019267	rs3175631
NM_000518.5(HBB):c.316-260T>A	HBB|LOC107133510|LOC110006319	single nucleotide variant	not provided	G: Likely benign	criteria provided, single submitter	intron variant		2023/10/07			11:5247216	11:5225986	1968570	VCV001968570	rs2028578
NM_000518.5(HBB):c.316-260T>C	HBB|LOC107133510|LOC110006319	single nucleotide variant	not provided, not specified	G: Likely benign	criteria provided, multiple submitters, no conflicts	intron variant		2024/03/07			11:5247216	11:5225986	1630450	VCV001630450	rs1649655
NM_000518.5(HBB):c.316-261A>T	HBB|LOC107133510|LOC110006319	single nucleotide variant	not provided	G: Likely benign	criteria provided, single submitter	intron variant		2019/07/06			11:5247217	11:5225987	1095434	VCV001095434	rs1078294
NM_000518.5(HBB):c.316-262G>C	HBB|LOC107133510|LOC110006319	single nucleotide variant	not provided	G: Likely benign	criteria provided, single submitter	intron variant		2021/03/22			11:5247218	11:5225988	1542738	VCV001542738	rs1523013
NM_000518.5(HBB):c.316-264A>G	HBB|LOC107133510|LOC110006319	single nucleotide variant	not provided	G: Likely benign	criteria provided, single submitter	intron variant		2022/03/14			11:5247220	11:5225990	2107209	VCV002107209	rs2170263
NM_000518.5(HBB):c.316-265A>G	LOC110006319|HBB|LOC107133510	single nucleotide variant	not provided	G: Likely benign	criteria provided, single submitter	intron variant		2023/12/10			11:5247221	11:5225991	1095205	VCV001095205	rs1078295
NM_000518.5(HBB):c.316-269C>A	HBB|LOC107133510|LOC110006319	single nucleotide variant	not provided	G: Likely benign	criteria provided, single submitter	intron variant		2023/07/19			11:5247225	11:5225995	2744953	VCV002744953	rs2897116
NM_000518.5(HBB):c.316-270G>A	HBB|LOC107133510|LOC110006319	single nucleotide variant	not provided	G: Likely benign	criteria provided, single submitter	intron variant		2022/01/18			11:5247226	11:5225996	2087515	VCV002087515	rs2133806
NM_000518.5(HBB):c.316-272G>T	HBB|LOC107133510|LOC110006319	single nucleotide variant	not provided	G: Likely benign	criteria provided, single submitter	intron variant		2025/10/06			11:5247228	11:5225998	869238	VCV000869238	rs857561
NM_000518.5(HBB):c.316-272G>C	HBB|LOC107133510|LOC110006319	single nucleotide variant	not provided	G: Likely benign	criteria provided, single submitter	intron variant		2025/07/25			11:5247228	11:5225998	795281	VCV000795281	rs787983
NM_000518.5(HBB):c.316-273A>T	HBB|LOC107133510|LOC110006319	single nucleotide variant	not provided	G: Likely benign	criteria provided, single submitter	intron variant		2024/01/30			11:5247229	11:5225999	1579014	VCV001579014	rs1565005
NM_000518.5(HBB):c.316-277_316-274del	HBB|LOC107133510|LOC110006319	Microsatellite	not provided	G: Likely benign	criteria provided, single submitter	intron variant		2023/06/30			11:5247230	11:5226000	1588348	VCV001588348	rs1574891
NM_000518.5(HBB):c.316-290_316-274del	LOC110006319|LOC107133510|HBB	Deletion	not provided	G: Uncertain significance	criteria provided, single submitter	intron variant		2019/05/06			11:5247230	11:5226000	801189	VCV000801189	rs789682
NM_000518.5(HBB):c.316-278C>T	HBB|LOC107133510|LOC110006319	single nucleotide variant	not provided	G: Likely benign	criteria provided, single submitter	intron variant		2025/12/08			11:5247234	11:5226004	1155055	VCV001155055	rs1142362
NM_000518.5(HBB):c.316-279T>C	HBB|LOC107133510|LOC110006319	single nucleotide variant	not provided	G: Likely benign	criteria provided, single submitter	intron variant		2025/12/29			11:5247235	11:5226005	4692970	VCV004692970	rs4802267
NM_000518.5(HBB):c.316-281T>G	HBB|LOC107133510|LOC110006319	single nucleotide variant	not provided	G: Likely benign	criteria provided, single submitter	intron variant		2021/06/10			11:5247237	11:5226007	1565147	VCV001565147	rs1621220
NM_000518.5(HBB):c.316-282C>G	HBB|LOC107133510|LOC110006319	single nucleotide variant	not provided	G: Likely benign	criteria provided, single submitter	intron variant		2023/10/13			11:5247238	11:5226008	1128010	VCV001128010	rs1121488
NM_000518.5(HBB):c.316-284C>T	LOC110006319|HBB|LOC107133510	single nucleotide variant	not provided	G: Likely benign	criteria provided, single submitter	intron variant		2023/05/05			11:5247240	11:5226010	2862258	VCV002862258	rs3025909
NM_000518.5(HBB):c.316-284C>A	HBB|LOC107133510|LOC110006319	single nucleotide variant	not provided	G: Likely benign	criteria provided, single submitter	intron variant		2022/10/31			11:5247240	11:5226010	1572170	VCV001572170	rs1538239
NM_000518.5(HBB):c.316-286A>C	LOC107133510|HBB|LOC110006319	single nucleotide variant	not provided	G: Likely benign	criteria provided, single submitter	intron variant		2022/10/10			11:5247242	11:5226012	2033805	VCV002033805	rs2096865
NM_000518.5(HBB):c.316-290_316-289insGGGCAATAATTT	HBB|LOC107133510|LOC110006319	Insertion	not provided	G: Likely benign	criteria provided, single submitter	intron variant		2024/03/04			11:5247245	11:5226015	1130606	VCV001130606	rs1121489
NM_000518.5(HBB):c.316-290C>A	HBB|LOC107133510|LOC110006319	single nucleotide variant	not provided	G: Likely benign	criteria provided, single submitter	intron variant		2024/03/04			11:5247246	11:5226016	1148975	VCV001148975	rs1142363
NM_000518.5(HBB):c.316-291C>T	HBB|LOC107133510|LOC110006319	single nucleotide variant	not provided	G: Likely benign	criteria provided, single submitter	intron variant		2022/07/16			11:5247247	11:5226017	2017700	VCV002017700	rs2065341
NM_000518.5(HBB):c.316-292del	HBB|LOC107133510|LOC110006319	Deletion	not provided	G: Likely benign	criteria provided, multiple submitters, no conflicts	intron variant		2026/01/28			11:5247248	11:5226018	763410	VCV000763410	rs775695
NM_000518.5(HBB):c.316-295C>T	LOC110006319|HBB|LOC107133510	single nucleotide variant	not provided	G: Likely benign	criteria provided, single submitter	intron variant		2023/10/22			11:5247251	11:5226021	764715	VCV000764715	rs775697
NM_000518.5(HBB):c.316-298A>T	HBB|LOC107133510|LOC110006319	single nucleotide variant	not provided	G: Likely benign	criteria provided, single submitter	intron variant		2020/10/31			11:5247254	11:5226024	1609604	VCV001609604	rs1639117
NM_000518.5(HBB):c.316-308_316-304del	HBB|LOC107133510|LOC110006319	Deletion	not specified	G: Uncertain significance	criteria provided, single submitter	intron variant		2021/05/19			11:5247260	11:5226030	1330132	VCV001330132	rs1320814
NM_000518.5(HBB):c.316-304T>A	HBB|LOC107133510|LOC110006319	single nucleotide variant	not provided	G: Likely benign	criteria provided, single submitter	intron variant		2019/06/17			11:5247260	11:5226030	1126664	VCV001126664	rs1121490
NM_000518.5(HBB):c.316-308C>T	HBB|LOC107133510|LOC110006319	single nucleotide variant	not provided	G: Likely benign	criteria provided, single submitter	intron variant		2023/04/06			11:5247264	11:5226034	2852384	VCV002852384	rs3010028
NM_000518.5(HBB):c.316-308C>A	HBB|LOC107133510|LOC110006319	single nucleotide variant	not provided	G: Likely benign	criteria provided, single submitter	intron variant		2023/08/29			11:5247264	11:5226034	2131711	VCV002131711	rs2189699
NM_000518.5(HBB):c.316-309T>C	HBB|LOC107133510|LOC110006319	single nucleotide variant	not provided	G: Likely benign	criteria provided, single submitter	intron variant		2023/12/11			11:5247265	11:5226035	2702236	VCV002702236	rs2855953
NM_000518.5(HBB):c.316-315dup	LOC107133510|LOC110006319|HBB	Duplication	not provided	G: Benign	criteria provided, single submitter	intron variant		2023/04/03			11:5247270	11:5226040	2849928	VCV002849928	rs3005883
NM_000518.5(HBB):c.316-315del	HBB|LOC107133510|LOC110006319	Deletion	not provided	G: Likely benign	criteria provided, single submitter	intron variant		2023/09/21			11:5247271	11:5226041	1090894	VCV001090894	rs1078296
NM_000518.5(HBB):c.316-323T>C	HBB|LOC107133510|LOC110006319	single nucleotide variant	not provided	G: Likely benign	criteria provided, single submitter	intron variant		2024/03/06			11:5247279	11:5226049	755510	VCV000755510	rs775883
NM_000518.5(HBB):c.316-324A>G	HBB|LOC107133510|LOC110006319	single nucleotide variant	not provided	G: Likely benign	criteria provided, single submitter	intron variant		2022/09/15			11:5247280	11:5226050	2002515	VCV002002515	rs2061739
NM_000518.5(HBB):c.316-325T>C	HBB|LOC107133510|LOC110006319	single nucleotide variant	not provided	G: Likely benign	criteria provided, single submitter	intron variant		2022/12/23			11:5247281	11:5226051	1135885	VCV001135885	rs1121491
NM_000518.5(HBB):c.316-328T>A	HBB|LOC107133510|LOC110006319	single nucleotide variant	not provided	G: Likely benign	criteria provided, single submitter	intron variant		2023/12/29			11:5247284	11:5226054	2026386	VCV002026386	rs2088142
NM_000518.5(HBB):c.316-328del	HBB|LOC107133510|LOC110006319	Deletion	not provided	G: Likely benign	criteria provided, single submitter	intron variant		2022/08/22			11:5247284	11:5226054	2025792	VCV002025792	rs2081140
NM_000518.5(HBB):c.316-332_316-328del	HBB|LOC107133510|LOC110006319	Deletion	not provided	G: Uncertain significance	criteria provided, single submitter	intron variant		2019/05/23			11:5247284	11:5226054	801190	VCV000801190	rs789683
NM_000518.5(HBB):c.316-332C>T	HBB|LOC107133510|LOC110006319	single nucleotide variant	not provided	G: Likely benign	criteria provided, single submitter	intron variant		2023/09/27			11:5247288	11:5226058	1134251	VCV001134251	rs1121492
NM_000518.5(HBB):c.316-335C>A	LOC110006319|HBB|LOC107133510	single nucleotide variant	not provided	G: Likely benign	criteria provided, single submitter	intron variant		2023/05/23			11:5247291	11:5226061	2747568	VCV002747568	rs2904461
NM_000518.5(HBB):c.316-335C>T	HBB|LOC107133510|LOC110006319	single nucleotide variant	not provided	G: Likely benign	criteria provided, single submitter	intron variant		2022/12/08			11:5247291	11:5226061	1126324	VCV001126324	rs1121493
NM_000518.5(HBB):c.316-336del	HBB|LOC107133510|LOC110006319	Deletion	not provided	G: Conflicting classifications of pathogenicity	criteria provided, conflicting classifications	intron variant		2023/12/28			11:5247292	11:5226062	1104307	VCV001104307	rs1100011
NM_000518.5(HBB):c.316-337T>G	HBB|LOC107133510|LOC110006319	single nucleotide variant	not provided	G: Likely benign	criteria provided, single submitter	intron variant		2019/09/28			11:5247293	11:5226063	1092862	VCV001092862	rs1078297
NM_000518.5(HBB):c.316-339C>T	HBB|LOC107133510|LOC110006319	single nucleotide variant	not provided	G: Likely benign	criteria provided, single submitter	intron variant		2023/09/27			11:5247295	11:5226065	1143473	VCV001143473	rs1142364
NM_000518.5(HBB):c.316-341T>C	HBB|LOC107133510|LOC110006319	single nucleotide variant	not provided	G: Likely benign	criteria provided, single submitter	intron variant		2022/11/24			11:5247297	11:5226067	796407	VCV000796407	rs787759
NM_000518.5(HBB):c.316-344A>C	HBB|LOC107133510|LOC110006319	single nucleotide variant	not provided	G: Likely benign	criteria provided, single submitter	intron variant		2023/11/14			11:5247300	11:5226070	1991864	VCV001991864	rs2048614
NM_000518.5(HBB):c.316-345A>C	HBB|LOC107133510|LOC110006319	single nucleotide variant	not provided	G: Likely benign	criteria provided, single submitter	intron variant		2022/08/22			11:5247301	11:5226071	2026415	VCV002026415	rs2088171
NM_000518.5(HBB):c.316-346A>C	HBB|LOC107133510|LOC110006319	single nucleotide variant	not provided	G: Likely benign	criteria provided, single submitter	intron variant		2022/11/09			11:5247302	11:5226072	2813160	VCV002813160	rs2972962
NM_000518.5(HBB):c.316-347A>T	HBB|LOC107133510|LOC110006319	single nucleotide variant	not provided	G: Likely benign	criteria provided, single submitter	intron variant		2023/09/27			11:5247303	11:5226073	1156511	VCV001156511	rs1142365
NM_000518.5(HBB):c.316-348T>A	HBB|LOC107133510|LOC110006319	single nucleotide variant	not provided	G: Likely benign	criteria provided, single submitter	intron variant		2023/08/29			11:5247304	11:5226074	2755775	VCV002755775	rs2916947
NM_000518.5(HBB):c.316-350T>C	HBB|LOC107133510|LOC110006319	single nucleotide variant	not provided	G: Likely benign	criteria provided, single submitter	intron variant		2021/01/14			11:5247306	11:5226076	1660582	VCV001660582	rs1641684
NM_000518.5(HBB):c.316-356T>C	HBB|LOC107133510|LOC110006319	single nucleotide variant	not provided	G: Likely benign	criteria provided, single submitter	intron variant		2024/01/21			11:5247312	11:5226082	1089575	VCV001089575	rs1078298
NM_000518.5(HBB):c.316-357T>G	HBB|LOC107133510|LOC110006319	single nucleotide variant	not provided	G: Likely benign	criteria provided, single submitter	intron variant		2023/06/05			11:5247313	11:5226083	2876382	VCV002876382	rs3035652
NM_000518.5(HBB):c.316-358T>A	HBB|LOC107133510|LOC110006319	single nucleotide variant	not provided	G: Likely benign	criteria provided, single submitter	intron variant		2026/01/28			11:5247314	11:5226084	1143356	VCV001143356	rs1142366
NM_000518.5(HBB):c.316-359A>G	HBB|LOC107133510|LOC110006319	single nucleotide variant	not provided	G: Likely benign	criteria provided, single submitter	intron variant		2020/03/17			11:5247315	11:5226085	1159671	VCV001159671	rs1142367
NM_000518.5(HBB):c.316-360C>T	LOC110006319|HBB|LOC107133510	single nucleotide variant	not provided	G: Likely benign	criteria provided, single submitter	intron variant		2023/03/12			11:5247316	11:5226086	2107655	VCV002107655	rs2166819
NM_000518.5(HBB):c.316-361G>A	HBB|LOC107133510|LOC110006319	single nucleotide variant	not provided	G: Likely benign	criteria provided, single submitter	intron variant		2023/06/03			11:5247317	11:5226087	2802367	VCV002802367	rs2963052
NM_000518.5(HBB):c.316-361G>T	HBB|LOC107133510|LOC110006319	single nucleotide variant	not provided	G: Likely benign	criteria provided, single submitter	intron variant		2020/08/27			11:5247317	11:5226087	1077506	VCV001077506	rs1078299
NM_000518.5(HBB):c.316-362T>A	HBB|LOC107133510|LOC110006319	single nucleotide variant	not provided	G: Likely benign	criteria provided, single submitter	intron variant		2020/03/20			11:5247318	11:5226088	1116346	VCV001116346	rs1100012
NM_000518.5(HBB):c.316-363T>C	HBB|LOC107133510|LOC110006319	single nucleotide variant	not provided	G: Likely benign	criteria provided, single submitter	intron variant		2023/12/30			11:5247319	11:5226089	1160210	VCV001160210	rs1142368
NM_000518.5(HBB):c.316-365T>C	HBB|LOC107133510|LOC110006319	single nucleotide variant	not provided	G: Likely benign	criteria provided, single submitter	intron variant		2023/08/17			11:5247321	11:5226091	2789363	VCV002789363	rs2953092
NM_000518.5(HBB):c.316-366A>G	LOC107133510|LOC110006319|HBB	single nucleotide variant	not provided	G: Likely benign	criteria provided, single submitter	intron variant		2021/05/17			11:5247322	11:5226092	1559725	VCV001559725	rs1542315
NM_000518.5(HBB):c.316-368T>G	HBB|LOC107133510|LOC110006319	single nucleotide variant	not provided	G: Likely benign	criteria provided, single submitter	intron variant		2022/04/20			11:5247324	11:5226094	766475	VCV000766475	rs775887
NM_000518.5(HBB):c.316-369G>A	HBB|LOC107133510|LOC110006319	single nucleotide variant	not provided	G: Likely benign	criteria provided, single submitter	intron variant		2023/05/13			11:5247325	11:5226095	830005	VCV000830005	rs818290
NM_000518.5(HBB):c.316-370G>T	HBB|LOC107133510|LOC110006319	single nucleotide variant	not provided	G: Likely benign	criteria provided, single submitter	intron variant		2022/06/13			11:5247326	11:5226096	2005596	VCV002005596	rs2052360
NM_000518.5(HBB):c.316-370G>C	HBB|LOC107133510|LOC110006319	single nucleotide variant	not provided	G: Likely benign	criteria provided, single submitter	intron variant		2019/06/26			11:5247326	11:5226096	1090479	VCV001090479	rs1078300
NM_000518.5(HBB):c.316-372A>G	LOC107133510|HBB|LOC110006319	single nucleotide variant	not provided	G: Likely benign	criteria provided, single submitter	intron variant		2024/02/04			11:5247328	11:5226098	3693356	VCV003693356	rs3824691
NM_000518.5(HBB):c.316-373C>A	HBB|LOC107133510|LOC110006319	single nucleotide variant	Beta-thalassemia HBB/LCRB	G: Benign	reviewed by expert panel	intron variant		2026/04/07			11:5247329	11:5226099	695343	VCV000695343	rs685287
NM_000518.5(HBB):c.316-376A>T	HBB|LOC107133510|LOC110006319	single nucleotide variant	not provided	G: Likely benign	criteria provided, single submitter	intron variant		2023/12/14			11:5247332	11:5226102	2698601	VCV002698601	rs2854892
NM_000518.5(HBB):c.316-376A>G	HBB|LOC107133510|LOC110006319	single nucleotide variant	not provided	G: Likely benign	criteria provided, single submitter	intron variant		2022/08/12			11:5247332	11:5226102	2023608	VCV002023608	rs2084089
NM_000518.5(HBB):c.316-378C>T	HBB|LOC107133510|LOC110006319	single nucleotide variant	not provided	G: Likely benign	criteria provided, single submitter	intron variant		2022/08/20			11:5247334	11:5226104	1153781	VCV001153781	rs1142369
NM_000518.5(HBB):c.316-379C>A	HBB|LOC107133510|LOC110006319	single nucleotide variant	not provided	G: Likely benign	criteria provided, single submitter	intron variant		2023/11/17			11:5247335	11:5226105	1132923	VCV001132923	rs1121494
NM_000518.5(HBB):c.316-381G>A	HBB|LOC107133510|LOC110006319	single nucleotide variant	not provided	G: Likely benign	criteria provided, single submitter	intron variant		2025/11/28			11:5247337	11:5226107	774507	VCV000774507	rs778143
NM_000518.5(HBB):c.316-383T>C	HBB|LOC107133510|LOC110006319	single nucleotide variant	not provided	G: Likely benign	criteria provided, single submitter	intron variant		2022/02/08			11:5247339	11:5226109	1105735	VCV001105735	rs1100013
NM_000518.5(HBB):c.316-386A>C	HBB|LOC107133510|LOC110006319	single nucleotide variant	not provided	G: Likely benign	criteria provided, single submitter	intron variant		2022/10/10			11:5247342	11:5226112	2035022	VCV002035022	rs2100680
NM_000518.5(HBB):c.316-386A>G	HBB|LOC107133510|LOC110006319	single nucleotide variant	not provided	G: Likely benign	criteria provided, single submitter	intron variant		2023/02/22			11:5247342	11:5226112	1117654	VCV001117654	rs1100014
NM_000518.5(HBB):c.316-387C>A	HBB|LOC107133510|LOC110006319	single nucleotide variant	not provided	G: Likely benign	criteria provided, single submitter	intron variant		2026/02/04			11:5247343	11:5226113	1134790	VCV001134790	rs1121495
NM_000518.5(HBB):c.316-387C>T	HBB|LOC107133510|LOC110006319	single nucleotide variant	not provided	G: Likely benign	criteria provided, single submitter	intron variant		2022/11/24			11:5247343	11:5226113	1100205	VCV001100205	rs1100015
NM_000518.5(HBB):c.316-389C>A	HBB|LOC107133510|LOC110006319	single nucleotide variant	not provided	G: Likely benign	criteria provided, single submitter	intron variant		2022/12/03			11:5247345	11:5226115	2818393	VCV002818393	rs2984608
NM_000518.5(HBB):c.316-389C>T	HBB|LOC107133510|LOC110006319	single nucleotide variant	not provided	G: Likely benign	criteria provided, single submitter	intron variant		2024/02/03			11:5247345	11:5226115	1094558	VCV001094558	rs1078301
NM_000518.5(HBB):c.316-390A>G	HBB|LOC107133510|LOC110006319	single nucleotide variant	not provided	G: Likely benign	criteria provided, single submitter	intron variant		2023/09/15			11:5247346	11:5226116	2760823	VCV002760823	rs2918117
NM_000518.5(HBB):c.316-392G>A	HBB|LOC107133510|LOC110006319	single nucleotide variant	not provided	G: Likely benign	criteria provided, single submitter	intron variant		2023/01/08			11:5247348	11:5226118	2826978	VCV002826978	rs2986780
NM_000518.5(HBB):c.316-393T>C	HBB|LOC107133510|LOC110006319	single nucleotide variant	not provided	G: Likely benign	criteria provided, single submitter	intron variant		2022/04/06			11:5247349	11:5226119	2121900	VCV002121900	rs2177094
NM_000518.5(HBB):c.316-394G>C	HBB|LOC107133510|LOC110006319	single nucleotide variant	not provided	G: Likely benign	criteria provided, single submitter	intron variant		2022/12/22			11:5247350	11:5226120	2823108	VCV002823108	rs2988896
NM_000518.5(HBB):c.316-394G>A	HBB|LOC107133510|LOC110006319	single nucleotide variant	not provided	G: Likely benign	criteria provided, single submitter	intron variant		2022/09/24			11:5247350	11:5226120	1667490	VCV001667490	rs1591428
NM_000518.5(HBB):c.316-397T>A	HBB|LOC107133510|LOC110006319	single nucleotide variant	not provided	G: Likely benign	criteria provided, single submitter	intron variant		2025/12/02			11:5247353	11:5226123	1118139	VCV001118139	rs1100016
NM_000518.5(HBB):c.316-400T>C	HBB|LOC107133510|LOC110006319	single nucleotide variant	not provided	G: Likely benign	criteria provided, single submitter	intron variant		2023/08/30			11:5247356	11:5226126	1137193	VCV001137193	rs1121496
NM_000518.5(HBB):c.316-400T>A	HBB|LOC107133510|LOC110006319	single nucleotide variant	not provided	G: Likely benign	criteria provided, single submitter	intron variant		2023/04/09			11:5247356	11:5226126	1095187	VCV001095187	rs1078302
NM_000518.5(HBB):c.316-405_316-404inv	HBB|LOC107133510|LOC110006319	Inversion	not provided	G: Likely benign	criteria provided, single submitter	intron variant		2020/12/16			11:5247360	11:5226130	1661893	VCV001661893	rs1576775
NM_000518.5(HBB):c.316-404G>T	HBB|LOC107133510|LOC110006319	single nucleotide variant	not provided	G: Likely benign	criteria provided, single submitter	intron variant		2023/06/21			11:5247360	11:5226130	1629054	VCV001629054	rs1617644
NM_000518.5(HBB):c.316-405del	LOC110006319|HBB|LOC107133510	Deletion	not provided	G: Likely benign	criteria provided, single submitter	intron variant		2023/11/14			11:5247361	11:5226131	2739204	VCV002739204	rs2899557
NM_000518.5(HBB):c.316-405T>A	HBB|LOC107133510|LOC110006319	single nucleotide variant	not provided	G: Likely benign	criteria provided, single submitter	intron variant		2023/06/07			11:5247361	11:5226131	1084273	VCV001084273	rs1078304
NM_000518.5(HBB):c.316-405T>C	LOC110006319|HBB|LOC107133510	single nucleotide variant	not provided	G: Likely benign	criteria provided, single submitter	intron variant		2026/01/28			11:5247361	11:5226131	1077226	VCV001077226	rs1078303
NM_000518.5(HBB):c.316-407A>C	HBB|LOC107133510|LOC110006319	single nucleotide variant	not provided	G: Likely benign	criteria provided, single submitter	intron variant		2024/03/06			11:5247363	11:5226133	1149802	VCV001149802	rs1142370
NM_000518.5(HBB):c.316-410T>A	HBB|LOC107133510|LOC110006319	single nucleotide variant	not provided	G: Likely benign	criteria provided, single submitter	intron variant		2023/10/30			11:5247366	11:5226136	1553467	VCV001553467	rs1553251
NM_000518.5(HBB):c.316-411G>T	HBB|LOC107133510|LOC110006319	single nucleotide variant	not provided	G: Likely benign	criteria provided, single submitter	intron variant		2023/09/01			11:5247367	11:5226137	2757119	VCV002757119	rs2920890
NM_000518.5(HBB):c.316-411G>C	HBB|LOC107133510|LOC110006319	single nucleotide variant	not provided	G: Likely benign	criteria provided, single submitter	intron variant		2023/11/20			11:5247367	11:5226137	1145451	VCV001145451	rs1142371
NM_000518.5(HBB):c.316-412A>G	HBB|LOC107133510|LOC110006319	single nucleotide variant	not provided	G: Likely benign	criteria provided, single submitter	intron variant		2023/11/18			11:5247368	11:5226138	2955337	VCV002955337	rs3125240
NM_000518.5(HBB):c.316-415T>G	HBB|LOC107133510|LOC110006319	single nucleotide variant	not provided	G: Likely benign	criteria provided, single submitter	intron variant		2020/02/06			11:5247371	11:5226141	1157996	VCV001157996	rs1142372
NM_000518.5(HBB):c.316-417G>T	HBB|LOC107133510|LOC110006319	single nucleotide variant	not provided	G: Likely benign	criteria provided, single submitter	intron variant		2023/06/07			11:5247373	11:5226143	2697598	VCV002697598	rs2864995
NM_000518.5(HBB):c.316-417G>A	HBB|LOC107133510|LOC110006319	single nucleotide variant	not provided	G: Likely benign	criteria provided, single submitter	intron variant		2023/06/16			11:5247373	11:5226143	1131950	VCV001131950	rs1121497
NM_000518.5(HBB):c.316-418G>A	HBB|LOC107133510|LOC110006319	single nucleotide variant	not provided	G: Likely benign	criteria provided, single submitter	intron variant		2020/03/08			11:5247374	11:5226144	1104842	VCV001104842	rs1100017
NM_000518.5(HBB):c.316-420T>G	HBB|LOC107133510|LOC110006319	single nucleotide variant	not provided	G: Likely benign	criteria provided, single submitter	intron variant		2026/01/05			11:5247376	11:5226146	4734723	VCV004734723	rs4840833
NM_000518.5(HBB):c.316-425A>C	HBB|LOC107133510|LOC110006319	single nucleotide variant	not provided	G: Likely benign	criteria provided, single submitter	intron variant		2024/02/16			11:5247381	11:5226151	3624952	VCV003624952	rs3754900
NM_000518.5(HBB):c.315+425T>C	HBB|LOC107133510|LOC110006319	single nucleotide variant	not provided	G: Likely benign	criteria provided, single submitter	intron variant		2026/01/19			11:5247382	11:5226152	751959	VCV000751959	rs775686
NM_000518.5(HBB):c.315+423C>T	HBB|LOC107133510|LOC110006319	single nucleotide variant	not provided	G: Likely benign	criteria provided, single submitter	intron variant		2022/02/11			11:5247384	11:5226154	2091561	VCV002091561	rs2155944
NM_000518.5(HBB):c.315+421T>C	LOC107133510|HBB|LOC110006319	single nucleotide variant	not provided	G: Likely benign	criteria provided, single submitter	intron variant		2023/11/13			11:5247386	11:5226156	798809	VCV000798809	rs787770
NM_000518.5(HBB):c.315+418T>C	HBB|LOC107133510|LOC110006319	single nucleotide variant	not provided	G: Likely benign	criteria provided, single submitter	intron variant		2023/06/03			11:5247389	11:5226159	1997862	VCV001997862	rs2057082
NM_000518.5(HBB):c.315+417A>G	HBB|LOC107133510|LOC110006319	single nucleotide variant	not provided	G: Likely benign	criteria provided, single submitter	intron variant		2021/09/05			11:5247390	11:5226160	1621425	VCV001621425	rs1615672
NM_000518.5(HBB):c.315+415T>C	HBB|LOC107133510|LOC110006319	single nucleotide variant	not provided	G: Likely benign	criteria provided, single submitter	intron variant		2022/11/06			11:5247392	11:5226162	2812292	VCV002812292	rs2965684
NM_000518.5(HBB):c.315+414A>C	HBB|LOC107133510|LOC110006319	single nucleotide variant	not provided	G: Likely benign	criteria provided, single submitter	intron variant		2026/01/21			11:5247393	11:5226163	1124758	VCV001124758	rs1121498
NC_000011.10:g.5226164_5227556del	HBB|LOC106099062|LOC107133510|LOC110006319	Deletion	beta Thalassemia	G: Pathogenic	no assertion criteria provided			2019/11/25			11:5247393	11:5226163	38702	VCV000038702	rs47307
NM_000518.5(HBB):c.315+412T>C	HBB|LOC107133510|LOC110006319	single nucleotide variant	not provided	G: Likely benign	criteria provided, single submitter	intron variant		2024/01/03			11:5247395	11:5226165	1602982	VCV001602982	rs1611321
NM_000518.5(HBB):c.315+411A>G	HBB|LOC107133510|LOC110006319	single nucleotide variant	not provided	G: Likely benign	criteria provided, single submitter	intron variant		2023/05/09			11:5247396	11:5226166	2862763	VCV002862763	rs3022812
NM_000518.5(HBB):c.315+410C>A	HBB|LOC107133510|LOC110006319	single nucleotide variant	not provided	G: Likely benign	criteria provided, single submitter	intron variant		2020/02/10			11:5247397	11:5226167	1157001	VCV001157001	rs1142373
NM_000518.5(HBB):c.315+409A>G	HBB|LOC107133510|LOC110006319	single nucleotide variant	not provided	G: Likely benign	criteria provided, single submitter	intron variant		2022/12/02			11:5247398	11:5226168	2817876	VCV002817876	rs2987517
NM_000518.5(HBB):c.315+408T>C	HBB|LOC107133510|LOC110006319	single nucleotide variant	not provided	G: Likely benign	criteria provided, single submitter	intron variant		2024/02/01			11:5247399	11:5226169	702712	VCV000702712	rs695524
NM_000518.5(HBB):c.315+407A>G	HBB|LOC107133510|LOC110006319	single nucleotide variant	not provided	G: Likely benign	criteria provided, single submitter	intron variant		2024/03/17			11:5247400	11:5226170	3672948	VCV003672948	rs3805085
NM_000518.5(HBB):c.315+406G>C	HBB|LOC107133510|LOC110006319	single nucleotide variant	not provided	G: Likely benign	criteria provided, single submitter	intron variant		2023/07/15			11:5247401	11:5226171	2876055	VCV002876055	rs3038533
NM_000518.5(HBB):c.315+406G>A	HBB|LOC107133510|LOC110006319	single nucleotide variant	not provided	G: Likely benign	criteria provided, single submitter	intron variant		2022/10/27			11:5247401	11:5226171	2778374	VCV002778374	rs2946867
NM_000518.5(HBB):c.315+402_315+405del	HBB|LOC107133510|LOC110006319	Deletion	not provided	G: Likely benign	criteria provided, single submitter	intron variant		2025/12/19			11:5247402	11:5226172	1614562	VCV001614562	rs1663836
NM_000518.5(HBB):c.315+404T>C	LOC110006319|HBB|LOC107133510	single nucleotide variant	not provided	G: Likely benign	criteria provided, single submitter	intron variant		2022/12/21			11:5247403	11:5226173	1945194	VCV001945194	rs1995450
NM_000518.5(HBB):c.315+397_315+402del	HBB|LOC107133510|LOC110006319	Deletion	not provided	G: Likely benign	criteria provided, single submitter	intron variant		2022/04/12			11:5247405	11:5226175	1569465	VCV001569465	rs1559436
NM_000518.5(HBB):c.315+396_315+400del	HBB|LOC107133510|LOC110006319	Deletion	not provided	G: Likely benign	criteria provided, single submitter	intron variant		2022/06/02			11:5247407	11:5226177	1612179	VCV001612179	rs1535807
NM_000518.5(HBB):c.315+396del	HBB|LOC107133510|LOC110006319	Deletion	not provided	G: Likely benign	criteria provided, single submitter	intron variant		2026/01/12			11:5247411	11:5226181	4695393	VCV004695393	rs4813202
NM_000518.5(HBB):c.315+396A>G	HBB|LOC107133510|LOC110006319	single nucleotide variant	not provided	G: Likely benign	criteria provided, single submitter	intron variant		2020/11/17			11:5247411	11:5226181	1119111	VCV001119111	rs1100018
NM_000518.5(HBB):c.315+391_315+395del	HBB|LOC107133510|LOC110006319	Deletion	not provided	G: Likely benign	criteria provided, single submitter	intron variant		2026/01/28			11:5247412	11:5226182	1101748	VCV001101748	rs1100019
NM_000518.5(HBB):c.315+395T>C	HBB|LOC107133510|LOC110006319	single nucleotide variant	not provided	G: Likely benign	criteria provided, single submitter	intron variant		2024/01/05			11:5247412	11:5226182	1081408	VCV001081408	rs1078305
NM_000518.5(HBB):c.315+394T>G	HBB|LOC107133510|LOC110006319	single nucleotide variant	not provided	G: Likely benign	criteria provided, single submitter	intron variant		2023/09/12			11:5247413	11:5226183	1111753	VCV001111753	rs1100020
NM_000518.5(HBB):c.315+392T>C	HBB|LOC107133510|LOC110006319	single nucleotide variant	not provided	G: Likely benign	criteria provided, single submitter	intron variant		2023/03/27			11:5247415	11:5226185	2828044	VCV002828044	rs2989982
NM_000518.5(HBB):c.315+391C>A	HBB|LOC107133510|LOC110006319	single nucleotide variant	not provided	G: Likely benign	criteria provided, single submitter	intron variant		2023/03/03			11:5247416	11:5226186	1112903	VCV001112903	rs1100021
NM_000518.5(HBB):c.315+386_315+390del	HBB|LOC107133510|LOC110006319	Deletion	not provided	G: Likely benign	criteria provided, single submitter	intron variant		2023/08/07			11:5247417	11:5226187	1592636	VCV001592636	rs1556682
NM_000518.5(HBB):c.315+390T>C	HBB|LOC107133510|LOC110006319	single nucleotide variant	not provided	G: Likely benign	criteria provided, single submitter	intron variant		2021/08/19			11:5247417	11:5226187	1566948	VCV001566948	rs1622591
NM_000518.5(HBB):c.315+388_315+389insAATA	LOC107133510|LOC110006319|HBB	Insertion	not provided	G: Likely benign	criteria provided, single submitter	intron variant		2021/11/16			11:5247418	11:5226188	1617500	VCV001617500	rs1548577
NM_000518.5(HBB):c.315+387T>C	HBB|LOC107133510|LOC110006319	single nucleotide variant	not provided	G: Likely benign	criteria provided, single submitter	intron variant		2020/04/15			11:5247420	11:5226190	1094586	VCV001094586	rs1078306
NM_000518.5(HBB):c.315+385dup	HBB|LOC107133510|LOC110006319	Duplication	not provided	G: Likely benign	criteria provided, single submitter	intron variant		2023/04/18			11:5247421	11:5226191	2857197	VCV002857197	rs3014416
NM_000518.5(HBB):c.315+384T>G	LOC107133510|LOC110006319|HBB	single nucleotide variant	not provided	G: Likely benign	criteria provided, single submitter	intron variant		2023/08/22			11:5247423	11:5226193	1613967	VCV001613967	rs1536722
NM_000518.5(HBB):c.315+380T>C	HBB|LOC107133510|LOC110006319	single nucleotide variant	not provided	G: Benign	criteria provided, single submitter	intron variant		2026/02/04			11:5247427	11:5226197	695384	VCV000695384	rs685288
NM_000518.5(HBB):c.315+379C>T	HBB|LOC107133510|LOC110006319	single nucleotide variant	not provided	G: Likely benign	criteria provided, single submitter	intron variant		2021/08/18			11:5247428	11:5226198	1561967	VCV001561967	rs1608506
NM_000518.5(HBB):c.315+378C>T	HBB|LOC107133510|LOC110006319	single nucleotide variant	not provided	G: Likely benign	criteria provided, single submitter	intron variant		2023/08/24			11:5247429	11:5226199	1561745	VCV001561745	rs1608284
NM_000518.5(HBB):c.315+377C>T	HBB|LOC107133510|LOC110006319	single nucleotide variant	not provided	G: Likely benign	criteria provided, single submitter	intron variant		2026/01/25			11:5247430	11:5226200	762977	VCV000762977	rs775698
NM_000518.5(HBB):c.315+375C>T	HBB|LOC107133510|LOC110006319	single nucleotide variant	not provided	G: Likely benign	criteria provided, single submitter	intron variant		2023/06/29			11:5247432	11:5226202	2733487	VCV002733487	rs2897822
NM_000518.5(HBB):c.315+375C>A	HBB|LOC107133510|LOC110006319	single nucleotide variant	not provided	G: Likely benign	criteria provided, single submitter	intron variant		2022/04/22			11:5247432	11:5226202	2129208	VCV002129208	rs2175457
NM_000518.5(HBB):c.315+372A>C	HBB|LOC107133510|LOC110006319	single nucleotide variant	not provided	G: Likely benign	criteria provided, single submitter	intron variant		2023/01/18			11:5247435	11:5226205	2829859	VCV002829859	rs2990521
NM_000518.5(HBB):c.315+371T>C	HBB|LOC107133510|LOC110006319	single nucleotide variant	not provided	G: Likely benign	criteria provided, single submitter	intron variant		2023/05/26			11:5247436	11:5226206	2789491	VCV002789491	rs2953220
NM_000518.5(HBB):c.315+370A>G	HBB|LOC107133510|LOC110006319	single nucleotide variant	not provided	G: Likely benign	criteria provided, single submitter	intron variant		2024/02/09			11:5247437	11:5226207	3638091	VCV003638091	rs3764720
NM_000518.5(HBB):c.315+369C>T	HBB|LOC107133510|LOC110006319	single nucleotide variant	not provided	G: Likely benign	criteria provided, single submitter	intron variant		2023/12/30			11:5247438	11:5226208	2962205	VCV002962205	rs3126917
NM_000518.5(HBB):c.315+368T>G	HBB|LOC107133510|LOC110006319	single nucleotide variant	not provided	G: Likely benign	criteria provided, single submitter	intron variant		2022/05/04			11:5247439	11:5226209	1145767	VCV001145767	rs1142374
NM_000518.5(HBB):c.315+366A>G	HBB|LOC107133510|LOC110006319	single nucleotide variant	not provided	G: Likely benign	criteria provided, single submitter	intron variant		2023/07/25			11:5247441	11:5226211	2113784	VCV002113784	rs2171679
NM_000518.5(HBB):c.315+364A>G	HBB|LOC107133510|LOC110006319	single nucleotide variant	not provided	G: Likely benign	criteria provided, single submitter	intron variant		2021/04/16			11:5247443	11:5226213	1131314	VCV001131314	rs1121499
NM_000518.5(HBB):c.315+362G>A	LOC110006319|HBB|LOC107133510	single nucleotide variant	not provided	G: Likely benign	criteria provided, single submitter	intron variant		2023/09/21			11:5247445	11:5226215	798571	VCV000798571	rs787772
NM_000518.5(HBB):c.315+361T>G	HBB|LOC107133510|LOC110006319	single nucleotide variant	not provided	G: Likely benign	criteria provided, single submitter	intron variant		2023/09/27			11:5247446	11:5226216	2959873	VCV002959873	rs3116332
NM_000518.5(HBB):c.315+360T>C	HBB|LOC107133510|LOC110006319	single nucleotide variant	not provided	G: Likely benign	criteria provided, single submitter	intron variant		2023/11/05			11:5247447	11:5226217	1588286	VCV001588286	rs1574829
NM_000518.5(HBB):c.315+354_315+357del	HBB|LOC107133510|LOC110006319	Deletion	not provided	G: Likely benign	criteria provided, single submitter	intron variant		2024/02/19			11:5247450	11:5226220	3668877	VCV003668877	rs3799586
NM_000518.5(HBB):c.315+356T>C	HBB|LOC107133510|LOC110006319	single nucleotide variant	not provided	G: Likely benign	criteria provided, single submitter	intron variant		2023/03/22			11:5247451	11:5226221	2845945	VCV002845945	rs3008305
NM_000518.5(HBB):c.315+354G>A	HBB|LOC107133510|LOC110006319	single nucleotide variant	not provided	G: Likely benign	criteria provided, single submitter	intron variant		2026/01/21			11:5247453	11:5226223	1107574	VCV001107574	rs1100022
NM_000518.5(HBB):c.315+352G>A	HBB|LOC107133510|LOC110006319	single nucleotide variant	not provided	G: Likely benign	criteria provided, single submitter	intron variant		2022/07/23			11:5247455	11:5226225	2105568	VCV002105568	rs2169920
NM_000518.5(HBB):c.315+351T>C	HBB|LOC107133510|LOC110006319	single nucleotide variant	not provided	G: Likely benign	criteria provided, single submitter	intron variant		2023/02/08			11:5247456	11:5226226	2782072	VCV002782072	rs2944514
NM_000518.5(HBB):c.315+351T>A	HBB|LOC107133510|LOC110006319	single nucleotide variant	not provided	G: Likely benign	criteria provided, single submitter	intron variant		2022/04/15			11:5247456	11:5226226	2126175	VCV002126175	rs2185343
NM_000518.5(HBB):c.315+350G>A	HBB|LOC107133510|LOC110006319	single nucleotide variant	not provided	G: Likely benign	criteria provided, single submitter	intron variant		2023/12/10			11:5247457	11:5226227	1634371	VCV001634371	rs1632458
NM_000518.5(HBB):c.315+349T>C	HBB|LOC107133510|LOC110006319	single nucleotide variant	not provided	G: Likely benign	criteria provided, single submitter	intron variant		2023/12/14			11:5247458	11:5226228	1088500	VCV001088500	rs1078307
NM_000518.5(HBB):c.315+347T>C	HBB|LOC107133510|LOC110006319	single nucleotide variant	not provided	G: Likely benign	criteria provided, single submitter	intron variant		2022/11/03			11:5247460	11:5226230	2811839	VCV002811839	rs2969077
NM_000518.5(HBB):c.315+344A>C	HBB|LOC107133510|LOC110006319	single nucleotide variant	not provided	G: Likely benign	criteria provided, single submitter	intron variant		2022/04/08			11:5247463	11:5226233	1659455	VCV001659455	rs1543184
NM_000518.5(HBB):c.315+344A>G	HBB|LOC107133510|LOC110006319	single nucleotide variant	not provided	G: Likely benign	criteria provided, single submitter	intron variant		2023/11/17			11:5247463	11:5226233	1625263	VCV001625263	rs1542883
NM_000518.5(HBB):c.315+342G>T	HBB|LOC107133510|LOC110006319	single nucleotide variant	not provided	G: Likely benign	criteria provided, single submitter	intron variant		2022/02/27			11:5247465	11:5226235	2103983	VCV002103983	rs2165740
NM_000518.5(HBB):c.315+342G>A	HBB|LOC107133510|LOC110006319	single nucleotide variant	not provided	G: Likely benign	criteria provided, single submitter	intron variant		2021/12/19			11:5247465	11:5226235	2048985	VCV002048985	rs2114628
NM_000518.5(HBB):c.315+339T>A	HBB|LOC107133510|LOC110006319	single nucleotide variant	not provided	G: Likely benign	criteria provided, single submitter	intron variant		2019/04/22			11:5247468	11:5226238	1138404	VCV001138404	rs1121500
NM_000518.5(HBB):c.315+338T>G	LOC107133510|LOC110006319|HBB	single nucleotide variant	not provided	G: Likely benign	criteria provided, single submitter	intron variant		2023/06/28			11:5247469	11:5226239	2731683	VCV002731683	rs2890438
NM_000518.5(HBB):c.315+337A>G	HBB|LOC107133510|LOC110006319	single nucleotide variant	not provided	G: Likely benign	criteria provided, single submitter	intron variant		2025/12/08			11:5247470	11:5226240	754485	VCV000754485	rs775699
NM_000518.5(HBB):c.315+335C>T	HBB|LOC107133510|LOC110006319	single nucleotide variant	not provided	G: Likely benign	criteria provided, single submitter	intron variant		2022/12/16			11:5247472	11:5226242	1115039	VCV001115039	rs1100023
NM_000518.5(HBB):c.315+335C>G	LOC107133510|HBB|LOC110006319	single nucleotide variant	not provided	G: Likely benign	criteria provided, single submitter	intron variant		2023/09/21			11:5247472	11:5226242	765568	VCV000765568	rs775688
NM_000518.5(HBB):c.315+334A>C	LOC107133510|LOC110006319|HBB	single nucleotide variant	not provided	G: Likely benign	criteria provided, single submitter	intron variant		2024/02/02			11:5247473	11:5226243	765167	VCV000765167	rs775694
NM_000518.5(HBB):c.315+333T>A	HBB|LOC107133510|LOC110006319	single nucleotide variant	not provided	G: Likely benign	criteria provided, single submitter	intron variant		2024/01/02			11:5247474	11:5226244	2707027	VCV002707027	rs2870600
NM_000518.5(HBB):c.315+332T>G	HBB|LOC107133510|LOC110006319	single nucleotide variant	not provided	G: Likely benign	criteria provided, single submitter	intron variant		2024/02/02			11:5247475	11:5226245	794095	VCV000794095	rs787686
NM_000518.5(HBB):c.315+331A>G	HBB|LOC107133510|LOC110006319	single nucleotide variant	not provided	G: Likely benign	criteria provided, single submitter	intron variant		2023/09/25			11:5247476	11:5226246	2124799	VCV002124799	rs2181393
NM_000518.5(HBB):c.315+331A>C	HBB|LOC107133510|LOC110006319	single nucleotide variant	not provided	G: Likely benign	criteria provided, single submitter	intron variant		2019/11/22			11:5247476	11:5226246	1090534	VCV001090534	rs1078308
NM_000518.5(HBB):c.315+330C>G	HBB|LOC107133510|LOC110006319	single nucleotide variant	not provided	G: Likely benign	criteria provided, single submitter	intron variant		2024/02/14			11:5247477	11:5226247	1978241	VCV001978241	rs2045212
NM_000518.5(HBB):c.315+330C>A	HBB|LOC107133510|LOC110006319	single nucleotide variant	not provided	G: Likely benign	criteria provided, single submitter	intron variant		2023/09/22			11:5247477	11:5226247	1636161	VCV001636161	rs1644186
NM_000518.5(HBB):c.315+328T>C	HBB|LOC107133510|LOC110006319	single nucleotide variant	not provided	G: Likely benign	criteria provided, single submitter	intron variant		2024/01/31			11:5247479	11:5226249	3633170	VCV003633170	rs3773356
NM_000518.5(HBB):c.315+327G>A	HBB|LOC107133510|LOC110006319	single nucleotide variant	not provided	G: Likely benign	criteria provided, single submitter	intron variant		2024/02/26			11:5247480	11:5226250	1145475	VCV001145475	rs1142375
NM_000518.5(HBB):c.315+325T>A	HBB|LOC107133510|LOC110006319	single nucleotide variant	not provided	G: Likely benign	criteria provided, single submitter	intron variant		2023/01/24			11:5247482	11:5226252	2829888	VCV002829888	rs2990550
NM_000518.5(HBB):c.315+325T>G	HBB|LOC107133510|LOC110006319	single nucleotide variant	not provided	G: Likely benign	criteria provided, single submitter	intron variant		2025/11/18			11:5247482	11:5226252	1120442	VCV001120442	rs1121501
NM_000518.5(HBB):c.315+324C>T	HBB|LOC107133510|LOC110006319	single nucleotide variant	not provided	G: Likely benign	criteria provided, single submitter	intron variant		2023/03/31			11:5247483	11:5226253	2851326	VCV002851326	rs3009828
NM_000518.5(HBB):c.315+323C>T	HBB|LOC107133510|LOC110006319	single nucleotide variant	not provided	G: Likely benign	criteria provided, single submitter	intron variant		2022/12/07			11:5247484	11:5226254	2819196	VCV002819196	rs2977722
NM_000518.5(HBB):c.315+322G>A	LOC110006319|HBB|LOC107133510	single nucleotide variant	not provided	G: Likely benign	criteria provided, single submitter	intron variant		2023/11/06			11:5247485	11:5226255	1996113	VCV001996113	rs2056623
NM_000518.5(HBB):c.315+321T>G	HBB|LOC107133510|LOC110006319	single nucleotide variant	not provided	G: Likely benign	criteria provided, single submitter	intron variant		2022/08/09			11:5247486	11:5226256	2019578	VCV002019578	rs2086465
NM_000518.5(HBB):c.315+319T>C	HBB|LOC107133510|LOC110006319	single nucleotide variant	not provided	G: Likely benign	criteria provided, single submitter	intron variant		2022/10/23			11:5247488	11:5226258	2036691	VCV002036691	rs2101058
NM_000518.5(HBB):c.315+317A>C	LOC110006319|HBB|LOC107133510	single nucleotide variant	not provided	G: Likely benign	criteria provided, single submitter	intron variant		2022/04/14			11:5247490	11:5226260	1110772	VCV001110772	rs1100025
NM_000518.5(HBB):c.315+317A>G	HBB|LOC107133510|LOC110006319	single nucleotide variant	not provided	G: Likely benign	criteria provided, single submitter	intron variant		2025/12/22			11:5247490	11:5226260	1108644	VCV001108644	rs1100024
NM_000518.5(HBB):c.315+316_315+317del	HBB|LOC107133510|LOC110006319	Microsatellite	not provided	G: Likely benign	criteria provided, single submitter	intron variant		2024/01/06			11:5247490	11:5226260	1104520	VCV001104520	rs1100026
NM_000518.5(HBB):c.315+316C>G	HBB|LOC107133510|LOC110006319	single nucleotide variant	not provided	G: Likely benign	criteria provided, single submitter	intron variant		2022/04/04			11:5247491	11:5226261	2116902	VCV002116902	rs2172209
NM_000518.5(HBB):c.315+316C>T	HBB|LOC107133510|LOC110006319	single nucleotide variant	not provided	G: Likely benign	criteria provided, single submitter	intron variant		2023/02/04			11:5247491	11:5226261	1140225	VCV001140225	rs1121502
NM_000518.5(HBB):c.315+315A>C	HBB|LOC107133510|LOC110006319	single nucleotide variant	not provided	G: Likely benign	criteria provided, single submitter	intron variant		2022/02/27			11:5247492	11:5226262	2103997	VCV002103997	rs2165754
NM_000518.5(HBB):c.315+313_315+314insAAAAACTTAACTTAAAAA	HBB|LOC107133510|LOC110006319	Microsatellite	not provided	G: Likely benign	criteria provided, single submitter	intron variant		2021/08/25			11:5247493	11:5226263	1575692	VCV001575692	rs1551720
NM_000518.5(HBB):c.315+314C>T	HBB|LOC107133510|LOC110006319	single nucleotide variant	not provided	G: Likely benign	criteria provided, single submitter	intron variant		2021/12/01			11:5247493	11:5226263	1560083	VCV001560083	rs1606617
NM_000518.5(HBB):c.315+312delinsAAAAAACTTAACTTAACTTAAAAA	HBB|LOC107133510|LOC110006319	Indel	Beta-thalassemia HBB/LCRB	G: Likely benign	no assertion criteria provided	intron variant		2023/09/25			11:5247495	11:5226265	4280318	VCV004280318	rs4392862
NM_000518.5(HBB):c.315+312T>A	HBB|LOC107133510|LOC110006319	single nucleotide variant	not provided	G: Likely benign	criteria provided, single submitter	intron variant		2021/08/21			11:5247495	11:5226265	1579555	VCV001579555	rs1533513
NM_000518.5(HBB):c.315+312T>C	HBB|LOC107133510|LOC110006319	single nucleotide variant	not provided	G: Likely benign	criteria provided, single submitter	intron variant		2025/12/01			11:5247495	11:5226265	1130103	VCV001130103	rs1121503
NM_000518.5(HBB):c.315+310T>A	HBB|LOC107133510|LOC110006319	single nucleotide variant	not provided	G: Likely benign	criteria provided, single submitter	intron variant		2024/01/25			11:5247497	11:5226267	1616150	VCV001616150	rs1613870
NM_000518.5(HBB):c.315+310T>C	HBB|LOC107133510|LOC110006319	single nucleotide variant	not provided	G: Likely benign	criteria provided, single submitter	intron variant		2026/01/11			11:5247497	11:5226267	1096696	VCV001096696	rs1078309
NM_000518.5(HBB):c.315+309C>A	HBB|LOC107133510|LOC110006319	single nucleotide variant	not provided	G: Likely benign	criteria provided, single submitter	intron variant		2024/08/26			11:5247498	11:5226268	2421180	VCV002421180	rs1938724
NM_000518.5(HBB):c.315+308_315+309insG	HBB|LOC107133510|LOC110006319	Insertion	not provided	G: Likely benign	criteria provided, single submitter	intron variant		2022/05/16			11:5247498	11:5226268	2135317	VCV002135317	rs2190725
NM_000518.5(HBB):c.315+300dup	HBB|LOC107133510|LOC110006319	Duplication	not provided	G: Likely benign	criteria provided, single submitter	intron variant		2026/01/24			11:5247498	11:5226268	1161626	VCV001161626	rs1142376
NM_000518.5(HBB):c.315+306_315+308del	HBB|LOC107133510|LOC110006319	Deletion	not provided	G: Likely benign	criteria provided, single submitter	intron variant		2023/11/05			11:5247499	11:5226269	1097250	VCV001097250	rs1078310
NM_000518.5(HBB):c.315+308del	LOC107133510|LOC110006319|HBB	Deletion	not provided	G: Likely benign	criteria provided, single submitter	intron variant		2026/01/26			11:5247499	11:5226269	763829	VCV000763829	rs775899
NM_000518.5(HBB):c.315+307A>G	HBB|LOC107133510|LOC110006319	single nucleotide variant	not provided	G: Likely benign	criteria provided, single submitter	intron variant		2022/06/19			11:5247500	11:5226270	2008559	VCV002008559	rs2066509
NM_000518.5(HBB):c.315+306A>T	LOC110006319|LOC107133510|HBB	single nucleotide variant	not provided	G: Likely benign	criteria provided, single submitter	intron variant		2025/10/14			11:5247501	11:5226271	1081010	VCV001081010	rs1078311
NM_000518.5(HBB):c.315+305A>G	LOC110006319|HBB|LOC107133510	single nucleotide variant	not provided	G: Likely benign	criteria provided, single submitter	intron variant		2023/11/15			11:5247502	11:5226272	2133380	VCV002133380	rs2190069
NM_000518.5(HBB):c.315+300A>T	LOC107133510|LOC110006319|HBB	single nucleotide variant	not provided	G: Likely benign	criteria provided, single submitter	intron variant		2023/07/13			11:5247507	11:5226277	2016705	VCV002016705	rs2072065
NM_000518.5(HBB):c.315+300A>G	HBB|LOC107133510|LOC110006319	single nucleotide variant	not provided	G: Likely benign	criteria provided, single submitter	intron variant		2019/06/18			11:5247507	11:5226277	1110299	VCV001110299	rs1100027
NM_000518.5(HBB):c.315+299T>A	HBB|LOC107133510|LOC110006319	single nucleotide variant	not provided	G: Likely benign	criteria provided, single submitter	intron variant		2023/11/20			11:5247508	11:5226278	2027331	VCV002027331	rs2081404
NM_000518.5(HBB):c.315+299T>C	HBB|LOC107133510|LOC110006319	single nucleotide variant	not provided	G: Likely benign	criteria provided, single submitter	intron variant		2022/01/16			11:5247508	11:5226278	1972497	VCV001972497	rs2026056
NM_000518.5(HBB):c.315+297C>T	LOC107133510|HBB|LOC110006319	single nucleotide variant	not provided	G: Likely benign	criteria provided, single submitter	intron variant		2024/02/04			11:5247510	11:5226280	3638824	VCV003638824	rs3771691
NM_000518.5(HBB):c.315+296A>G	LOC110006319|HBB|LOC107133510	single nucleotide variant	not provided	G: Likely benign	criteria provided, single submitter	intron variant		2023/11/13			11:5247511	11:5226281	2846440	VCV002846440	rs3004966
NM_000518.5(HBB):c.315+294T>G	HBB|LOC107133510|LOC110006319	single nucleotide variant	not provided	G: Likely benign	criteria provided, single submitter	intron variant		2023/03/21			11:5247513	11:5226283	2848166	VCV002848166	rs3005409
NM_000518.5(HBB):c.315+293G>T	LOC107133510|HBB|LOC110006319	single nucleotide variant	not provided	G: Likely benign	criteria provided, single submitter	intron variant		2023/01/24			11:5247514	11:5226284	1662061	VCV001662061	rs1576943
NM_000518.5(HBB):c.315+293G>A	HBB|LOC107133510|LOC110006319	single nucleotide variant	not provided	G: Likely benign	criteria provided, single submitter	intron variant		2023/03/14			11:5247514	11:5226284	755422	VCV000755422	rs775839
NM_000518.5(HBB):c.315+292A>C	HBB|LOC107133510|LOC110006319	single nucleotide variant	not provided	G: Likely benign	criteria provided, single submitter	intron variant		2026/01/09			11:5247515	11:5226285	1084859	VCV001084859	rs1078312
NM_000518.5(HBB):c.315+290T>G	HBB|LOC107133510|LOC110006319	single nucleotide variant	not provided	G: Likely benign	criteria provided, single submitter	intron variant		2026/01/12			11:5247517	11:5226287	1161484	VCV001161484	rs1142377
NM_000518.5(HBB):c.315+289T>C	HBB|LOC107133510|LOC110006319	single nucleotide variant	not provided	G: Likely benign	criteria provided, single submitter	intron variant		2025/10/17			11:5247518	11:5226288	4729396	VCV004729396	rs4842694
NM_000518.5(HBB):c.315+288A>C	HBB|LOC107133510|LOC110006319	single nucleotide variant	not provided	G: Likely benign	criteria provided, single submitter	intron variant		2024/01/12			11:5247519	11:5226289	2192067	VCV002192067	rs1915589
NM_000518.5(HBB):c.315+287C>A	HBB|LOC107133510|LOC110006319	single nucleotide variant	not provided	G: Likely benign	criteria provided, single submitter	intron variant		2023/11/09			11:5247520	11:5226290	1557489	VCV001557489	rs1627932
NM_000518.5(HBB):c.315+287C>T	HBB|LOC107133510|LOC110006319	single nucleotide variant	not provided	G: Likely benign	criteria provided, single submitter	intron variant		2023/12/13			11:5247520	11:5226290	1151871	VCV001151871	rs1142378
NM_000518.5(HBB):c.315+285T>C	LOC110006319|HBB|LOC107133510	single nucleotide variant	not provided	G: Likely benign	criteria provided, single submitter	intron variant		2023/06/09			11:5247522	11:5226292	1110042	VCV001110042	rs1100028
NM_000518.5(HBB):c.315+284A>C	HBB|LOC107133510|LOC110006319	single nucleotide variant	not provided	G: Likely benign	criteria provided, single submitter	intron variant		2023/03/03			11:5247523	11:5226293	2782584	VCV002782584	rs2941141
NM_000518.5(HBB):c.315+283_315+284del	HBB|LOC107133510|LOC110006319	Microsatellite	not provided	G: Likely benign	criteria provided, single submitter	intron variant		2021/11/11			11:5247523	11:5226293	1616432	VCV001616432	rs1526622
NM_000518.5(HBB):c.315+283G>C	LOC110006319|LOC107133510|HBB	single nucleotide variant	not provided	G: Likely benign	criteria provided, single submitter	intron variant		2020/06/04			11:5247524	11:5226294	1079811	VCV001079811	rs1078313
NM_000518.5(HBB):c.315+277C>A	HBB|LOC107133510|LOC110006319	single nucleotide variant	not provided	G: Likely benign	criteria provided, single submitter	intron variant		2021/01/13			11:5247530	11:5226300	1084243	VCV001084243	rs1078314
NM_000518.5(HBB):c.315+273A>T	HBB|LOC107133510|LOC110006319	single nucleotide variant	not provided	G: Likely benign	criteria provided, single submitter	intron variant		2023/10/26			11:5247534	11:5226304	2860247	VCV002860247	rs3028884
NM_000518.5(HBB):c.315+273A>G	HBB|LOC107133510|LOC110006319	single nucleotide variant	not provided	G: Likely benign	criteria provided, single submitter	intron variant		2024/01/31			11:5247534	11:5226304	2736437	VCV002736437	rs2895128
NM_000518.5(HBB):c.315+272A>G	LOC107133510|LOC110006319|HBB	single nucleotide variant	not provided	G: Likely benign	criteria provided, single submitter	intron variant		2023/05/10			11:5247535	11:5226305	797671	VCV000797671	rs787690
NM_000518.5(HBB):c.315+270G>A	HBB|LOC107133510|LOC110006319	single nucleotide variant	not provided	G: Likely benign	criteria provided, single submitter	intron variant		2023/11/17			11:5247537	11:5226307	2806723	VCV002806723	rs2967812
NM_000518.5(HBB):c.315+269_315+270del	HBB|LOC107133510|LOC110006319	Deletion	not provided	G: Likely benign	criteria provided, single submitter	intron variant		2026/01/28			11:5247537	11:5226307	1084750	VCV001084750	rs1078315
NM_000518.5(HBB):c.315+269G>A	HBB|LOC107133510|LOC110006319	single nucleotide variant	not provided	G: Likely benign	criteria provided, single submitter	intron variant		2023/06/25			11:5247538	11:5226308	2807382	VCV002807382	rs2964617
NM_000518.5(HBB):c.315+266A>G	HBB|LOC107133510|LOC110006319	single nucleotide variant	not provided	G: Likely benign	criteria provided, single submitter	intron variant		2022/04/11			11:5247541	11:5226311	2124508	VCV002124508	rs2184969
NM_000518.5(HBB):c.315+265A>G	HBB|LOC107133510|LOC110006319	single nucleotide variant	not provided	G: Likely benign	criteria provided, single submitter	intron variant		2023/07/07			11:5247542	11:5226312	1110755	VCV001110755	rs1100029
NM_000518.5(HBB):c.315+264C>T	HBB|LOC107133510|LOC110006319	single nucleotide variant	not provided	G: Likely benign	criteria provided, single submitter	intron variant		2023/06/06			11:5247543	11:5226313	2824238	VCV002824238	rs2978912
NM_000518.5(HBB):c.315+264C>A	HBB|LOC107133510|LOC110006319	single nucleotide variant	not provided	G: Likely benign	criteria provided, single submitter	intron variant		2024/03/03			11:5247543	11:5226313	1662786	VCV001662786	rs1555592
NM_000518.5(HBB):c.315+262A>G	HBB|LOC107133510|LOC110006319	single nucleotide variant	not provided	G: Likely benign	criteria provided, single submitter	intron variant		2023/03/19			11:5247545	11:5226315	2847426	VCV002847426	rs3012346
NM_000518.5(HBB):c.315+261T>C	HBB|LOC107133510|LOC110006319	single nucleotide variant	not provided	G: Likely benign	criteria provided, single submitter	intron variant		2024/03/13			11:5247546	11:5226316	1138442	VCV001138442	rs1121504
NM_000518.5(HBB):c.315+259dup	HBB|LOC107133510|LOC110006319	Duplication	not provided	G: Likely benign	criteria provided, single submitter	intron variant		2024/02/25			11:5247547	11:5226317	2694305	VCV002694305	rs2864270
NM_000518.5(HBB):c.315+260A>G	HBB|LOC107133510|LOC110006319	single nucleotide variant	Beta-thalassemia HBB/LCRB	G: Likely benign	reviewed by expert panel	intron variant		2026/04/30			11:5247547	11:5226317	750903	VCV000750903	rs775846
NM_000518.5(HBB):c.315+258G>A	HBB|LOC107133510|LOC110006319	single nucleotide variant	not provided	G: Likely benign	criteria provided, single submitter	intron variant		2023/11/19			11:5247549	11:5226319	1094628	VCV001094628	rs1078316
NM_000518.5(HBB):c.315+257T>A	HBB|LOC107133510|LOC110006319	single nucleotide variant	not provided	G: Likely benign	criteria provided, single submitter	intron variant		2022/03/08			11:5247550	11:5226320	2107558	VCV002107558	rs2166722
NM_000518.5(HBB):c.315+256G>A	LOC107133510|LOC110006319|HBB	single nucleotide variant	not provided	G: Likely benign	criteria provided, single submitter	intron variant		2023/11/18			11:5247551	11:5226321	2697109	VCV002697109	rs2854679
NM_000518.5(HBB):c.315+255T>C	HBB|LOC107133510|LOC110006319	single nucleotide variant	not provided	G: Likely benign	criteria provided, single submitter	intron variant		2019/10/09			11:5247552	11:5226322	869354	VCV000869354	rs857563
NM_000518.5(HBB):c.315+254T>C	HBB|LOC107133510|LOC110006319	single nucleotide variant	not provided	G: Likely benign	criteria provided, single submitter	intron variant		2025/12/15			11:5247553	11:5226323	1115568	VCV001115568	rs1100030
NM_000518.5(HBB):c.315+253A>G	HBB|LOC107133510|LOC110006319	single nucleotide variant	not provided	G: Likely benign	criteria provided, single submitter	intron variant		2025/11/18			11:5247554	11:5226324	4766669	VCV004766669	rs4872772
NM_000518.5(HBB):c.315+251A>C	HBB|LOC107133510|LOC110006319	single nucleotide variant	not provided	G: Likely benign	criteria provided, single submitter	intron variant		2023/04/14			11:5247556	11:5226326	2856031	VCV002856031	rs3011112
NM_000518.5(HBB):c.315+248T>C	HBB|LOC107133510|LOC110006319	single nucleotide variant	not provided	G: Likely benign	criteria provided, single submitter	intron variant		2023/05/13			11:5247559	11:5226329	2062347	VCV002062347	rs2117620
NM_000518.5(HBB):c.315+246C>T	HBB|LOC107133510|LOC110006319	single nucleotide variant	not provided	G: Likely benign	criteria provided, single submitter	intron variant		2022/11/14			11:5247561	11:5226331	1602775	VCV001602775	rs1611114
NM_000518.5(HBB):c.315+246C>G	HBB|LOC107133510|LOC110006319	single nucleotide variant	not provided	G: Likely benign	criteria provided, single submitter	intron variant		2020/06/14			11:5247561	11:5226331	1122528	VCV001122528	rs1121505
NM_000518.5(HBB):c.315+246C>A	HBB|LOC107133510|LOC110006319	single nucleotide variant	not provided	G: Likely benign	criteria provided, single submitter	intron variant		2023/02/06			11:5247561	11:5226331	1084304	VCV001084304	rs1078317
NM_000518.5(HBB):c.315+245G>A	HBB|LOC107133510|LOC110006319	single nucleotide variant	not provided	G: Likely benign	criteria provided, single submitter	intron variant		2023/11/24			11:5247562	11:5226332	2856346	VCV002856346	rs3007598
NM_000518.5(HBB):c.315+244T>C	HBB|LOC107133510|LOC110006319	single nucleotide variant	not provided	G: Likely benign	criteria provided, single submitter	intron variant		2023/02/18			11:5247563	11:5226333	1610083	VCV001610083	rs1551039
NM_000518.5(HBB):c.315+243A>T	HBB|LOC107133510|LOC110006319	single nucleotide variant	not provided	G: Likely benign	criteria provided, single submitter	intron variant		2024/01/16			11:5247564	11:5226334	2709663	VCV002709663	rs2878408
NM_000518.5(HBB):c.315+241T>C	HBB|LOC107133510|LOC110006319	single nucleotide variant	not provided	G: Likely benign	criteria provided, single submitter	intron variant		2026/01/19			11:5247566	11:5226336	4735712	VCV004735712	rs4847680
NM_000518.5(HBB):c.315+239C>T	HBB|LOC107133510|LOC110006319	single nucleotide variant	not provided	G: Likely benign	criteria provided, single submitter	intron variant		2023/08/29			11:5247568	11:5226338	2873169	VCV002873169	rs3035043
NM_000518.5(HBB):c.315+238A>G	LOC110006319|LOC107133510|HBB	single nucleotide variant	not provided	G: Likely benign	criteria provided, single submitter	intron variant		2023/10/05			11:5247569	11:5226339	2765807	VCV002765807	rs2922681
NM_000518.5(HBB):c.315+237T>C	HBB|LOC107133510|LOC110006319	single nucleotide variant	not provided	G: Likely benign	criteria provided, single submitter	intron variant		2022/03/08			11:5247570	11:5226340	2107559	VCV002107559	rs2166723
NM_000518.5(HBB):c.315+237T>A	HBB|LOC107133510|LOC110006319	single nucleotide variant	not provided	G: Likely benign	criteria provided, single submitter	intron variant		2020/06/04			11:5247570	11:5226340	1157380	VCV001157380	rs1142379
NM_000518.5(HBB):c.315+235T>G	HBB|LOC107133510|LOC110006319	single nucleotide variant	not provided	G: Likely benign	criteria provided, single submitter	intron variant		2025/11/18			11:5247572	11:5226342	1119536	VCV001119536	rs1100031
NM_000518.5(HBB):c.315+234T>A	LOC110006319|HBB|LOC107133510	single nucleotide variant	not provided	G: Likely benign	criteria provided, single submitter	intron variant		2019/10/08			11:5247573	11:5226343	1088912	VCV001088912	rs1078318
NM_000518.5(HBB):c.315+233A>G	HBB|LOC107133510|LOC110006319	single nucleotide variant	not provided	G: Likely benign	criteria provided, single submitter	intron variant		2022/10/16			11:5247574	11:5226344	1657398	VCV001657398	rs1628562
NM_000518.5(HBB):c.315+232T>C	HBB|LOC107133510|LOC110006319	single nucleotide variant	not provided	G: Likely benign	criteria provided, single submitter	intron variant		2023/02/04			11:5247575	11:5226345	1101564	VCV001101564	rs1100032
NM_000518.5(HBB):c.315+231C>T	HBB|LOC107133510|LOC110006319	single nucleotide variant	not provided	G: Likely benign	criteria provided, single submitter	intron variant		2021/10/25			11:5247576	11:5226346	1611650	VCV001611650	rs1552166
NM_000518.5(HBB):c.315+230A>G	HBB|LOC107133510|LOC110006319	single nucleotide variant	not provided	G: Likely benign	criteria provided, single submitter	intron variant		2022/08/21			11:5247577	11:5226347	2025654	VCV002025654	rs2081002
NM_000518.5(HBB):c.315+229dup	HBB|LOC107133510|LOC110006319	Duplication	not provided	G: Benign	criteria provided, single submitter	intron variant		2022/08/26			11:5247577	11:5226347	2019850	VCV002019850	rs2086737
NM_000518.5(HBB):c.315+229T>A	LOC110006319|HBB|LOC107133510	single nucleotide variant	not provided	G: Likely benign	criteria provided, single submitter	intron variant		2020/11/25			11:5247578	11:5226348	1655708	VCV001655708	rs1616058
NM_000518.5(HBB):c.315+226T>A	HBB|LOC107133510|LOC110006319	single nucleotide variant	not provided	G: Likely benign	criteria provided, single submitter	intron variant		2024/01/13			11:5247581	11:5226351	2831007	VCV002831007	rs2990808
NM_000518.5(HBB):c.315+225T>A	HBB|LOC107133510|LOC110006319	single nucleotide variant	not provided	G: Likely benign	criteria provided, single submitter	intron variant		2021/04/11			11:5247582	11:5226352	1549965	VCV001549965	rs1538919
NM_000518.5(HBB):c.315+222C>A	HBB|LOC107133510|LOC110006319	single nucleotide variant	not provided	G: Likely benign	criteria provided, single submitter	intron variant		2023/09/12			11:5247585	11:5226355	2760286	VCV002760286	rs2911098
NM_000518.5(HBB):c.315+221G>T	HBB|LOC107133510|LOC110006319	single nucleotide variant	not provided	G: Likely benign	criteria provided, single submitter	intron variant		2023/12/21			11:5247586	11:5226356	2790355	VCV002790355	rs2960119
NM_000518.5(HBB):c.315+221G>A	LOC107133510|LOC110006319|HBB	single nucleotide variant	not provided	G: Likely benign	criteria provided, single submitter	intron variant		2026/01/16			11:5247586	11:5226356	763631	VCV000763631	rs775904
NM_000518.5(HBB):c.315+220C>T	HBB|LOC107133510|LOC110006319	single nucleotide variant	not provided	G: Benign	criteria provided, single submitter	intron variant		2026/01/31			11:5247587	11:5226357	707768	VCV000707768	rs695525
NM_000518.5(HBB):c.315+219C>T	HBB|LOC107133510|LOC110006319	single nucleotide variant	not provided	G: Likely benign	criteria provided, single submitter	intron variant		2023/03/27			11:5247588	11:5226358	2847814	VCV002847814	rs3008886
NM_000518.5(HBB):c.315+219C>A	LOC110006319|LOC107133510|HBB	single nucleotide variant	not provided	G: Likely benign	criteria provided, single submitter	intron variant		2024/01/17			11:5247588	11:5226358	1661917	VCV001661917	rs1576799
NM_000518.5(HBB):c.315+217C>A	LOC110006319|HBB|LOC107133510	single nucleotide variant	not provided	G: Likely benign	criteria provided, single submitter	intron variant		2022/06/13			11:5247590	11:5226360	2103994	VCV002103994	rs2165751
NM_000518.5(HBB):c.315+214C>T	HBB|LOC107133510|LOC110006319	single nucleotide variant	not provided	G: Likely benign	criteria provided, single submitter	intron variant		2026/01/09			11:5247593	11:5226363	2804976	VCV002804976	rs2967360
NM_000518.5(HBB):c.315+214del	LOC107133510|HBB|LOC110006319	Deletion	not provided	G: Likely benign	criteria provided, single submitter	intron variant		2025/10/01			11:5247593	11:5226363	2127595	VCV002127595	rs2185472
NM_000518.5(HBB):c.315+205dup	HBB|LOC107133510|LOC110006319	Duplication	not provided	G: Benign	criteria provided, single submitter	intron variant		2024/03/03			11:5247593	11:5226363	1167977	VCV001167977	rs1156722
NM_000518.5(HBB):c.315+210_315+213del	HBB|LOC107133510|LOC110006319	Deletion	not provided	G: Likely benign	criteria provided, single submitter	intron variant		2022/05/16			11:5247594	11:5226364	2159789	VCV002159789	rs1886865
NM_000518.5(HBB):c.315+211_315+213del	HBB|LOC107133510|LOC110006319	Deletion	not provided	G: Likely benign	criteria provided, single submitter	intron variant		2024/02/03			11:5247594	11:5226364	1584154	VCV001584154	rs1581412
NM_000518.5(HBB):c.315+213T>C	LOC110006319|LOC107133510|HBB	single nucleotide variant	not provided	G: Likely benign	criteria provided, single submitter	intron variant		2026/02/02			11:5247594	11:5226364	1148302	VCV001148302	rs1142380
NM_000518.5(HBB):c.315+213del	HBB|LOC107133510|LOC110006319	Deletion	not provided	G: Likely benign	criteria provided, single submitter	intron variant		2025/11/25			11:5247594	11:5226364	1097054	VCV001097054	rs1078320
NM_000518.5(HBB):c.315+213T>A	HBB|LOC107133510|LOC110006319	single nucleotide variant	not provided	G: Likely benign	criteria provided, single submitter	intron variant		2025/12/01			11:5247594	11:5226364	1080158	VCV001080158	rs1078319
NM_000518.5(HBB):c.315+212T>G	HBB|LOC107133510|LOC110006319	single nucleotide variant	not provided	G: Likely benign	criteria provided, single submitter	intron variant		2020/10/09			11:5247595	11:5226365	1099709	VCV001099709	rs1100033
NM_000518.5(HBB):c.315+211T>A	HBB|LOC107133510|LOC110006319	single nucleotide variant	not provided	G: Likely benign	criteria provided, single submitter	intron variant		2022/10/27			11:5247596	11:5226366	2036940	VCV002036940	rs2101307
NM_000518.5(HBB):c.315+211T>G	HBB|LOC107133510|LOC110006319	single nucleotide variant	not provided	G: Likely benign	criteria provided, single submitter	intron variant		2019/01/23			11:5247596	11:5226366	1146145	VCV001146145	rs1142381
NM_000518.5(HBB):c.315+211T>C	LOC110006319|HBB|LOC107133510	single nucleotide variant	not provided	G: Likely benign	criteria provided, single submitter	intron variant		2023/08/16			11:5247596	11:5226366	1089483	VCV001089483	rs1078321
NM_000518.5(HBB):c.315+210T>A	LOC110006319|HBB|LOC107133510	single nucleotide variant	not provided	G: Likely benign	criteria provided, single submitter	intron variant		2021/02/10			11:5247597	11:5226367	1586850	VCV001586850	rs1628790
NM_000518.5(HBB):c.315+204_315+208del	HBB|LOC107133510|LOC110006319	Deletion	not provided	G: Likely benign	criteria provided, single submitter	intron variant		2026/01/04			11:5247599	11:5226369	753521	VCV000753521	rs775906
NM_000518.5(HBB):c.315+207T>C	HBB|LOC107133510|LOC110006319	single nucleotide variant	not provided	G: Likely benign	criteria provided, single submitter	intron variant		2022/05/08			11:5247600	11:5226370	2135493	VCV002135493	rs2188748
NM_000518.5(HBB):c.315+207T>A	HBB|LOC107133510|LOC110006319	single nucleotide variant	not provided	G: Likely benign	criteria provided, single submitter	intron variant		2025/12/14			11:5247600	11:5226370	793209	VCV000793209	rs787692
NM_000518.5(HBB):c.315+204_315+207del	LOC107133510|LOC110006319|HBB	Microsatellite	not provided	G: Likely benign	criteria provided, single submitter	intron variant		2025/12/26			11:5247600	11:5226370	765761	VCV000765761	rs775704
NM_000518.5(HBB):c.315+204_315+206del	HBB|LOC107133510|LOC110006319	Deletion	not provided	G: Likely benign	criteria provided, single submitter	intron variant		2023/09/01			11:5247601	11:5226371	2845297	VCV002845297	rs3014752
NM_000518.5(HBB):c.315+205T>C	LOC107133510|LOC110006319|HBB	single nucleotide variant	not provided	G: Likely benign	criteria provided, single submitter	intron variant		2022/03/01			11:5247602	11:5226372	2099827	VCV002099827	rs2147385
NM_000518.5(HBB):c.315+205T>G	HBB|LOC107133510|LOC110006319	single nucleotide variant	not provided	G: Likely benign	criteria provided, single submitter	intron variant		2018/11/22			11:5247602	11:5226372	796030	VCV000796030	rs787985
NM_000518.5(HBB):c.315+204del	HBB|LOC107133510|LOC110006319	Deletion	not provided	G: Likely benign	criteria provided, single submitter	intron variant		2023/01/03			11:5247603	11:5226373	2802497	VCV002802497	rs2963182
NM_000518.5(HBB):c.315+204C>A	HBB|LOC107133510|LOC110006319	single nucleotide variant	not provided	G: Likely benign	criteria provided, single submitter	intron variant		2023/07/07			11:5247603	11:5226373	2736477	VCV002736477	rs2895167
NM_000518.5(HBB):c.315+203T>G	HBB|LOC107133510|LOC110006319	single nucleotide variant	not provided	G: Likely benign	criteria provided, single submitter	intron variant		2024/02/05			11:5247604	11:5226374	3633051	VCV003633051	rs3763563
NM_000518.5(HBB):c.315+203T>C	HBB|LOC107133510|LOC110006319	single nucleotide variant	not provided	G: Likely benign	criteria provided, single submitter	intron variant		2026/01/19			11:5247604	11:5226374	763383	VCV000763383	rs775848
NM_000518.5(HBB):c.315+202T>C	HBB|LOC107133510|LOC110006319	single nucleotide variant	not provided	G: Likely benign	criteria provided, single submitter	intron variant		2025/12/28			11:5247605	11:5226375	1124939	VCV001124939	rs1121506
NM_000518.5(HBB):c.315+199_315+201del	HBB|LOC107133510|LOC110006319	Deletion	not provided	G: Likely benign	criteria provided, single submitter	intron variant		2023/12/04			11:5247606	11:5226376	2763854	VCV002763854	rs2922023
NM_000518.5(HBB):c.315+200C>T	HBB|LOC107133510|LOC110006319	single nucleotide variant	not provided	G: Likely benign	criteria provided, single submitter	intron variant		2023/09/17			11:5247607	11:5226377	1663300	VCV001663300	rs1619609
NM_000518.5(HBB):c.315+199G>A	HBB|LOC107133510|LOC110006319	single nucleotide variant	not provided	G: Likely benign	criteria provided, single submitter	intron variant		2022/08/12			11:5247608	11:5226378	2045391	VCV002045391	rs2103283
NM_000518.5(HBB):c.315+198T>C	HBB|LOC107133510|LOC110006319	single nucleotide variant	not provided	G: Likely benign	criteria provided, single submitter	intron variant		2021/05/09			11:5247609	11:5226379	1618173	VCV001618173	rs1527495
NM_000518.5(HBB):c.315+198del	HBB|LOC107133510|LOC110006319	Deletion	not provided	G: Likely benign	criteria provided, single submitter	intron variant		2018/08/21			11:5247609	11:5226379	766084	VCV000766084	rs775708
NM_000518.5(HBB):c.315+195T>A	HBB|LOC107133510|LOC110006319	single nucleotide variant	not provided	G: Likely benign	criteria provided, single submitter	intron variant		2022/12/29			11:5247612	11:5226382	1637547	VCV001637547	rs1645140
NM_000518.5(HBB):c.315+195T>C	HBB|LOC107133510|LOC110006319	single nucleotide variant	not provided	G: Likely benign	criteria provided, single submitter	intron variant		2024/03/14			11:5247612	11:5226382	1121394	VCV001121394	rs1121507
NM_000518.5(HBB):c.315+188_315+191del	HBB|LOC107133510|LOC110006319	Deletion	not provided	G: Likely benign	criteria provided, single submitter	intron variant		2023/11/20			11:5247616	11:5226386	2829137	VCV002829137	rs2983803
NM_000518.5(HBB):c.315+189T>C	LOC110006319|HBB|LOC107133510	single nucleotide variant	not provided	G: Likely benign	criteria provided, single submitter	intron variant		2024/02/04			11:5247618	11:5226388	751288	VCV000751288	rs775851
NM_000518.5(HBB):c.315+187T>C	HBB|LOC107133510|LOC110006319	single nucleotide variant	not provided	G: Likely benign	criteria provided, single submitter	intron variant		2021/08/02			11:5247620	11:5226390	1562797	VCV001562797	rs1643208
NM_000518.5(HBB):c.315+183_315+187del	HBB|LOC107133510|LOC110006319	Deletion	not provided	G: Likely benign	criteria provided, single submitter	intron variant		2023/05/16			11:5247620	11:5226390	1119125	VCV001119125	rs1100034
NM_000518.5(HBB):c.315+184T>C	HBB|LOC107133510|LOC110006319	single nucleotide variant	not provided	G: Likely benign	criteria provided, single submitter	intron variant		2019/12/31			11:5247623	11:5226393	1094229	VCV001094229	rs1078322
NM_000518.5(HBB):c.315+183C>G	HBB|LOC107133510|LOC110006319	single nucleotide variant	not provided	G: Likely benign	criteria provided, single submitter	intron variant		2022/11/29			11:5247624	11:5226394	1537336	VCV001537336	rs1596929
NM_000518.5(HBB):c.315+183C>A	HBB|LOC107133510|LOC110006319	single nucleotide variant	not provided	G: Likely benign	criteria provided, single submitter	intron variant		2025/12/17			11:5247624	11:5226394	1127800	VCV001127800	rs1121508
NM_000518.5(HBB):c.315+181T>C	HBB|LOC107133510|LOC110006319	single nucleotide variant	not provided	G: Likely benign	criteria provided, single submitter	intron variant		2024/02/22			11:5247626	11:5226396	1665450	VCV001665450	rs1589834
NM_000518.5(HBB):c.315+178_315+180del	HBB|LOC107133510|LOC110006319	Deletion	not provided	G: Likely benign	criteria provided, single submitter	intron variant		2022/07/08			11:5247627	11:5226397	2014931	VCV002014931	rs2071581
NM_000518.5(HBB):c.315+180T>C	HBB|LOC107133510|LOC110006319	single nucleotide variant	not provided, not specified	G: Benign/Likely benign	criteria provided, multiple submitters, no conflicts	intron variant		2026/03/11			11:5247627	11:5226397	695498	VCV000695498	rs685289
NM_000518.5(HBB):c.315+178G>A	HBB|LOC107133510|LOC110006319	single nucleotide variant	not provided	G: Likely benign	criteria provided, single submitter	intron variant		2024/02/03			11:5247629	11:5226399	1565090	VCV001565090	rs1568044
NM_000518.5(HBB):c.315+176T>C	HBB|LOC110006319|LOC107133510	single nucleotide variant	not provided	G: Likely benign	criteria provided, single submitter	intron variant		2022/01/01			11:5247631	11:5226401	1644289	VCV001644289	rs1564330
NM_000518.5(HBB):c.315+175A>T	HBB|LOC107133510|LOC110006319	single nucleotide variant	not provided	G: Likely benign	criteria provided, single submitter	intron variant		2023/12/19			11:5247632	11:5226402	766521	VCV000766521	rs775712
NM_000518.5(HBB):c.315+174A>T	HBB|LOC107133510|LOC110006319	single nucleotide variant	not provided	G: Likely benign	criteria provided, single submitter	intron variant		2022/12/16			11:5247633	11:5226403	2821601	VCV002821601	rs2985254
NM_000518.5(HBB):c.315+174A>G	LOC110006319|HBB|LOC107133510	single nucleotide variant	not provided	G: Likely benign	criteria provided, single submitter	intron variant		2019/10/08			11:5247633	11:5226403	1139479	VCV001139479	rs1121509
NM_000518.5(HBB):c.315+173C>A	HBB|LOC107133510|LOC110006319	single nucleotide variant	not provided	G: Likely benign	criteria provided, single submitter	intron variant		2022/11/20			11:5247634	11:5226404	2798327	VCV002798327	rs2955563
NM_000518.5(HBB):c.315+171A>G	LOC107133510|LOC110006319|HBB	single nucleotide variant	not provided	G: Likely benign	criteria provided, single submitter	intron variant		2026/01/12			11:5247636	11:5226406	703455	VCV000703455	rs695526
NM_000518.5(HBB):c.315+170T>G	HBB|LOC107133510|LOC110006319	single nucleotide variant	not provided	G: Likely benign	criteria provided, single submitter	intron variant		2023/10/24			11:5247637	11:5226407	2771547	VCV002771547	rs2927533
NM_000518.5(HBB):c.315+169A>C	HBB|LOC107133510|LOC110006319	single nucleotide variant	not provided	G: Likely benign	criteria provided, single submitter	intron variant		2022/10/28			11:5247638	11:5226408	2810430	VCV002810430	rs2965104
NM_000518.5(HBB):c.315+169A>G	HBB|LOC107133510|LOC110006319	single nucleotide variant	not provided	G: Likely benign	criteria provided, single submitter	intron variant		2026/01/12			11:5247638	11:5226408	1102136	VCV001102136	rs1100035
NM_000518.5(HBB):c.315+168C>T	HBB|LOC107133510|LOC110006319	single nucleotide variant	not provided	G: Likely benign	criteria provided, single submitter	intron variant		2022/11/01			11:5247639	11:5226409	2089612	VCV002089612	rs2144942
NM_000518.5(HBB):c.315+167T>C	HBB|LOC107133510|LOC110006319	single nucleotide variant	not provided	G: Likely benign	criteria provided, single submitter	intron variant		2023/03/03			11:5247640	11:5226410	2877762	VCV002877762	rs3038934
NM_000518.5(HBB):c.315+166T>A	HBB|LOC107133510|LOC110006319	single nucleotide variant	not provided	G: Likely benign	criteria provided, single submitter	intron variant		2023/11/02			11:5247641	11:5226411	2793504	VCV002793504	rs2950751
NM_000518.5(HBB):c.315+158_315+166del	HBB|LOC107133510|LOC110006319	Deletion	not provided	G: Likely benign	criteria provided, single submitter	intron variant		2021/06/10			11:5247641	11:5226411	1641954	VCV001641954	rs1650997
NM_000518.5(HBB):c.315+165G>A	HBB|LOC107133510|LOC110006319	single nucleotide variant	not provided	G: Likely benign	criteria provided, single submitter	intron variant		2020/10/19			11:5247642	11:5226412	1158961	VCV001158961	rs1142382
NM_000518.5(HBB):c.315+164del	HBB|LOC107133510|LOC110006319	Deletion	not provided	G: Likely benign	criteria provided, single submitter	intron variant		2023/02/20			11:5247643	11:5226413	2838569	VCV002838569	rs3003069
NM_000518.5(HBB):c.315+164T>G	HBB|LOC107133510|LOC110006319	single nucleotide variant	not provided	G: Likely benign	criteria provided, single submitter	intron variant		2023/09/04			11:5247643	11:5226413	2757925	VCV002757925	rs2914768
NM_000518.5(HBB):c.315+164T>C	HBB|LOC107133510|LOC110006319	single nucleotide variant	not provided	G: Likely benign	criteria provided, single submitter	intron variant		2022/05/05			11:5247643	11:5226413	2134337	VCV002134337	rs2187056
NM_000518.5(HBB):c.315+163C>T	HBB|LOC107133510|LOC110006319	single nucleotide variant	not provided	G: Likely benign	criteria provided, single submitter	intron variant		2022/12/03			11:5247644	11:5226414	2808336	VCV002808336	rs2968138
NM_000518.5(HBB):c.315+160T>C	HBB|LOC107133510|LOC110006319	single nucleotide variant	not provided	G: Likely benign	criteria provided, single submitter	intron variant		2019/10/18			11:5247647	11:5226417	1123082	VCV001123082	rs1121510
NM_000518.5(HBB):c.315+158A>T	HBB|LOC107133510|LOC110006319	single nucleotide variant	not provided	G: Likely benign	criteria provided, single submitter	intron variant		2025/12/08			11:5247649	11:5226419	1124975	VCV001124975	rs1121511
NM_000518.5(HBB):c.315+157T>C	HBB|LOC107133510|LOC110006319	single nucleotide variant	not provided	G: Likely benign	criteria provided, single submitter	intron variant		2023/09/08			11:5247650	11:5226420	2795099	VCV002795099	rs2951049
NM_000518.5(HBB):c.315+153_315+157del	LOC107133510|LOC110006319|HBB	Deletion	not provided	G: Likely benign	criteria provided, single submitter	intron variant		2024/01/19			11:5247650	11:5226420	1158508	VCV001158508	rs1142383
NM_000518.5(HBB):c.315+156T>C	HBB|LOC107133510|LOC110006319	single nucleotide variant	not provided	G: Likely benign	criteria provided, single submitter	intron variant		2026/02/02			11:5247651	11:5226421	797626	VCV000797626	rs787694
NM_000518.5(HBB):c.315+147_315+152del	LOC107133510|HBB|LOC110006319	Deletion	not provided	G: Likely benign	criteria provided, single submitter	intron variant		2024/02/08			11:5247655	11:5226425	1094269	VCV001094269	rs1078323
NM_000518.5(HBB):c.315+149G>A	HBB|LOC107133510|LOC110006319	single nucleotide variant	not provided	G: Likely benign	criteria provided, single submitter	intron variant		2020/07/24			11:5247658	11:5226428	1101596	VCV001101596	rs1100036
NM_000518.5(HBB):c.315+148A>G	HBB|LOC107133510|LOC110006319	single nucleotide variant	not provided	G: Likely benign	criteria provided, single submitter	intron variant		2024/02/17			11:5247659	11:5226429	1626697	VCV001626697	rs1636390
NM_000518.5(HBB):c.315+144T>G	LOC110006319|HBB|LOC107133510	single nucleotide variant	not provided	G: Likely benign	criteria provided, single submitter	intron variant		2023/06/19			11:5247663	11:5226433	2817790	VCV002817790	rs2987431
NM_000518.5(HBB):c.315+143G>A	HBB|LOC107133510|LOC110006319	single nucleotide variant	not provided	G: Likely benign	criteria provided, single submitter	intron variant		2026/01/17			11:5247664	11:5226434	1135734	VCV001135734	rs1121512
NM_000518.5(HBB):c.315+143G>C	HBB|LOC107133510|LOC110006319	single nucleotide variant	not provided	G: Likely benign	criteria provided, single submitter	intron variant		2019/06/05			11:5247664	11:5226434	1114903	VCV001114903	rs1100037
NM_000518.5(HBB):c.315+143G>T	HBB|LOC107133510|LOC110006319	single nucleotide variant	not provided	G: Likely benign	criteria provided, single submitter	intron variant		2024/03/13			11:5247664	11:5226434	1082749	VCV001082749	rs1078324
NM_000518.5(HBB):c.315+142C>T	HBB|LOC107133510|LOC110006319	single nucleotide variant	not provided	G: Likely benign	criteria provided, single submitter	intron variant		2026/01/05			11:5247665	11:5226435	797670	VCV000797670	rs787761
NM_000518.5(HBB):c.315+140A>T	HBB|LOC107133510|LOC110006319	single nucleotide variant	not provided	G: Likely benign	criteria provided, single submitter	intron variant		2022/11/25			11:5247667	11:5226437	2816740	VCV002816740	rs2984242
NM_000518.5(HBB):c.315+140A>G	HBB|LOC107133510|LOC110006319	single nucleotide variant	not provided	G: Likely benign	criteria provided, single submitter	intron variant		2023/02/18			11:5247667	11:5226437	1113861	VCV001113861	rs1100038
NM_000518.5(HBB):c.315+139G>C	LOC107133510|HBB|LOC110006319	single nucleotide variant	not provided	G: Likely benign	criteria provided, single submitter	intron variant		2022/09/12			11:5247668	11:5226438	1077721	VCV001077721	rs1078325
NM_000518.5(HBB):c.315+139G>A	HBB|LOC107133510|LOC110006319	single nucleotide variant	not provided	G: Likely benign	criteria provided, single submitter	intron variant		2026/01/09			11:5247668	11:5226438	766523	VCV000766523	rs775717
NM_000518.5(HBB):c.315+138G>A	HBB|LOC107133510|LOC110006319	single nucleotide variant	not provided	G: Likely benign	criteria provided, single submitter	intron variant		2022/12/17			11:5247669	11:5226439	2790939	VCV002790939	rs2957250
NM_000518.5(HBB):c.315+134C>G	HBB|LOC107133510|LOC110006319	single nucleotide variant	not provided	G: Likely benign	criteria provided, single submitter	intron variant		2023/08/29			11:5247673	11:5226443	1580352	VCV001580352	rs1653174
NM_000518.5(HBB):c.315+132G>C	LOC107133510|LOC110006319|HBB	single nucleotide variant	not provided	G: Likely benign	criteria provided, single submitter	intron variant		2024/02/15			11:5247675	11:5226445	795422	VCV000795422	rs787986
NM_000518.5(HBB):c.315+129del	LOC110006319|HBB|LOC107133510	Deletion	not provided	G: Likely benign	criteria provided, single submitter	intron variant		2023/09/29			11:5247678	11:5226448	2088016	VCV002088016	rs2154975
NM_000518.5(HBB):c.315+129G>A	HBB|LOC107133510|LOC110006319	single nucleotide variant	not provided	G: Likely benign	criteria provided, single submitter	intron variant		2025/11/19			11:5247678	11:5226448	1145460	VCV001145460	rs1142384
NM_000518.5(HBB):c.315+128G>C	LOC110006319|HBB|LOC107133510	single nucleotide variant	not provided	G: Likely benign	criteria provided, single submitter	intron variant		2023/09/29			11:5247679	11:5226449	2088018	VCV002088018	rs2154977
NM_000518.5(HBB):c.315+127T>C	HBB|LOC107133510|LOC110006319	single nucleotide variant	not provided	G: Likely benign	criteria provided, single submitter	intron variant		2020/09/02			11:5247680	11:5226450	1092961	VCV001092961	rs1078326
NM_000518.5(HBB):c.315+125T>A	HBB|LOC107133510|LOC110006319	single nucleotide variant	not provided	G: Likely benign	criteria provided, single submitter	intron variant		2023/05/31			11:5247682	11:5226452	1122537	VCV001122537	rs1121513
NC_000011.10:g.5226452_5228055del	HBB|LOC106099062|LOC107133510|LOC110006319	Deletion	beta Thalassemia	G: Pathogenic	no assertion criteria provided			2019/11/25			11:5247682	11:5226452	869250	VCV000869250	rs857564
NM_000518.5(HBB):c.315+125T>C	HBB|LOC107133510|LOC110006319	single nucleotide variant	not provided	G: Likely benign	criteria provided, single submitter	intron variant		2024/03/13			11:5247682	11:5226452	800025	VCV000800025	rs787696
NM_000518.5(HBB):c.315+124G>C	HBB|LOC107133510|LOC110006319	single nucleotide variant	not provided	G: Likely benign	criteria provided, single submitter	intron variant		2023/01/18			11:5247683	11:5226453	2829919	VCV002829919	rs2990581
NM_000518.5(HBB):c.315+124G>A	LOC110006319|HBB|LOC107133510	single nucleotide variant	not provided	G: Likely benign	criteria provided, single submitter	intron variant		2022/09/21			11:5247683	11:5226453	2021501	VCV002021501	rs2087104
NM_000518.5(HBB):c.315+122C>A	HBB|LOC107133510|LOC110006319	single nucleotide variant	not provided	G: Likely benign	criteria provided, single submitter	intron variant		2023/10/09			11:5247685	11:5226455	2767167	VCV002767167	rs2926611
NM_000518.5(HBB):c.315+119C>A	HBB|LOC107133510|LOC110006319	single nucleotide variant	not provided	G: Likely benign	criteria provided, single submitter	intron variant		2022/08/16			11:5247688	11:5226458	2022708	VCV002022708	rs2076772
NM_000518.5(HBB):c.315+118G>A	HBB|LOC107133510|LOC110006319	single nucleotide variant	not provided	G: Likely benign	criteria provided, single submitter	intron variant		2023/04/19			11:5247689	11:5226459	1660101	VCV001660101	rs1606472
NM_000518.5(HBB):c.315+118G>C	HBB|LOC107133510|LOC110006319	single nucleotide variant	not provided	G: Likely benign	criteria provided, single submitter	intron variant		2023/01/17			11:5247689	11:5226459	796185	VCV000796185	rs787774
NM_000518.5(HBB):c.315+117T>A	HBB|LOC107133510|LOC110006319	single nucleotide variant	not provided	G: Likely benign	criteria provided, single submitter	intron variant		2021/04/08			11:5247690	11:5226460	1548840	VCV001548840	rs1572955
NM_000518.5(HBB):c.315+116T>C	HBB|LOC107133510|LOC110006319	single nucleotide variant	not provided	G: Likely benign	criteria provided, single submitter	intron variant		2023/07/28			11:5247691	11:5226461	1089337	VCV001089337	rs1078327
NM_000518.5(HBB):c.315+115A>T	HBB|LOC107133510|LOC110006319	single nucleotide variant	not provided	G: Likely benign	criteria provided, single submitter	intron variant		2023/08/28			11:5247692	11:5226462	1124760	VCV001124760	rs1121514
NM_000518.5(HBB):c.315+114G>A	HBB|LOC107133510|LOC110006319	single nucleotide variant	not provided	G: Likely benign	criteria provided, single submitter	intron variant		2021/05/07			11:5247693	11:5226463	1656658	VCV001656658	rs1562043
NM_000518.5(HBB):c.315+111_315+112insATTCTA	HBB|LOC107133510|LOC110006319	Insertion	not provided	G: Likely benign	criteria provided, single submitter	intron variant		2023/11/15			11:5247695	11:5226465	2696164	VCV002696164	rs2861019
NM_000518.5(HBB):c.315+110G>C	HBB|LOC107133510|LOC110006319	single nucleotide variant	not provided	G: Likely benign	criteria provided, single submitter	intron variant		2023/11/15			11:5247697	11:5226467	2696165	VCV002696165	rs2861020
NM_000518.5(HBB):c.315+110G>A	HBB|LOC107133510|LOC110006319	single nucleotide variant	not provided	G: Likely benign	criteria provided, single submitter	intron variant		2024/01/02			11:5247697	11:5226467	1613548	VCV001613548	rs1578285
NM_000518.5(HBB):c.315+109C>G	HBB|LOC107133510|LOC110006319	single nucleotide variant	not provided	G: Likely benign	criteria provided, single submitter	intron variant		2023/01/11			11:5247698	11:5226468	2827665	VCV002827665	rs2979776
NM_000518.5(HBB):c.315+109C>A	HBB|LOC107133510|LOC110006319	single nucleotide variant	not provided	G: Likely benign	criteria provided, single submitter	intron variant		2024/03/18			11:5247698	11:5226468	1643392	VCV001643392	rs1587349
NM_000518.5(HBB):c.315+109C>T	LOC107133510|LOC110006319|HBB	single nucleotide variant	not provided	G: Likely benign	criteria provided, single submitter	intron variant		2026/01/28			11:5247698	11:5226468	706923	VCV000706923	rs695527
NM_000518.5(HBB):c.315+108A>G	HBB|LOC107133510|LOC110006319	single nucleotide variant	beta Thalassemia	G: Likely benign	criteria provided, single submitter	intron variant		2024/05/24			11:5247699	11:5226469	3910008	VCV003910008	rs4025907
NM_000518.5(HBB):c.315+107G>A	LOC110006319|HBB|LOC107133510	single nucleotide variant	not provided	G: Likely benign	criteria provided, single submitter	intron variant		2023/11/17			11:5247700	11:5226470	2808048	VCV002808048	rs2971689
NM_000518.5(HBB):c.315+105C>A	LOC107133510|LOC110006319|HBB	single nucleotide variant	not provided	G: Likely benign	criteria provided, single submitter	intron variant		2023/12/14			11:5247702	11:5226472	2875229	VCV002875229	rs3032638
NM_000518.5(HBB):c.315+105C>G	HBB|LOC107133510|LOC110006319	single nucleotide variant	not provided	G: Likely benign	criteria provided, single submitter	intron variant		2024/01/27			11:5247702	11:5226472	2713508	VCV002713508	rs2875805
NM_000518.5(HBB):c.315+104A>T	HBB|LOC107133510|LOC110006319	single nucleotide variant	not provided	G: Likely benign	criteria provided, single submitter	intron variant		2023/10/17			11:5247703	11:5226473	2769315	VCV002769315	rs2923590
NM_000518.5(HBB):c.315+100G>C	HBB|LOC107133510|LOC110006319	single nucleotide variant	not provided	G: Likely benign	criteria provided, single submitter	intron variant		2020/08/04			11:5247707	11:5226477	1126808	VCV001126808	rs1121515
NM_000518.5(HBB):c.315+100G>A	HBB|LOC107133510|LOC110006319	single nucleotide variant	not provided	G: Likely benign	criteria provided, single submitter	intron variant		2025/12/19			11:5247707	11:5226477	1111047	VCV001111047	rs1100039
NM_000518.5(HBB):c.315+96A>G	HBB|LOC107133510|LOC110006319	single nucleotide variant	not provided	G: Likely benign	criteria provided, single submitter	intron variant		2023/08/08			11:5247711	11:5226481	2842293	VCV002842293	rs3000830
NM_000518.5(HBB):c.315+90G>T	HBB|LOC107133510|LOC110006319	single nucleotide variant	not provided	G: Likely benign	criteria provided, single submitter	intron variant		2023/03/12			11:5247717	11:5226487	2845263	VCV002845263	rs3014718
NM_000518.5(HBB):c.315+90G>A	HBB|LOC107133510|LOC110006319	single nucleotide variant	not provided	G: Likely benign	criteria provided, single submitter	intron variant		2023/04/11			11:5247717	11:5226487	1118813	VCV001118813	rs1100040
NM_000518.5(HBB):c.315+89A>T	HBB|LOC107133510|LOC110006319	single nucleotide variant	not provided	G: Likely benign	criteria provided, single submitter	intron variant		2023/05/21			11:5247718	11:5226488	2787390	VCV002787390	rs2945939
NM_000518.5(HBB):c.315+88_315+89del	HBB|LOC107133510|LOC110006319	Deletion	not provided	G: Likely benign	criteria provided, single submitter	intron variant		2022/02/25			11:5247718	11:5226488	2098074	VCV002098074	rs2146930
NM_000518.5(HBB):c.315+85G>A	HBB|LOC107133510|LOC110006319	single nucleotide variant	not provided	G: Likely benign	criteria provided, single submitter	intron variant		2025/10/24			11:5247722	11:5226492	1097379	VCV001097379	rs1078328
NM_000518.5(HBB):c.315+82_315+83del	HBB|LOC107133510|LOC110006319	Deletion	not provided, not specified	G: Likely benign	criteria provided, multiple submitters, no conflicts	intron variant		2024/12/20			11:5247724	11:5226494	2852703	VCV002852703	rs3006523
NM_000518.5(HBB):c.315+83G>A	HBB|LOC107133510|LOC110006319	single nucleotide variant	not provided	G: Likely benign	criteria provided, single submitter	intron variant		2022/05/21			11:5247724	11:5226494	1997666	VCV001997666	rs2056886
NM_000518.5(HBB):c.315+83G>T	LOC107133510|LOC110006319|HBB	single nucleotide variant	not provided	G: Likely benign	criteria provided, single submitter	intron variant		2021/10/31			11:5247724	11:5226494	1546485	VCV001546485	rs1526334
NM_000518.5(HBB):c.315+81C>A	HBB|LOC107133510|LOC110006319	single nucleotide variant	not provided	G: Likely benign	criteria provided, single submitter	intron variant		2019/05/13			11:5247726	11:5226496	1111267	VCV001111267	rs1100041
NM_000518.5(HBB):c.315+81C>T	HBB|LOC107133510|LOC110006319	single nucleotide variant	Beta-thalassemia HBB/LCRB	G: Benign	reviewed by expert panel	intron variant		2026/04/30			11:5247726	11:5226496	439774	VCV000439774	rs433082
NM_000518.5(HBB):c.315+80A>T	HBB|LOC107133510|LOC110006319	single nucleotide variant	not provided	G: Likely benign	criteria provided, single submitter	intron variant		2022/03/02			11:5247727	11:5226497	795403	VCV000795403	rs787766
NM_000518.5(HBB):c.315+77G>T	HBB|LOC107133510|LOC110006319	single nucleotide variant	not provided	G: Likely benign	criteria provided, single submitter	intron variant		2019/06/06			11:5247730	11:5226500	1144869	VCV001144869	rs1142385
NM_000518.5(HBB):c.315+77G>A	LOC110006319|HBB|LOC107133510	single nucleotide variant	not provided	G: Likely benign	criteria provided, single submitter	intron variant		2021/05/12			11:5247730	11:5226500	1111743	VCV001111743	rs1100042
NM_000518.5(HBB):c.315+72_315+75dup	HBB|LOC107133510|LOC110006319	Duplication	not provided	G: Likely benign	criteria provided, single submitter	intron variant		2022/07/21			11:5247731	11:5226501	2018766	VCV002018766	rs2069002
NM_000518.5(HBB):c.315+76A>C	HBB|LOC107133510|LOC110006319	single nucleotide variant	not provided	G: Likely benign	criteria provided, single submitter	intron variant		2019/06/25			11:5247731	11:5226501	1127638	VCV001127638	rs1121516
NM_000518.5(HBB):c.315+74T>A	HBB|LOC107133510|LOC110006319	single nucleotide variant	not provided	G: Likely benign	criteria provided, single submitter	intron variant		2022/12/05			11:5247733	11:5226503	2818822	VCV002818822	rs2981194
NM_000518.5(HBB):c.315+74T>C	HBB|LOC107133510|LOC110006319	single nucleotide variant	not provided	G: Likely benign	criteria provided, single submitter	intron variant		2020/07/21			11:5247733	11:5226503	1130698	VCV001130698	rs1121517
NM_000518.5(HBB):c.315+74T>G	HBB|LOC107133510|LOC110006319	single nucleotide variant	not provided, beta Thalassemia	G: Benign	criteria provided, multiple submitters, no conflicts	intron variant		2026/02/04			11:5247733	11:5226503	439775	VCV000439775	rs433083
NM_000518.5(HBB):c.315+73A>T	HBB|LOC107133510|LOC110006319	single nucleotide variant	not provided	G: Likely benign	criteria provided, single submitter	intron variant		2019/11/15			11:5247734	11:5226504	1080073	VCV001080073	rs1078329
NM_000518.5(HBB):c.315+73A>G	HBB|LOC107133510|LOC110006319	single nucleotide variant	not provided	G: Uncertain significance	criteria provided, single submitter	intron variant		2020/04/02			11:5247734	11:5226504	994209	VCV000994209	rs981742
NM_000518.5(HBB):c.315+71G>C	HBB|LOC107133510|LOC110006319	single nucleotide variant	not provided	G: Likely benign	criteria provided, single submitter	intron variant		2024/02/08			11:5247736	11:5226506	3701912	VCV003701912	rs3833917
NM_000518.5(HBB):c.315+71G>A	HBB|LOC107133510|LOC110006319	single nucleotide variant	not provided	G: Likely benign	criteria provided, single submitter	intron variant		2024/02/22			11:5247736	11:5226506	1124649	VCV001124649	rs1121518
NM_000518.5(HBB):c.315+70G>C	HBB|LOC107133510|LOC110006319	single nucleotide variant	not specified, not provided	G: Benign/Likely benign	criteria provided, multiple submitters, no conflicts	intron variant		2026/01/26			11:5247737	11:5226507	764666	VCV000764666	rs775852
NM_000518.5(HBB):c.315+69G>A	HBB|LOC107133510|LOC110006319	single nucleotide variant	not provided	G: Likely benign	criteria provided, single submitter	intron variant		2023/11/20			11:5247738	11:5226508	1114525	VCV001114525	rs1100043
NM_000518.5(HBB):c.315+65G>A	HBB|LOC107133510|LOC110006319	single nucleotide variant	not provided	G: Likely benign	criteria provided, single submitter	intron variant		2023/07/08			11:5247742	11:5226512	1656642	VCV001656642	rs1562027
NM_000518.5(HBB):c.315+63T>G	HBB|LOC107133510|LOC110006319	single nucleotide variant	not provided	G: Likely benign	criteria provided, single submitter	intron variant		2023/08/14			11:5247744	11:5226514	2752305	VCV002752305	rs2916073
NM_000518.5(HBB):c.315+63T>C	HBB|LOC107133510|LOC110006319	single nucleotide variant	not provided	G: Likely benign	criteria provided, single submitter	intron variant		2025/06/04			11:5247744	11:5226514	1124970	VCV001124970	rs1121519
NM_000518.5(HBB):c.315+60T>C	HBB|LOC107133510|LOC110006319	single nucleotide variant	not provided	G: Likely benign	criteria provided, single submitter	intron variant		2024/10/04			11:5247747	11:5226517	2708823	VCV002708823	rs2871114
NM_000518.5(HBB):c.315+58T>C	HBB|LOC107133510|LOC110006319	single nucleotide variant	not provided	G: Likely benign	criteria provided, single submitter	intron variant		2023/08/11			11:5247749	11:5226519	1099906	VCV001099906	rs1100044
NM_000518.5(HBB):c.315+57A>G	HBB|LOC107133510|LOC110006319	single nucleotide variant	not provided	G: Likely benign	criteria provided, single submitter	intron variant		2026/01/03			11:5247750	11:5226520	4734636	VCV004734636	rs4840746
NM_000518.5(HBB):c.315+56C>T	HBB|LOC107133510|LOC110006319	single nucleotide variant	not provided	G: Likely benign	criteria provided, single submitter	intron variant		2022/12/05			11:5247751	11:5226521	1673338	VCV001673338	rs1595525
NM_000518.5(HBB):c.315+55T>A	HBB|LOC107133510|LOC110006319	single nucleotide variant	not provided	G: Likely benign	criteria provided, single submitter	intron variant		2019/09/26			11:5247752	11:5226522	1100138	VCV001100138	rs1100045
NM_000518.5(HBB):c.315+54T>C	HBB|LOC107133510|LOC110006319	single nucleotide variant	not provided	G: Likely benign	criteria provided, single submitter	intron variant		2022/04/14			11:5247753	11:5226523	1528012	VCV001528012	rs1603159
NM_000518.5(HBB):c.315+53G>T	LOC110006319|LOC107133510|HBB	single nucleotide variant	not provided	G: Likely benign	criteria provided, single submitter	intron variant		2022/10/04			11:5247754	11:5226524	1992292	VCV001992292	rs2048507
NM_000518.5(HBB):c.315+50T>A	HBB|LOC107133510|LOC110006319	single nucleotide variant	not provided	G: Likely benign	criteria provided, single submitter	intron variant		2022/01/01			11:5247757	11:5226527	2069088	VCV002069088	rs2119190
NM_000518.5(HBB):c.315+48G>C	HBB|LOC107133510|LOC110006319	single nucleotide variant	not provided	G: Likely benign	criteria provided, single submitter	intron variant		2023/10/15			11:5247759	11:5226529	1533572	VCV001533572	rs1530712
NM_000518.5(HBB):c.315+48G>T	HBB|LOC107133510|LOC110006319	single nucleotide variant	not provided	G: Likely benign	criteria provided, single submitter	intron variant		2023/12/09			11:5247759	11:5226529	1096888	VCV001096888	rs1078330
NM_000518.5(HBB):c.315+47G>A	HBB|LOC107133510|LOC110006319	single nucleotide variant	not provided	G: Likely benign	criteria provided, single submitter	intron variant		2022/03/11			11:5247760	11:5226530	1930030	VCV001930030	rs1981587
NM_000518.5(HBB):c.315+47G>C	HBB|LOC107133510|LOC110006319	single nucleotide variant	not provided	G: Likely benign	criteria provided, single submitter	intron variant		2022/01/04			11:5247760	11:5226530	1922054	VCV001922054	rs1975784
NM_000518.5(HBB):c.315+45A>C	HBB|LOC107133510|LOC110006319	single nucleotide variant	not provided	G: Likely benign	criteria provided, single submitter	intron variant		2022/10/08			11:5247762	11:5226532	2130510	VCV002130510	rs2187638
NM_000518.5(HBB):c.315+45A>G	HBB|LOC107133510|LOC110006319	single nucleotide variant	not provided	G: Likely benign	criteria provided, single submitter	intron variant		2022/04/08			11:5247762	11:5226532	1653217	VCV001653217	rs1547790
NM_000518.5(HBB):c.315+44T>C	HBB|LOC107133510|LOC110006319	single nucleotide variant	not provided	G: Likely benign	criteria provided, single submitter	intron variant		2022/08/20			11:5247763	11:5226533	2157541	VCV002157541	rs1889847
NM_000518.5(HBB):c.315+41T>A	HBB|LOC107133510|LOC110006319	single nucleotide variant	not provided	G: Likely benign	criteria provided, single submitter	intron variant		2023/05/07			11:5247766	11:5226536	1151547	VCV001151547	rs1142386
NM_000518.5(HBB):c.315+38C>T	HBB|LOC107133510|LOC110006319	single nucleotide variant	not provided	G: Likely benign	criteria provided, single submitter	intron variant		2023/06/12			11:5247769	11:5226539	2058295	VCV002058295	rs2109702
NM_000518.5(HBB):c.315+37T>A	LOC107133510|LOC110006319|HBB	single nucleotide variant	not provided	G: Likely benign	criteria provided, single submitter	intron variant		2023/12/19			11:5247770	11:5226540	2704284	VCV002704284	rs2866554
NM_000518.5(HBB):c.315+36T>A	HBB|LOC107133510|LOC110006319	single nucleotide variant	not provided	G: Likely benign	criteria provided, single submitter	intron variant		2026/01/19			11:5247771	11:5226541	1576566	VCV001576566	rs1586897
NM_000518.5(HBB):c.315+34C>A	HBB|LOC107133510|LOC110006319	single nucleotide variant	not provided	G: Likely benign	criteria provided, single submitter	intron variant		2022/03/28			11:5247773	11:5226543	1550256	VCV001550256	rs1659192
NM_000518.5(HBB):c.315+34C>T	HBB|LOC107133510|LOC110006319	single nucleotide variant	not provided	G: Likely benign	criteria provided, single submitter	intron variant		2021/02/16			11:5247773	11:5226543	755397	VCV000755397	rs775909
NM_000518.5(HBB):c.315+28C>G	HBB|LOC107133510|LOC110006319	single nucleotide variant	not provided	G: Likely benign	criteria provided, single submitter	intron variant		2020/03/18			11:5247779	11:5226549	1110073	VCV001110073	rs1100046
NM_000518.5(HBB):c.315+26T>C	HBB|LOC107133510|LOC110006319	single nucleotide variant	not provided	G: Likely benign	criteria provided, single submitter	intron variant		2022/02/18			11:5247781	11:5226551	1978912	VCV001978912	rs2038089
NM_000518.5(HBB):c.315+26T>G	HBB|LOC107133510|LOC110006319	single nucleotide variant	not provided	G: Benign	criteria provided, multiple submitters, no conflicts	intron variant		2026/02/04			11:5247781	11:5226551	439776	VCV000439776	rs433084
NM_000518.5(HBB):c.315+24T>G	HBB|LOC107133510|LOC110006319	single nucleotide variant	not provided	G: Likely benign	criteria provided, single submitter	intron variant		2021/05/03			11:5247783	11:5226553	1655157	VCV001655157	rs1549730
NM_000518.5(HBB):c.315+23G>A	LOC110006319|LOC107133510|HBB	single nucleotide variant	not provided	G: Likely benign	criteria provided, single submitter	intron variant		2022/12/23			11:5247784	11:5226554	2823430	VCV002823430	rs2985795
NM_000518.5(HBB):c.315+22T>G	HBB|LOC107133510|LOC110006319	single nucleotide variant	not provided	G: Likely benign	criteria provided, single submitter	intron variant		2021/03/13			11:5247785	11:5226555	1639168	VCV001639168	rs1525897
NM_000518.5(HBB):c.315+20G>C	HBB|LOC107133510|LOC110006319	single nucleotide variant	not provided	G: Likely benign	criteria provided, single submitter	intron variant		2022/11/18			11:5247787	11:5226557	1673500	VCV001673500	rs1595687
NM_000518.5(HBB):c.315+19T>G	HBB|LOC107133510|LOC110006319	single nucleotide variant	not provided	G: Likely benign	criteria provided, single submitter	intron variant		2023/08/14			11:5247788	11:5226558	2751019	VCV002751019	rs2913057
NM_000518.5(HBB):c.315+18T>C	HBB|LOC107133510|LOC110006319	single nucleotide variant	not provided	G: Likely benign	criteria provided, multiple submitters, no conflicts	intron variant		2025/01/24			11:5247789	11:5226559	2778654	VCV002778654	rs2943691
NM_000518.5(HBB):c.315+16G>A	HBB|LOC107133510|LOC110006319	single nucleotide variant	not provided	G: Likely benign	criteria provided, single submitter	intron variant		2021/12/23			11:5247791	11:5226561	1531668	VCV001531668	rs1666164
NM_000518.5(HBB):c.315+16G>T	LOC110006319|LOC107133510|HBB	single nucleotide variant	not provided	G: Likely benign	criteria provided, single submitter	intron variant		2020/08/25			11:5247791	11:5226561	1129052	VCV001129052	rs1121520
NM_000518.5(HBB):c.315+16G>C	HBB|LOC107133510|LOC110006319	single nucleotide variant	not provided, beta Thalassemia, not specified	G: Benign/Likely benign	criteria provided, multiple submitters, no conflicts	intron variant		2026/02/04			11:5247791	11:5226561	256345	VCV000256345	rs254206
NM_000518.5(HBB):c.315+14_315+15insGG	LOC110006319|LOC107133510|HBB	Insertion	not provided	G: Uncertain significance	criteria provided, single submitter	intron variant		2019/10/22			11:5247792	11:5226562	993074	VCV000993074	rs981058
NM_000518.5(HBB):c.315+15C>T	HBB|LOC107133510|LOC110006319	single nucleotide variant	not provided	G: Likely benign	criteria provided, single submitter	intron variant		2025/07/29			11:5247792	11:5226562	763094	VCV000763094	rs775724
NM_000518.5(HBB):c.315+14A>C	HBB|LOC107133510|LOC110006319	single nucleotide variant	not provided	G: Likely benign	criteria provided, single submitter	intron variant		2020/11/11			11:5247793	11:5226563	1649952	VCV001649952	rs1536207
NM_000518.5(HBB):c.315+12_315+13dup	HBB|LOC107133510|LOC110006319	Duplication	not provided	G: Likely benign	criteria provided, single submitter	intron variant		2026/01/20			11:5247793	11:5226563	1623178	VCV001623178	rs1540380
NM_000518.5(HBB):c.315+13G>C	HBB|LOC107133510|LOC110006319	single nucleotide variant	not provided	G: Likely benign	criteria provided, single submitter	intron variant		2024/02/29			11:5247794	11:5226564	3642561	VCV003642561	rs3765332
NM_000518.5(HBB):c.315+12G>T	LOC110006319|HBB|LOC107133510	single nucleotide variant	not provided	G: Likely benign	criteria provided, single submitter	intron variant		2022/08/09			11:5247795	11:5226565	1977229	VCV001977229	rs2027348
NM_000518.5(HBB):c.315+11G>C	HBB|LOC107133510|LOC110006319	single nucleotide variant	not provided	G: Likely benign	criteria provided, single submitter	intron variant		2023/10/29			11:5247796	11:5226566	1546580	VCV001546580	rs1645556
NM_000518.5(HBB):c.315+10T>C	HBB|LOC107133510|LOC110006319	single nucleotide variant	beta Thalassemia	G: Uncertain significance	no assertion criteria provided	intron variant		2025/03/11			11:5247797	11:5226567	4069112	VCV004069112	rs4174158
NM_000518.5(HBB):c.315+10T>G	HBB|LOC107133510|LOC110006319	single nucleotide variant	not provided	G: Likely benign	criteria provided, single submitter	intron variant		2020/12/09			11:5247797	11:5226567	1330543	VCV001330543	rs1321222
NC_000011.10:g.(?_5226567)_(5227294_?)del	HBB|LOC106099062|LOC107133510|LOC110006319	Deletion	not provided	G: Pathogenic	criteria provided, single submitter			2021/11/26			11:5247797	11:5226567	639377	VCV000639377	rs652198
NM_000518.5(HBB):c.315+9A>C	HBB|LOC107133510|LOC110006319	single nucleotide variant	not provided, not specified	G: Likely benign	criteria provided, multiple submitters, no conflicts	intron variant		2025/04/18			11:5247798	11:5226568	1591892	VCV001591892	rs1578008
NM_000518.5(HBB):c.315+9A>G	HBB|LOC107133510|LOC110006319	single nucleotide variant	not specified, not provided	G: Likely benign	criteria provided, multiple submitters, no conflicts	intron variant		2024/12/12			11:5247798	11:5226568	929230	VCV000929230	rs917486
NM_000518.5(HBB):c.315+8T>C	HBB|LOC107133510|LOC110006319	single nucleotide variant	not specified, not provided	G: Likely benign	criteria provided, multiple submitters, no conflicts	intron variant		2025/04/23			11:5247799	11:5226569	1960918	VCV001960918	rs2009859
NM_000518.5(HBB):c.315+7C>T	HBB|LOC106099062|LOC107133510|LOC110006319	single nucleotide variant	not provided	G: Likely benign	criteria provided, single submitter	intron variant		2022/06/18			11:5247800	11:5226570	1606913	VCV001606913	rs1658776
NC_000011.10:g.5226570_5233984del	HBB|HBD|LOC106099062|LOC106099063|LOC107133510|LOC110006319	Deletion	alpha Thalassemia, Abnormal hemoglobin, Persistence of hemoglobin F, Reduced beta/alpha synthesis ratio, Anemia	G: Pathogenic	criteria provided, single submitter			2016/01/01			11:5247800	11:5226570	15061	VCV000015061	rs30100
NM_000518.5(HBB):c.315+5G>A	HBB|LOC106099062|LOC107133510|LOC110006319	single nucleotide variant	not provided, not specified	G: Uncertain significance	criteria provided, multiple submitters, no conflicts	intron variant		2024/10/22			11:5247802	11:5226572	2682632	VCV002682632	rs2843662
NM_000518.5(HBB):c.315+5G>C	HBB|LOC106099062|LOC107133510|LOC110006319	single nucleotide variant	beta Thalassemia, not provided	G: Pathogenic	criteria provided, multiple submitters, no conflicts	intron variant		2025/09/12			11:5247802	11:5226572	869356	VCV000869356	rs857565
NM_000518.5(HBB):c.315+4_315+5del	HBB|LOC106099062|LOC107133510|LOC110006319	Deletion	beta Thalassemia	G: Pathogenic	no assertion criteria provided	intron variant		2019/11/25			11:5247802	11:5226572	15515	VCV000015515	rs30554
NM_000518.5(HBB):c.315+3_315+4insT	HBB|LOC106099062|LOC107133510|LOC110006319	Insertion	Thalassemia	G: Uncertain significance	no assertion criteria provided	intron variant		2026/02/26			11:5247803	11:5226573	4818727	VCV004818727	rs4929853
NM_000518.5(HBB):c.315+3G>C	HBB|LOC106099062|LOC107133510|LOC110006319	single nucleotide variant	not specified	G: Uncertain significance	criteria provided, single submitter	intron variant		2017/06/02			11:5247804	11:5226574	439147	VCV000439147	rs432680
NM_000518.5(HBB):c.315+1_315+2insACGTTCTC	HBB|LOC106099062|LOC107133510|LOC110006319	Insertion	not provided	G: Likely pathogenic	criteria provided, single submitter	splice donor variant		2024/03/04			11:5247805	11:5226575	3766488	VCV003766488	rs3882653
NM_000518.5(HBB):c.315+2T>C	HBB|LOC106099062|LOC107133510|LOC110006319	single nucleotide variant	beta Thalassemia	G: Pathogenic	criteria provided, single submitter	splice donor variant		2025/11/24			11:5247805	11:5226575	869355	VCV000869355	rs857566
NM_000518.5(HBB):c.315+2del	HBB|LOC106099062|LOC107133510|LOC110006319	Deletion	beta Thalassemia, not provided	G: Pathogenic/Likely pathogenic	criteria provided, multiple submitters, no conflicts	splice donor variant		2024/07/26			11:5247805	11:5226575	633258	VCV000633258	rs621817
NM_000518.5(HBB):c.315+2T>G	LOC106099062|LOC107133510|LOC110006319|HBB	single nucleotide variant	not provided, beta Thalassemia	G: Likely pathogenic	criteria provided, multiple submitters, no conflicts	splice donor variant		2024/07/10			11:5247805	11:5226575	439146	VCV000439146	rs432681
NM_000518.5(HBB):c.299_315dup (p.Leu106fs)	HBB|LOC106099062|LOC107133510|LOC110006319	Duplication	Beta-thalassemia HBB/LCRB	G: Pathogenic	no assertion criteria provided	frameshift variant	L106fs	2025/04/03			11:5247806	11:5226576	3781330	VCV003781330	rs3897289
NM_000518.5(HBB):c.315+1del	HBB|LOC106099062|LOC107133510|LOC110006319	Deletion	not provided	G: Pathogenic	criteria provided, single submitter	splice donor variant		2025/09/26			11:5247806	11:5226576	869353	VCV000869353	rs857567
NM_000518.5(HBB):c.315+1G>T	HBB|LOC106099062|LOC107133510|LOC110006319	single nucleotide variant	not provided, beta Thalassemia	G: Pathogenic	criteria provided, multiple submitters, no conflicts	splice donor variant		2025/09/16			11:5247806	11:5226576	619686	VCV000619686	rs611304
NM_000518.5(HBB):c.315+1G>C	HBB|LOC106099062|LOC107133510|LOC110006319	single nucleotide variant	not provided	G: Pathogenic	criteria provided, single submitter	splice donor variant		2021/09/14			11:5247806	11:5226576	189128	VCV000189128	rs186822
NM_000518.5(HBB):c.315+1G>A	HBB|LOC106099062|LOC107133510|LOC110006319	single nucleotide variant	Erythrocytosis, familial, 6, Heinz body anemia, Malaria, susceptibility to, Beta-thalassemia HBB/LCRB, Hereditary persistence of fetal hemoglobin, METHEMOGLOBINEMIA, BETA TYPE, Hb SS disease, Dominant beta-thalassemia, HBB-related disorder, not specified, not provided, beta Thalassemia	G: Pathogenic	criteria provided, multiple submitters, no conflicts	splice donor variant		2026/02/01			11:5247806	11:5226576	15438	VCV000015438	rs30477
NM_000518.5(HBB):c.315G>A (p.Arg105=)	HBB|LOC106099062|LOC107133510|LOC110006319	single nucleotide variant	not specified	G: Uncertain significance	criteria provided, single submitter	synonymous variant		2022/07/12			11:5247807	11:5226577	1704504	VCV001704504	rs1699037
NM_000518.4(HBB):c.[278A>C;315G>Y]	HBB|LOC106099062|LOC107133510|LOC110006319|HBB|LOC106099062|LOC107133510	Haplotype	HEMOGLOBIN DUINO	G: other	no assertion criteria provided	missense variant	R105S, H93P	2017/12/12			11:5247807	11:5226577	446742	VCV000446742	rs30169
NM_000518.5(HBB):c.315G>T (p.Arg105Ser)	LOC110006319|HBB|LOC106099062|LOC107133510	single nucleotide variant	not specified	G: Uncertain significance	criteria provided, single submitter	missense variant	R105S	2016/11/15			11:5247807	11:5226577	439779	VCV000439779	rs433085
NM_000518.5(HBB):c.315G>C (p.Arg105Ser)	HBB|LOC106099062|LOC107133510|LOC110006319	single nucleotide variant	not specified, not provided	G: Uncertain significance	criteria provided, multiple submitters, no conflicts	missense variant	R105S	2025/03/04			11:5247807	11:5226577	15525	VCV000015525	rs30564
NM_000518.5(HBB):c.315G>Y (p.Arg105Ser)	HBB|LOC106099062|LOC107133510|LOC110006319	single nucleotide variant	HEMOGLOBIN CAMPERDOWN	G: other	no assertion criteria provided	missense variant	R105S	2017/12/12			11:5247807	11:5226577	15130	VCV000015130	rs30169
NM_000518.5(HBB):c.314G>C (p.Arg105Thr)	LOC110006319|LOC107133510|LOC106099062|HBB	single nucleotide variant	not specified	G: Likely benign	criteria provided, single submitter	missense variant	R105T	2016/11/08			11:5247808	11:5226578	15351	VCV000015351	rs30390
NM_000518.5(HBB):c.312C>T (p.Phe104=)	HBB|LOC106099062|LOC107133510|LOC110006319	single nucleotide variant	not provided	G: Likely benign	criteria provided, single submitter	synonymous variant		2022/07/23			11:5247810	11:5226580	1585227	VCV001585227	rs1627162
NM_000518.5(HBB):c.312C>G (p.Phe104Leu)	HBB|LOC106099062|LOC107133510|LOC110006319	single nucleotide variant	HEMOGLOBIN HEATHROW, Erythrocytosis, familial, 6	G: Pathogenic; other	no assertion criteria provided	missense variant	F104L	2017/12/12			11:5247810	11:5226580	15192	VCV000015192	rs30231
NM_000518.4(HBB):c.310T>G (p.Phe104Val)	HBB|LOC106099062|LOC107133510|LOC110006319	single nucleotide variant	HEMOGLOBIN SPARTA	G: other	no assertion criteria provided	missense variant	F104V	2017/12/12			11:5247812	11:5226582	15608	VCV000015608	rs30647
NM_000518.4(HBB):c.310T>A (p.Phe104Ile)	HBB|LOC106099062|LOC107133510|LOC110006319	single nucleotide variant	HEMOGLOBIN SAINT NAZAIRE	G: other	no assertion criteria provided	missense variant	F104I	2017/12/12			11:5247812	11:5226582	15524	VCV000015524	rs30563
NM_000518.5(HBB):c.309C>A (p.Asn103Lys)	HBB|LOC106099062|LOC107133510|LOC110006319	single nucleotide variant	not specified, not provided	G: Uncertain significance	criteria provided, multiple submitters, no conflicts	missense variant	N103K	2023/09/22			11:5247813	11:5226583	36311	VCV000036311	rs44975
NM_000518.5(HBB):c.309C>R (p.Asn103Lys)	HBB|LOC106099062|LOC107133510|LOC110006319	single nucleotide variant	HEMOGLOBIN RICHMOND	G: other	no assertion criteria provided	missense variant	N103K	2017/12/12			11:5247813	11:5226583	15326	VCV000015326	rs30365
NM_000518.5(HBB):c.308A>T (p.Asn103Ile)	HBB|LOC106099062|LOC107133510|LOC110006319	single nucleotide variant	not provided	G: Uncertain significance	criteria provided, single submitter	missense variant	N103I	2023/07/03			11:5247814	11:5226584	2920960	VCV002920960	rs3081421
NM_000518.4(HBB):c.308A>C (p.Asn103Thr)	HBB|LOC106099062|LOC107133510|LOC110006319	single nucleotide variant	not specified	G: Benign	no assertion criteria provided	missense variant	N103T	2017/12/12			11:5247814	11:5226584	15235	VCV000015235	rs30274
NM_000518.4(HBB):c.308A>G (p.Asn103Ser)	LOC106099062|LOC107133510|LOC110006319|HBB	single nucleotide variant	HEMOGLOBIN BETH ISRAEL	G: other	no assertion criteria provided	missense variant	N103S	2017/12/12			11:5247814	11:5226584	15111	VCV000015111	rs30150
NM_000518.5(HBB):c.307A>G (p.Asn103Asp)	LOC110006319|HBB|LOC106099062|LOC107133510	single nucleotide variant	not specified	G: Uncertain significance	criteria provided, single submitter	missense variant	N103D	2018/12/27			11:5247815	11:5226585	811863	VCV000811863	rs799650
NM_000518.5(HBB):c.307A>T (p.Asn103Tyr)	HBB|LOC106099062|LOC107133510|LOC110006319	single nucleotide variant	HEMOGLOBIN ST. MANDE	G: other	no assertion criteria provided	missense variant	N103Y	2017/12/12			11:5247815	11:5226585	15354	VCV000015354	rs30393
NM_000518.5(HBB):c.306G>T (p.Glu102Asp)	HBB|LOC106099062|LOC107133510|LOC110006319	single nucleotide variant	not provided	G: Uncertain significance	criteria provided, single submitter	missense variant	E102D	2022/02/22			11:5247816	11:5226586	2432366	VCV002432366	rs2412875
NM_000518.5(HBB):c.306G>A (p.Glu102=)	HBB|LOC106099062|LOC107133510|LOC110006319	single nucleotide variant	not provided	G: Likely benign	criteria provided, single submitter	synonymous variant		2023/10/16			11:5247816	11:5226586	1531458	VCV001531458	rs1665954
NM_000518.5(HBB):c.306G>C (p.Glu102Asp)	HBB|LOC106099062|LOC107133510|LOC110006319	single nucleotide variant	HEMOGLOBIN POTOMAC, Erythrocytosis, familial, 6	G: Pathogenic; other	no assertion criteria provided	missense variant	E102D	2017/12/12			11:5247816	11:5226586	15317	VCV000015317	rs30356
NM_000518.5(HBB):c.305A>G (p.Glu102Gly)	LOC106099062|LOC107133510|LOC110006319|HBB	single nucleotide variant	Erythrocytosis, familial, 6, HEMOGLOBIN ALBERTA	G: Pathogenic; other	no assertion criteria provided	missense variant	E102G	2017/12/12			11:5247817	11:5226587	15094	VCV000015094	rs30133
NM_000518.4(HBB):c.304G>C (p.Glu102Gln)	HBB|LOC106099062|LOC107133510|LOC110006319	single nucleotide variant	beta Thalassemia	G: Likely pathogenic	criteria provided, single submitter	missense variant	E102Q	2024/03/09			11:5247818	11:5226588	15332	VCV000015332	rs30371
NM_000518.4(HBB):c.304G>A (p.Glu102Lys)	LOC110006319|LOC107133510|HBB|LOC106099062	single nucleotide variant	Erythrocytosis, familial, 6, HEMOGLOBIN BRITISH COLUMBIA	G: Pathogenic; other	no assertion criteria provided	missense variant	E102K	2017/12/12			11:5247818	11:5226588	15118	VCV000015118	rs30157
NM_000518.5(HBB):c.303T>C (p.Pro101=)	HBB|LOC106099062|LOC107133510|LOC110006319	single nucleotide variant	not provided	G: Likely benign	criteria provided, single submitter	synonymous variant		2022/08/13			11:5247819	11:5226589	1152045	VCV001152045	rs1142387
NM_000518.5(HBB):c.303T>G (p.Pro101=)	HBB|LOC106099062|LOC107133510|LOC110006319	single nucleotide variant	not provided	G: Likely benign	criteria provided, single submitter	synonymous variant		2020/03/19			11:5247819	11:5226589	1140182	VCV001140182	rs1121521
NM_000518.5(HBB):c.301_302delinsTCTGAGAACTT (p.Pro101delinsSerGluAsnPhe)	LOC106099062|LOC110006319|LOC107133510|HBB	Indel	beta Thalassemia	G: Pathogenic	no assertion criteria provided	inframe_indel		2019/11/25			11:5247820	11:5226590	869351	VCV000869351	rs857445
NM_000518.4(HBB):c.302C>G (p.Pro101Arg)	HBB|LOC106099062|LOC107133510|LOC110006319	single nucleotide variant	not provided	G: Uncertain significance	criteria provided, single submitter	missense variant	P101R	2021/11/15			11:5247820	11:5226590	15285	VCV000015285	rs30324
NM_000518.4(HBB):c.302C>T (p.Pro101Leu)	HBB|LOC106099062|LOC107133510|LOC110006319	single nucleotide variant	Erythrocytosis, familial, 6, HEMOGLOBIN BRIGHAM	G: Pathogenic; other	no assertion criteria provided	missense variant	P101L	2017/12/12			11:5247820	11:5226590	15116	VCV000015116	rs30155
NM_000518.5(HBB):c.301C>A (p.Pro101Thr)	HBB|LOC106099062|LOC107133510	single nucleotide variant	beta Thalassemia	G: Uncertain significance	no assertion criteria provided	missense variant	P101T	2025/05/12			11:5247821	11:5226591	4069105	VCV004069105	rs4174151
NM_000518.5(HBB):c.300T>C (p.Asp100=)	HBB|LOC106099062|LOC107133510	single nucleotide variant	not provided	G: Likely benign	criteria provided, single submitter	synonymous variant		2021/05/17			11:5247822	11:5226592	1554915	VCV001554915	rs1564659
NM_000518.5(HBB):c.300T>A (p.Asp100Glu)	HBB|LOC106099062|LOC107133510	single nucleotide variant	not specified, Erythrocytosis, familial, 6	G: Conflicting classifications of pathogenicity	criteria provided, conflicting classifications	missense variant	D100E	2023/03/22			11:5247822	11:5226592	917854	VCV000917854	rs906174
NM_000518.5(HBB):c.300T>R (p.Asp100Glu)	HBB|LOC106099062|LOC107133510	single nucleotide variant	HEMOGLOBIN COIMBRA	G: other	no assertion criteria provided	missense variant	D100E	2017/12/12			11:5247822	11:5226592	15495	VCV000015495	rs30534
NM_000518.4(HBB):c.299A>C (p.Asp100Ala)	HBB|LOC106099062|LOC107133510	single nucleotide variant	HEMOGLOBIN RADCLIFFE, Erythrocytosis, familial, 6	G: Pathogenic; other	no assertion criteria provided	missense variant	D100A	2017/12/12			11:5247823	11:5226593	15315	VCV000015315	rs30354
NM_000518.4(HBB):c.299A>G (p.Asp100Gly)	HBB|LOC106099062|LOC107133510	single nucleotide variant	HEMOGLOBIN HOTEL-DIEU, Erythrocytosis, familial, 6	G: Pathogenic; other	no assertion criteria provided	missense variant	D100G	2017/12/12			11:5247823	11:5226593	15204	VCV000015204	rs30243
NM_000518.4(HBB):c.299A>T (p.Asp100Val)	HBB|LOC106099062|LOC107133510	single nucleotide variant	HEMOGLOBIN CHEMILLY, Erythrocytosis, familial, 6	G: Pathogenic; other	no assertion criteria provided	missense variant	D100V	2017/12/12			11:5247823	11:5226593	15134	VCV000015134	rs30173
NM_000518.4(HBB):c.298G>T (p.Asp100Tyr)	HBB|LOC106099062|LOC107133510	single nucleotide variant	Erythrocytosis, familial, 6	G: Pathogenic	criteria provided, single submitter	missense variant	D100Y				11:5247824	11:5226594	15397	VCV000015397	rs30436
NM_000518.4(HBB):c.298G>C (p.Asp100His)	HBB|LOC106099062|LOC107133510	single nucleotide variant	Erythrocytosis, familial, 6, HEMOGLOBIN YAKIMA	G: Pathogenic; other	no assertion criteria provided	missense variant	D100H	2017/12/12			11:5247824	11:5226594	15391	VCV000015391	rs30430
NM_000518.4(HBB):c.298G>A (p.Asp100Asn)	HBB|LOC106099062|LOC107133510	single nucleotide variant	HEMOGLOBIN KEMPSEY, Erythrocytosis, familial, 6	G: Pathogenic; other	no assertion criteria provided	missense variant	D100N	2017/12/12			11:5247824	11:5226594	15236	VCV000015236	rs30275
NM_000518.5(HBB):c.272_295dup (p.Glu91_His98dup)	HBB|LOC106099062|LOC107133510	Duplication	beta Thalassemia	G: Pathogenic	no assertion criteria provided	inframe_insertion		2019/11/25			11:5247826	11:5226596	869309	VCV000869309	rs857446
NM_000518.5(HBB):c.292_295dup (p.Val99fs)	HBB|LOC106099062|LOC107133510	Duplication	Hemoglobinopathy, not provided, beta Thalassemia	G: Pathogenic/Likely pathogenic	criteria provided, multiple submitters, no conflicts	frameshift variant	V99fs	2024/09/04			11:5247826	11:5226596	619685	VCV000619685	rs611095
NM_000518.4(HBB):c.296T>G (p.Val99Gly)	HBB|LOC106099062|LOC107133510	single nucleotide variant	HEMOGLOBIN NOTTINGHAM	G: other	no assertion criteria provided	missense variant	V99G	2017/12/12			11:5247826	11:5226596	15291	VCV000015291	rs30330
NM_000518.4(HBB):c.296T>C (p.Val99Ala)	HBB|LOC106099062|LOC107133510	single nucleotide variant	HEMOGLOBIN DJELFA	G: other	no assertion criteria provided	missense variant	V99A	2017/12/12			11:5247826	11:5226596	15158	VCV000015158	rs30197
NM_000518.4(HBB):c.[295G>A;98T>A]	HBB|LOC106099062|LOC107133510|HBB|LOC106099062|LOC107133510	Haplotype	HEMOGLOBIN MEDICINE LAKE	G: other	no assertion criteria provided	missense variant	V99M, L33Q	2017/12/12			11:5247827	11:5226597	446743	VCV000446743	rs30280
NM_000518.5(HBB):c.293_295del (p.His98_Val99delinsLeu)	HBB|LOC106099062|LOC107133510	Deletion	HEMOGLOBIN GALICIA	G: other	no assertion criteria provided	inframe_indel		2017/12/12			11:5247827	11:5226597	15479	VCV000015479	rs30518
NM_000518.5(HBB):c.295G>A (p.Val99Met)	HBB|LOC106099062|LOC107133510	single nucleotide variant	Hemoglobinopathy, not provided, beta Thalassemia	G: Pathogenic	criteria provided, multiple submitters, no conflicts	missense variant	V99M	2025/08/07			11:5247827	11:5226597	15241	VCV000015241	rs30280
NM_000518.5(HBB):c.294C>A (p.His98Gln)	HBB|LOC106099062|LOC107133510	single nucleotide variant	not provided	G: Pathogenic	criteria provided, single submitter	missense variant	H98Q	2024/03/01			11:5247828	11:5226598	3766487	VCV003766487	rs3882652
NM_000518.5(HBB):c.294C>G (p.His98Gln)	HBB|LOC106099062|LOC107133510	single nucleotide variant	not provided	G: Pathogenic/Likely pathogenic	criteria provided, multiple submitters, no conflicts	missense variant	H98Q	2025/04/09			11:5247828	11:5226598	801186	VCV000801186	rs789498
NM_000518.5(HBB):c.294C>T (p.His98=)	HBB|LOC106099062|LOC107133510	single nucleotide variant	Hemoglobin E, Fetal hemoglobin quantitative trait locus 1, not provided, not specified, Inborn genetic diseases, beta Thalassemia, Hb SS disease	G: Conflicting classifications of pathogenicity	criteria provided, conflicting classifications	synonymous variant		2026/01/25			11:5247828	11:5226598	439783	VCV000439783	rs433086
NM_000518.5(HBB):c.294C>R (p.His98Gln)	HBB|LOC106099062|LOC107133510	single nucleotide variant	Erythrocytosis, familial, 6, HEMOGLOBIN MALMO	G: Pathogenic; other	no assertion criteria provided	missense variant	H98Q	2017/12/12			11:5247828	11:5226598	15259	VCV000015259	rs30298
NM_000518.5(HBB):c.280_294del (p.Cys94_His98del)	HBB|LOC106099062|LOC107133510	Deletion	beta Thalassemia, HEMOGLOBIN GUN HILL	G: Uncertain significance; other	no assertion criteria provided	inframe_deletion		2025/04/17			11:5247828	11:5226598	15185	VCV000015185	rs30224
NM_000518.4(HBB):c.293A>T (p.His98Leu)	HBB|LOC106099062|LOC107133510	single nucleotide variant	not provided	G: Likely pathogenic	criteria provided, single submitter	missense variant	H98L	2025/05/22			11:5247829	11:5226599	15390	VCV000015390	rs30429
NM_000518.4(HBB):c.293A>C (p.His98Pro)	HBB|LOC106099062|LOC107133510	single nucleotide variant	HEMOGLOBIN NAGOYA	G: other	no assertion criteria provided	missense variant	H98P	2017/12/12			11:5247829	11:5226599	15283	VCV000015283	rs30322
NM_000518.4(HBB):c.292C>A (p.His98Asn)	HBB|LOC106099062|LOC107133510	single nucleotide variant	not provided	G: Likely pathogenic	criteria provided, single submitter	missense variant	H98N	2025/01/14			11:5247830	11:5226600	15607	VCV000015607	rs30646
NM_000518.4(HBB):c.292C>T (p.His98Tyr)	HBB|LOC106099062|LOC107133510	single nucleotide variant	HEMOGLOBIN MORIGUCHI	G: other	no assertion criteria provided	missense variant	H98Y	2017/12/12			11:5247830	11:5226600	15274	VCV000015274	rs30313
NM_000518.5(HBB):c.290T>G (p.Leu97Arg)	HBB|LOC106099062|LOC107133510	single nucleotide variant	Malaria, susceptibility to	G: Pathogenic	criteria provided, single submitter	missense variant	L97R	2025/09/10			11:5247832	11:5226602	4277917	VCV004277917	rs4390424
NM_000518.5(HBB):c.289_290delinsGG (p.Leu97Gly)	HBB|LOC106099062|LOC107133510	Indel	not provided, Malaria, susceptibility to	G: Conflicting classifications of pathogenicity	criteria provided, conflicting classifications	missense variant	L97G	2025/09/10			11:5247832	11:5226602	2432365	VCV002432365	rs2412874
NM_000518.5(HBB):c.290T>C (p.Leu97Pro)	HBB|LOC106099062|LOC107133510	single nucleotide variant	HEMOGLOBIN DEBROUSSE	G: other	no assertion criteria provided	missense variant	L97P	2017/12/12			11:5247832	11:5226602	15550	VCV000015550	rs30589
NM_000518.5(HBB):c.289C>T (p.Leu97=)	LOC106099062|LOC107133510|HBB	single nucleotide variant	not provided	G: Likely benign	criteria provided, single submitter	synonymous variant		2024/01/25			11:5247833	11:5226603	1634543	VCV001634543	rs1546496
NM_000518.5(HBB):c.289C>G (p.Leu97Val)	HBB|LOC106099062|LOC107133510	single nucleotide variant	HEMOGLOBIN REGINA	G: other	no assertion criteria provided	missense variant	L97V	2017/12/12			11:5247833	11:5226603	15325	VCV000015325	rs30364
NM_000518.5(HBB):c.288G>A (p.Lys96=)	HBB|LOC106099062|LOC107133510	single nucleotide variant	not provided, not specified	G: Likely benign	criteria provided, multiple submitters, no conflicts	synonymous variant		2024/01/25			11:5247834	11:5226604	256344	VCV000256344	rs254207
NM_000518.5(HBB):c.287dup (p.Leu97fs)	HBB|LOC106099062|LOC107133510	Duplication	not provided, beta Thalassemia	G: Pathogenic	criteria provided, multiple submitters, no conflicts	frameshift variant	L97fs	2025/10/23			11:5247834	11:5226604	36309	VCV000036309	rs44973
NM_000518.5(HBB):c.288G>C (p.Lys96Asn)	HBB|LOC106099062|LOC107133510	single nucleotide variant	Erythrocytosis, familial, 6, Heinz body anemia, Beta-thalassemia HBB/LCRB, Malaria, susceptibility to, Hb SS disease, Dominant beta-thalassemia, Hereditary persistence of fetal hemoglobin, METHEMOGLOBINEMIA, BETA TYPE, not provided	G: Uncertain significance	criteria provided, multiple submitters, no conflicts	missense variant	K96N	2024/04/09			11:5247834	11:5226604	15157	VCV000015157	rs30196
NM_000518.5(HBB):c.287A>T (p.Lys96Met)	HBB|LOC106099062|LOC107133510	single nucleotide variant	HEMOGLOBIN J (CORDOBA)	G: other	no assertion criteria provided	missense variant	K96M	2017/12/12			11:5247835	11:5226605	15218	VCV000015218	rs30257
NM_000518.5(HBB):c.286A>G (p.Lys96Glu)	HBB|LOC106099062|LOC107133510	single nucleotide variant	not specified, not provided	G: Conflicting classifications of pathogenicity	criteria provided, conflicting classifications	missense variant	K96E	2025/05/15			11:5247836	11:5226606	15278	VCV000015278	rs30317
NM_000518.5(HBB):c.285C>T (p.Asp95=)	HBB|LOC106099062|LOC107133510	single nucleotide variant	not provided	G: Likely benign	criteria provided, single submitter	synonymous variant		2026/01/20			11:5247837	11:5226607	1983531	VCV001983531	rs2042686
NM_000518.5(HBB):c.282_283dup (p.Asp95fs)	HBB|LOC106099062|LOC107133510	Microsatellite	Dominant beta-thalassemia	G: Likely pathogenic	criteria provided, single submitter	frameshift variant	D95fs	2023/01/25			11:5247838	11:5226608	15428	VCV000015428	rs30467
NM_000518.5(HBB):c.284A>G (p.Asp95Gly)	HBB|LOC106099062|LOC107133510	single nucleotide variant	HEMOGLOBIN CHANDIGARH	G: other	no assertion criteria provided	missense variant	D95G	2017/12/12			11:5247838	11:5226608	15133	VCV000015133	rs30172
NM_000518.4(HBB):c.283G>T (p.Asp95Tyr)	HBB|LOC106099062|LOC107133510	single nucleotide variant	HEMOGLOBIN GELDROP ST. ANNA	G: other	no assertion criteria provided	missense variant	D95Y	2017/12/12			11:5247839	11:5226609	15620	VCV000015620	rs30659
NM_000518.4(HBB):c.283G>A (p.Asp95Asn)	HBB|LOC106099062|LOC107133510	single nucleotide variant	not specified, not provided	G: Uncertain significance	criteria provided, multiple submitters, no conflicts	missense variant	D95N	2021/12/13			11:5247839	11:5226609	15123	VCV000015123	rs30162
NM_000518.4(HBB):c.283G>C (p.Asp95His)	LOC106099062|LOC107133510|HBB	single nucleotide variant	Erythrocytosis, familial, 6, HEMOGLOBIN BARCELONA	G: Pathogenic; other	no assertion criteria provided	missense variant	D95H	2017/12/12			11:5247839	11:5226609	15104	VCV000015104	rs30143
NM_000518.5(HBB):c.282T>C (p.Cys94=)	LOC107133510|HBB|LOC106099062	single nucleotide variant	not provided	G: Likely benign	criteria provided, single submitter	synonymous variant		2023/06/05			11:5247840	11:5226610	2771206	VCV002771206	rs2933222
NM_000518.5(HBB):c.282T>G (p.Cys94Trp)	HBB|LOC106099062|LOC107133510	single nucleotide variant	not specified	G: Uncertain significance	criteria provided, single submitter	missense variant	C94W	2021/01/15			11:5247840	11:5226610	996273	VCV000996273	rs983971
NM_000518.5(HBB):c.282del (p.Cys94fs)	LOC106099062|HBB|LOC107133510	Deletion	not provided	G: Pathogenic	criteria provided, single submitter	frameshift variant	C94fs	2019/09/04			11:5247840	11:5226610	993073	VCV000993073	rs981059
NM_000518.5(HBB):c.268_281del (p.Leu89_Ser90insTer)	HBB|LOC106099062|LOC107133510	Deletion	Beta-thalassemia HBB/LCRB	G: Pathogenic	no assertion criteria provided	nonsense		2024/05/14			11:5247841	11:5226611	4280311	VCV004280311	rs4392855
NM_000518.5(HBB):c.279_280insGTGG (p.Cys94fs)	LOC106099062|LOC107133510|HBB	Insertion	not provided	G: Pathogenic	criteria provided, single submitter	frameshift variant	C94fs	2019/02/04			11:5247842	11:5226612	827662	VCV000827662	rs815867
NM_000518.5(HBB):c.280T>C (p.Cys94Arg)	HBB|LOC106099062|LOC107133510	single nucleotide variant	HEMOGLOBIN OKAZAKI	G: other	no assertion criteria provided	missense variant	C94R	2017/12/12			11:5247842	11:5226612	15297	VCV000015297	rs30336
NM_000518.5(HBB):c.279C>G (p.His93Gln)	HBB|LOC106099062|LOC107133510	single nucleotide variant	Beta-thalassemia HBB/LCRB	G: Likely pathogenic	criteria provided, single submitter	missense variant	H93Q	2022/12/06			11:5247843	11:5226613	2664746	VCV002664746	rs2832196
NM_000518.5(HBB):c.279C>T (p.His93=)	HBB|LOC106099062|LOC107133510	single nucleotide variant	not provided	G: Likely benign	criteria provided, single submitter	synonymous variant		2022/02/04			11:5247843	11:5226613	1118308	VCV001118308	rs1100047
NM_000518.5(HBB):c.279C>A (p.His93Gln)	HBB|LOC106099062|LOC107133510	single nucleotide variant	not provided	G: Pathogenic	criteria provided, single submitter	missense variant	H93Q	2019/11/03			11:5247843	11:5226613	811500	VCV000811500	rs799651
NM_000518.5(HBB):c.279C>R (p.His93Gln)	HBB|LOC106099062|LOC107133510	single nucleotide variant	HEMOGLOBIN SAINT ETIENNE	G: Pathogenic	no assertion criteria provided	missense variant	H93Q	1985/06/01			11:5247843	11:5226613	15208	VCV000015208	rs30247
NM_000518.4(HBB):c.278A>C (p.His93Pro)	HBB|LOC106099062|LOC107133510	single nucleotide variant	HEMOGLOBIN NEWCASTLE	G: other	no assertion criteria provided	missense variant	H93P	2017/12/12			11:5247844	11:5226614	15287	VCV000015287	rs30326
NM_000518.4(HBB):c.278A>G (p.His93Arg)	HBB|LOC106099062|LOC107133510	single nucleotide variant	HEMOGLOBIN MOZHAISK	G: other	no assertion criteria provided	missense variant	H93R	2023/09/15			11:5247844	11:5226614	15276	VCV000015276	rs30315
NM_000518.4(HBB):c.277C>A (p.His93Asn)	HBB|LOC106099062|LOC107133510	single nucleotide variant	Hemoglobinopathy	G: Pathogenic	no assertion criteria provided	missense variant	H93N	2017/12/12			11:5247845	11:5226615	15494	VCV000015494	rs30533
NM_000518.4(HBB):c.277C>T (p.His93Tyr)	HBB|LOC106099062|LOC107133510	single nucleotide variant	not provided	G: Pathogenic	criteria provided, single submitter	missense variant	H93Y	2023/03/14			11:5247845	11:5226615	15255	VCV000015255	rs30294
NM_000518.4(HBB):c.277C>G (p.His93Asp)	HBB|LOC106099062|LOC107133510	single nucleotide variant	HEMOGLOBIN J (ALTGELD GARDENS)	G: other	no assertion criteria provided	missense variant	H93D	2017/12/12			11:5247845	11:5226615	15209	VCV000015209	rs30248
NM_000518.5(HBB):c.276G>T (p.Leu92=)	HBB|LOC106099062|LOC107133510	single nucleotide variant	not specified	G: Likely benign	criteria provided, single submitter	synonymous variant		2023/07/26			11:5247846	11:5226616	2577313	VCV002577313	rs2742211
NM_000518.5(HBB):c.276G>A (p.Leu92=)	HBB|LOC106099062|LOC107133510	single nucleotide variant	not specified, not provided	G: Likely benign	criteria provided, multiple submitters, no conflicts	synonymous variant		2026/01/09			11:5247846	11:5226616	2010262	VCV002010262	rs2066926
NM_000518.5(HBB):c.275dup (p.His93fs)	HBB|LOC106099062|LOC107133510	Duplication	beta Thalassemia	G: Pathogenic	no assertion criteria provided	frameshift variant	H93fs	2019/11/25			11:5247846	11:5226616	869310	VCV000869310	rs857447
NM_000518.5(HBB):c.275del (p.Leu92fs)	HBB|LOC106099062|LOC107133510	Deletion	beta Thalassemia	G: Likely pathogenic	criteria provided, single submitter	frameshift variant	L92fs	2025/11/21			11:5247847	11:5226617	4818702	VCV004818702	rs4926390
NM_000518.4(HBB):c.275T>C (p.Leu92Pro)	HBB|LOC106099062|LOC107133510	single nucleotide variant	not specified	G: Pathogenic	criteria provided, single submitter	missense variant	L92P	2017/01/18			11:5247847	11:5226617	15338	VCV000015338	rs30377
NM_000518.4(HBB):c.275T>G (p.Leu92Arg)	HBB|LOC106099062|LOC107133510	single nucleotide variant	not provided	G: Uncertain significance	criteria provided, multiple submitters, no conflicts	missense variant	L92R	2021/10/05			11:5247847	11:5226617	15131	VCV000015131	rs30170
NM_000518.5(HBB):c.274C>T (p.Leu92=)	HBB|LOC106099062|LOC107133510	single nucleotide variant	not specified, Hb SS disease, beta Thalassemia, Hemoglobin E, Fetal hemoglobin quantitative trait locus 1, Inborn genetic diseases, not provided	G: Conflicting classifications of pathogenicity	criteria provided, conflicting classifications	synonymous variant		2025/12/02			11:5247848	11:5226618	439144	VCV000439144	rs432683
NM_000518.5(HBB):c.273G>A (p.Glu91=)	HBB|LOC106099062|LOC107133510	single nucleotide variant	not provided	G: Likely benign	criteria provided, single submitter	synonymous variant		2022/02/04			11:5247849	11:5226619	1127632	VCV001127632	rs1121522
NM_000518.5(HBB):c.273G>C (p.Glu91Asp)	HBB|LOC106099062|LOC107133510	single nucleotide variant	Hemoglobinopathy	G: Pathogenic	criteria provided, single submitter	missense variant	E91D	2023/09/06			11:5247849	11:5226619	15311	VCV000015311	rs30350
NM_000518.5(HBB):c.272A>G (p.Glu91Gly)	HBB|LOC106099062|LOC107133510	single nucleotide variant	not specified	G: Uncertain significance	criteria provided, single submitter	missense variant	E91G	2025/12/15			11:5247850	11:5226620	15330	VCV000015330	rs30369
NM_000518.5(HBB):c.270_271del (p.Ser90fs)	HBB|LOC106099062|LOC107133510	Deletion	not provided	G: Pathogenic	criteria provided, single submitter	frameshift variant	S90fs	2023/09/28			11:5247851	11:5226621	869308	VCV000869308	rs857448
NM_000518.4(HBB):c.[20A>T;271G>A]	HBB|LOC106099062|LOC107133510|HBB|LOC106099062|LOC107133510	Haplotype	HEMOGLOBIN S (CAMEROON)	G: Pathogenic	no assertion criteria provided	missense variant	E91K, E7V	2004/05/01			11:5247851	11:5226621	446747	VCV000446747	rs30130
NM_000518.5(HBB):c.271G>T (p.Glu91Ter)	HBB|LOC106099062|LOC107133510	single nucleotide variant	not provided, beta Thalassemia	G: Pathogenic	criteria provided, multiple submitters, no conflicts	nonsense	E91*	2022/11/23			11:5247851	11:5226621	15504	VCV000015504	rs30543
NM_000518.4(HBB):c.271G>A (p.Glu91Lys)	HBB|LOC106099062|LOC107133510	single nucleotide variant	not specified, not provided	G: Uncertain significance	criteria provided, multiple submitters, no conflicts	missense variant	E91K	2024/10/04			11:5247851	11:5226621	15091	VCV000015091	rs30130
NM_000518.5(HBB):c.270T>C (p.Ser90=)	HBB|LOC106099062|LOC107133510	single nucleotide variant	not specified	G: Likely benign	criteria provided, single submitter	synonymous variant		2019/08/28			11:5247852	11:5226622	495984	VCV000495984	rs487502
NM_000518.5(HBB):c.269del (p.Ser90fs)	HBB|LOC107133510|LOC106099062	Deletion	beta Thalassemia	G: Likely pathogenic	criteria provided, single submitter	frameshift variant	S90fs	2022/05/22			11:5247853	11:5226623	1687315	VCV001687315	rs1679608
NM_000518.4(HBB):c.269G>C (p.Ser90Thr)	HBB|LOC106099062|LOC107133510	single nucleotide variant	HEMOGLOBIN VILLAVERDE	G: other	no assertion criteria provided	missense variant	S90T	2017/12/12			11:5247853	11:5226623	15528	VCV000015528	rs30567
NM_000518.4(HBB):c.269G>A (p.Ser90Asn)	HBB|LOC106099062|LOC107133510	single nucleotide variant	Erythrocytosis, familial, 6, beta Thalassemia, HEMOGLOBIN CRETEIL	G: Pathogenic/Likely pathogenic; other	no assertion criteria provided	missense variant	S90N	2020/06/10			11:5247853	11:5226623	15147	VCV000015147	rs30186
NM_000518.5(HBB):c.263_267dup (p.Ser90delinsHisTer)	HBB|LOC106099062|LOC107133510	Duplication	not provided	G: Likely pathogenic	criteria provided, single submitter	nonsense		2023/04/27			11:5247854	11:5226624	2681986	VCV002681986	rs2843019
NM_000518.5(HBB):c.268A>C (p.Ser90Arg)	HBB|LOC106099062|LOC107133510	single nucleotide variant	HEMOGLOBIN VANDERBILT, Erythrocytosis, familial, 6	G: Pathogenic; other	no assertion criteria provided	missense variant	S90R	2017/12/12			11:5247854	11:5226624	15383	VCV000015383	rs30422
NM_000518.5(HBB):c.267G>A (p.Leu89=)	HBB|LOC106099062|LOC107133510	single nucleotide variant	not provided	G: Likely benign	criteria provided, single submitter	synonymous variant		2023/04/30			11:5247855	11:5226625	2860725	VCV002860725	rs3025653
NM_000518.5(HBB):c.266dup (p.Ser90fs)	LOC107133510|HBB|LOC106099062	Duplication	beta Thalassemia	G: Pathogenic	no assertion criteria provided	frameshift variant	S90fs	2019/11/25			11:5247855	11:5226625	869306	VCV000869306	rs857450
NM_000518.5(HBB):c.266_267del (p.Leu89fs)	HBB|LOC106099062|LOC107133510	Deletion	beta Thalassemia	G: Pathogenic	no assertion criteria provided	frameshift variant	L89fs	2019/11/25			11:5247855	11:5226625	869305	VCV000869305	rs857449
NM_000518.5(HBB):c.265_266del (p.Leu89fs)	HBB|LOC106099062|LOC107133510	Deletion	beta Thalassemia	G: Pathogenic	no assertion criteria provided	frameshift variant	L89fs	2019/11/25			11:5247856	11:5226626	869304	VCV000869304	rs857451
NM_000518.4(HBB):c.266T>C (p.Leu89Pro)	HBB|LOC106099062|LOC107133510	single nucleotide variant	Beta-thalassemia HBB/LCRB, not provided	G: Pathogenic/Likely pathogenic	criteria provided, multiple submitters, no conflicts	missense variant	L89P	2022/09/27			11:5247856	11:5226626	15343	VCV000015343	rs30382
NM_000518.4(HBB):c.266T>G (p.Leu89Arg)	HBB|LOC106099062|LOC107133510	single nucleotide variant	HBB-related disorder, HEMOGLOBIN BORAS	G: Pathogenic; other	no assertion criteria provided	missense variant	L89R	2024/05/27			11:5247856	11:5226626	15108	VCV000015108	rs30147
NM_000518.5(HBB):c.265C>T (p.Leu89=)	HBB|LOC106099062|LOC107133510	single nucleotide variant	not provided	G: Likely benign	criteria provided, single submitter	synonymous variant		2023/10/09			11:5247857	11:5226627	2828894	VCV002828894	rs2983560
NM_000518.5(HBB):c.244_265del (p.Asn81_Leu82insTer)	LOC106099062|LOC107133510|HBB	Deletion	beta Thalassemia	G: Pathogenic	no assertion criteria provided	nonsense		2019/11/25			11:5247857	11:5226627	869275	VCV000869275	rs857452
NM_000518.5(HBB):c.262_264del (p.Thr88del)	HBB|LOC106099062|LOC107133510	Deletion	HEMOGLOBIN TOURS	G: other	no assertion criteria provided	inframe_deletion	T88del	2017/12/12			11:5247858	11:5226628	15375	VCV000015375	rs30414
NM_000518.4(HBB):c.263C>T (p.Thr88Ile)	HBB|LOC106099062|LOC107133510	single nucleotide variant	not provided	G: Likely pathogenic	criteria provided, single submitter	missense variant	T88I	2024/08/24			11:5247859	11:5226629	15493	VCV000015493	rs30532
NM_000518.4(HBB):c.263C>A (p.Thr88Lys)	HBB|LOC106099062|LOC107133510	single nucleotide variant	not specified	G: Conflicting classifications of pathogenicity	criteria provided, conflicting classifications	missense variant	T88K	2026/01/27			11:5247859	11:5226629	15150	VCV000015150	rs30189
NC_000011.10:g.5226632_5234046dup	HBB|HBD|LOC106099062|LOC107133510	Duplication		G: no classification for the single variant	no classification for the single variant						11:5247860	11:5226630	3235710	VCV003235710	rs3394812
NM_000518.5(HBB):c.262A>C (p.Thr88Pro)	LOC107133510|HBB|LOC106099062	single nucleotide variant	Erythrocytosis, familial, 6, Heinz body anemia, Beta-thalassemia HBB/LCRB, Malaria, susceptibility to, Hb SS disease, Dominant beta-thalassemia, Hereditary persistence of fetal hemoglobin, METHEMOGLOBINEMIA, BETA TYPE, alpha Thalassemia, not specified, beta Thalassemia	G: Benign/Likely benign	criteria provided, multiple submitters, no conflicts	missense variant	T88P	2025/02/20			11:5247860	11:5226630	15489	VCV000015489	rs30528
NM_000518.5(HBB):c.261C>T (p.Ala87=)	HBB|LOC106099062|LOC107133510	single nucleotide variant	not provided	G: Likely benign	criteria provided, single submitter	synonymous variant		2023/09/27			11:5247861	11:5226631	1129520	VCV001129520	rs1121523
NM_000518.5(HBB):c.260C>T (p.Ala87Val)	HBB|LOC106099062|LOC107133510	single nucleotide variant	not provided, not specified	G: Uncertain significance	criteria provided, multiple submitters, no conflicts	missense variant	A87V	2024/11/20			11:5247862	11:5226632	993072	VCV000993072	rs981060
NM_000518.5(HBB):c.253_260del (p.Thr85fs)	HBB|LOC106099062|LOC107133510	Deletion	beta Thalassemia	G: Likely pathogenic	criteria provided, single submitter	frameshift variant	T85fs	2025/08/04			11:5247862	11:5226632	869301	VCV000869301	rs857453
NM_000518.5(HBB):c.260C>A (p.Ala87Asp)	HBB|LOC106099062|LOC107133510	single nucleotide variant	HEMOGLOBIN OLOMOUC	G: other	no assertion criteria provided	missense variant	A87D	2017/12/12			11:5247862	11:5226632	15299	VCV000015299	rs30338
NM_000518.5(HBB):c.259G>T (p.Ala87Ser)	HBB|LOC106099062|LOC107133510	single nucleotide variant	not specified	G: Uncertain significance	criteria provided, single submitter	missense variant	A87S	2023/07/28			11:5247863	11:5226633	2577314	VCV002577314	rs2742212
NM_000518.5(HBB):c.258dup (p.Ala87fs)	HBB|LOC106099062|LOC107133510	Duplication	beta Thalassemia	G: Pathogenic	no assertion criteria provided	frameshift variant	A87fs	2019/11/25			11:5247863	11:5226633	869303	VCV000869303	rs857454
NM_000518.5(HBB):c.259G>C (p.Ala87Pro)	HBB|LOC106099062|LOC107133510	single nucleotide variant	HEMOGLOBIN CARDARELLI	G: other	no assertion criteria provided	missense variant	A87P	2017/12/12			11:5247863	11:5226633	15611	VCV000015611	rs30650
NM_000518.5(HBB):c.258T>C (p.Phe86=)	HBB|LOC106099062|LOC107133510	single nucleotide variant	not provided	G: Likely benign	criteria provided, single submitter	synonymous variant		2021/10/08			11:5247864	11:5226634	1608998	VCV001608998	rs1573868
NC_000011.10:g.5226638_5234052del	HBB|HBD|LOC106099062|LOC106099063|LOC107133510	Deletion	Hemoglobin Lepore trait	G: Pathogenic	no assertion criteria provided			1987/09/01			11:5247864	11:5226634	15060	VCV000015060	rs30099
NM_000518.5(HBB):c.257T>C (p.Phe86Ser)	LOC106099062|HBB|LOC107133510	single nucleotide variant	not provided	G: Pathogenic	criteria provided, single submitter	missense variant	F86S	2022/05/04			11:5247865	11:5226635	15122	VCV000015122	rs30161
NM_000518.5(HBB):c.255dup (p.Phe86fs)	LOC106099062|LOC107133510|HBB	Duplication	beta Thalassemia	G: Pathogenic	no assertion criteria provided	frameshift variant	F86fs	2019/11/25			11:5247866	11:5226636	869302	VCV000869302	rs857456
NM_000518.5(HBB):c.237_256del (p.Asp80fs)	HBB|LOC106099062|LOC107133510	Deletion	beta Thalassemia	G: Pathogenic	no assertion criteria provided	frameshift variant	D80fs	2019/11/25			11:5247866	11:5226636	869274	VCV000869274	rs857455
NM_000518.5(HBB):c.255C>T (p.Thr85=)	HBB|LOC107133510|LOC106099062	single nucleotide variant	not provided	G: Likely benign	criteria provided, single submitter	synonymous variant		2023/09/27			11:5247867	11:5226637	1157531	VCV001157531	rs1142388
NM_000518.5(HBB):c.255C>A (p.Thr85=)	HBB|LOC106099062|LOC107133510	single nucleotide variant	not provided	G: Conflicting classifications of pathogenicity	criteria provided, conflicting classifications	synonymous variant		2023/10/28			11:5247867	11:5226637	993071	VCV000993071	rs981061
NM_000518.5(HBB):c.254C>A (p.Thr85Asn)	HBB|LOC106099062|LOC107133510	single nucleotide variant	beta Thalassemia	G: Uncertain significance	no assertion criteria provided	missense variant	T85N	2025/05/02			11:5247868	11:5226638	4069108	VCV004069108	rs4174154
NM_000518.5(HBB):c.254C>T (p.Thr85Ile)	HBB|LOC106099062|LOC107133510	single nucleotide variant	HEMOGLOBIN KOFU	G: other	no assertion criteria provided	missense variant	T85I	2017/12/12			11:5247868	11:5226638	15240	VCV000015240	rs30279
NM_000518.5(HBB):c.253del (p.Thr85fs)	HBB|LOC106099062|LOC107133510	Deletion	not provided	G: Likely pathogenic	criteria provided, single submitter	frameshift variant	T85fs	2016/12/05			11:5247869	11:5226639	439143	VCV000439143	rs432684
NM_000518.5(HBB):c.253A>G (p.Thr85Ala)	HBB|LOC106099062|LOC107133510	single nucleotide variant	not provided	G: Uncertain significance	criteria provided, single submitter	missense variant	T85A	2024/11/04			11:5247869	11:5226639	15579	VCV000015579	rs30618
NM_000518.5(HBB):c.252C>T (p.Gly84=)	HBB|LOC106099062|LOC107133510	single nucleotide variant	not provided	G: Likely benign	criteria provided, single submitter	synonymous variant		2023/07/16			11:5247870	11:5226640	2053821	VCV002053821	rs2105236
NM_000518.5(HBB):c.252C>A (p.Gly84=)	HBB|LOC106099062|LOC107133510	single nucleotide variant	not provided	G: Likely benign	criteria provided, single submitter	synonymous variant		2020/04/28			11:5247870	11:5226640	1095859	VCV001095859	rs1078331
NM_000518.5(HBB):c.187_251dup (p.Thr85fs)	HBB|LOC106099062|LOC107133510	Duplication	beta Thalassemia	G: Pathogenic	no assertion criteria provided	frameshift variant	T85fs	2019/11/25			11:5247870	11:5226640	869227	VCV000869227	rs857568
NC_000011.10:g.5226641_5227549del	HBB|LOC106099062|LOC107133510	Deletion	beta Thalassemia	G: Pathogenic	no assertion criteria provided			2019/11/25			11:5247871	11:5226641	869251	VCV000869251	rs857569
NM_000518.5(HBB):c.251del (p.Gly84fs)	HBB|LOC106099062|LOC107133510	Deletion	Beta-thalassemia HBB/LCRB, not provided, beta Thalassemia	G: Pathogenic	criteria provided, multiple submitters, no conflicts	frameshift variant	G84fs	2025/12/24			11:5247871	11:5226641	36306	VCV000036306	rs44970
NM_000518.5(HBB):c.251G>A (p.Gly84Asp)	HBB|LOC106099062|LOC107133510	single nucleotide variant	not specified, not provided	G: Conflicting classifications of pathogenicity	criteria provided, conflicting classifications	missense variant	G84D	2024/05/13			11:5247871	11:5226641	15320	VCV000015320	rs30359
NM_000518.5(HBB):c.250G>C (p.Gly84Arg)	HBB|LOC106099062|LOC107133510	single nucleotide variant	not provided	G: Uncertain significance	criteria provided, single submitter	missense variant	G84R	2019/10/30			11:5247872	11:5226642	15521	VCV000015521	rs30560
NM_000518.5(HBB):c.250G>T (p.Gly84Cys)	HBB|LOC106099062|LOC107133510	single nucleotide variant	not provided	G: Uncertain significance	criteria provided, multiple submitters, no conflicts	missense variant	G84C	2024/01/18			11:5247872	11:5226642	15367	VCV000015367	rs30406
NM_000518.5(HBB):c.249G>A (p.Lys83=)	HBB|LOC106099062|LOC107133510	single nucleotide variant	not provided	G: Likely benign	criteria provided, single submitter	synonymous variant		2023/05/22			11:5247873	11:5226643	1942494	VCV001942494	rs2005227
NM_000518.5(HBB):c.249G>C (p.Lys83Asn)	LOC106099062|LOC107133510|HBB	single nucleotide variant	not provided	G: Likely pathogenic	criteria provided, single submitter	missense variant	K83N	2018/06/27			11:5247873	11:5226643	618675	VCV000618675	rs609790
NM_000518.4(HBB):c.[20A>T;249G>Y]	HBB|LOC106099062|LOC107133510|HBB|LOC106099062|LOC107133510	Haplotype	HEMOGLOBIN S (PROVIDENCE)	G: Pathogenic	no assertion criteria provided	missense variant	K83N, E7V	1988/10/01			11:5247873	11:5226643	446737	VCV000446737	rs30358
NM_000518.5(HBB):c.249G>Y (p.Lys83Asn)	HBB|LOC106099062|LOC107133510	single nucleotide variant	Erythrocytosis, familial, 6, HEMOGLOBIN PROVIDENCE	G: Pathogenic; other	no assertion criteria provided	missense variant	K83N	2017/12/12			11:5247873	11:5226643	15319	VCV000015319	rs30358
NM_000518.4(HBB):c.248A>C (p.Lys83Thr)	HBB|LOC106099062|LOC107133510	single nucleotide variant	HEMOGLOBIN RAHERE, Erythrocytosis, familial, 6	G: Pathogenic; other	no assertion criteria provided	missense variant	K83T	2017/12/12			11:5247874	11:5226644	15321	VCV000015321	rs30360
NM_000518.4(HBB):c.248A>T (p.Lys83Met)	LOC107133510|HBB|LOC106099062	single nucleotide variant	not provided	G: Pathogenic	criteria provided, single submitter	missense variant	K83M	2024/02/20			11:5247874	11:5226644	15193	VCV000015193	rs30232
NM_000518.4(HBB):c.247A>G (p.Lys83Glu)	HBB|LOC106099062|LOC107133510	single nucleotide variant	not provided	G: Uncertain significance	criteria provided, single submitter	missense variant	K83E	2025/08/21			11:5247875	11:5226645	15561	VCV000015561	rs30600
NM_000518.4(HBB):c.247A>C (p.Lys83Gln)	HBB|LOC106099062|LOC107133510	single nucleotide variant	HEMOGLOBIN TSURUMAI	G: other	no assertion criteria provided	missense variant	K83Q	2017/12/12			11:5247875	11:5226645	15552	VCV000015552	rs30591
NM_000518.5(HBB):c.246C>T (p.Leu82=)	LOC107133510|HBB|LOC106099062	single nucleotide variant	not provided, not specified	G: Likely benign	criteria provided, multiple submitters, no conflicts	synonymous variant		2024/12/10			11:5247876	11:5226646	2086531	VCV002086531	rs2144446
NM_000518.5(HBB):c.246C>A (p.Leu82=)	HBB|LOC106099062|LOC107133510	single nucleotide variant	not provided, Fetal hemoglobin quantitative trait locus 1, Hemoglobin E, not specified, beta Thalassemia, Hb SS disease	G: Conflicting classifications of pathogenicity	criteria provided, conflicting classifications	synonymous variant		2025/12/23			11:5247876	11:5226646	439778	VCV000439778	rs433087
NM_000518.5(HBB):c.246C>G (p.Leu82=)	HBB|LOC106099062|LOC107133510	single nucleotide variant	Inborn genetic diseases, not provided, beta Thalassemia	G: Likely benign	criteria provided, multiple submitters, no conflicts	synonymous variant		2026/05/20			11:5247876	11:5226646	36305	VCV000036305	rs44969
NM_000518.4(HBB):c.245T>A (p.Leu82His)	HBB|LOC106099062|LOC107133510	single nucleotide variant	HEMOGLOBIN LA ROCHE-SUR-YON	G: other	no assertion criteria provided	missense variant	L82H	2017/12/12			11:5247877	11:5226647	15570	VCV000015570	rs30609
NM_000518.4(HBB):c.245T>G (p.Leu82Arg)	LOC106099062|LOC107133510|HBB	single nucleotide variant	HEMOGLOBIN BAYLOR	G: other	no assertion criteria provided	missense variant	L82R	2017/12/12			11:5247877	11:5226647	15105	VCV000015105	rs30144
NM_000518.5(HBB):c.244del (p.Leu82fs)	HBB|LOC106099062|LOC107133510	Deletion	beta Thalassemia	G: Pathogenic	no assertion criteria provided	frameshift variant	L82fs	2019/11/25			11:5247878	11:5226648	869299	VCV000869299	rs857457
NM_000518.5(HBB):c.244C>T (p.Leu82Phe)	LOC106099062|LOC107133510|HBB	single nucleotide variant	not provided	G: Uncertain significance	criteria provided, single submitter	missense variant	L82F	2018/02/28			11:5247878	11:5226648	619857	VCV000619857	rs611096
NM_000518.5(HBB):c.243C>A (p.Asn81Lys)	HBB|LOC106099062|LOC107133510	single nucleotide variant	not specified	G: Uncertain significance	criteria provided, single submitter	missense variant	N81K	2026/05/29			11:5247879	11:5226649	15177	VCV000015177	rs30216
NM_000518.5(HBB):c.241A>T (p.Asn81Tyr)	HBB|LOC106099062|LOC107133510	single nucleotide variant	not specified	G: Uncertain significance	criteria provided, single submitter	missense variant	N81Y	2021/08/12			11:5247881	11:5226651	1217240	VCV001217240	rs1207220
NM_000518.5(HBB):c.240C>A (p.Asp80Glu)	HBB|LOC106099062|LOC107133510	single nucleotide variant	not specified	G: Uncertain significance	criteria provided, single submitter	missense variant	D80E	2025/09/23			11:5247882	11:5226652	4536042	VCV004536042	rs4647534
NM_000518.5(HBB):c.239A>G (p.Asp80Gly)	HBB|LOC106099062|LOC107133510	single nucleotide variant	not specified	G: Uncertain significance	criteria provided, single submitter	missense variant	D80G	2025/06/05			11:5247883	11:5226653	15174	VCV000015174	rs30213
NM_000518.4(HBB):c.238G>C (p.Asp80His)	LOC107133510|HBB|LOC106099062	single nucleotide variant	not specified	G: Uncertain significance	criteria provided, single submitter	missense variant	D80H	2019/04/10			11:5247884	11:5226654	15522	VCV000015522	rs30561
NM_000518.4(HBB):c.238G>T (p.Asp80Tyr)	HBB|LOC106099062|LOC107133510	single nucleotide variant	not provided	G: Likely benign	criteria provided, single submitter	missense variant	D80Y	2021/08/20			11:5247884	11:5226654	15371	VCV000015371	rs30410
NM_000518.4(HBB):c.238G>A (p.Asp80Asn)	LOC107133510|HBB|LOC106099062	single nucleotide variant	not specified	G: Uncertain significance	criteria provided, single submitter	missense variant	D80N	2016/12/13			11:5247884	11:5226654	15169	VCV000015169	rs30208
NM_000518.5(HBB):c.237G>T (p.Leu79=)	HBB|LOC106099062|LOC107133510	single nucleotide variant	not provided	G: Likely benign	criteria provided, single submitter	synonymous variant		2023/07/13			11:5247885	11:5226655	2743033	VCV002743033	rs2900796
NM_000518.5(HBB):c.237G>C (p.Leu79=)	LOC106099062|LOC107133510|HBB	single nucleotide variant	beta Thalassemia	G: Uncertain significance	no assertion criteria provided	synonymous variant		2020/08/13			11:5247885	11:5226655	991116	VCV000991116	rs979012
NM_000518.5(HBB):c.235dup (p.Leu79fs)	HBB|LOC106099062|LOC107133510	Duplication	beta Thalassemia	G: Pathogenic	no assertion criteria provided	frameshift variant	L79fs	2019/11/25			11:5247886	11:5226656	869273	VCV000869273	rs857458
NM_000518.5(HBB):c.236T>G (p.Leu79Arg)	HBB|LOC106099062|LOC107133510	single nucleotide variant	HEMOGLOBIN QUIN-HAI	G: other	no assertion criteria provided	missense variant	L79R	1983/01/01			11:5247886	11:5226656	15314	VCV000015314	rs30353
NM_000518.5(HBB):c.235C>A (p.Leu79Met)	HBB|LOC106099062|LOC107133510	single nucleotide variant	not specified	G: Uncertain significance	criteria provided, single submitter	missense variant	L79M	2026/05/14			11:5247887	11:5226657	4853074	VCV004853074	rs4964017
NM_000518.5(HBB):c.235C>G (p.Leu79Val)	HBB|LOC106099062|LOC107133510	single nucleotide variant	not specified	G: Uncertain significance	criteria provided, single submitter	missense variant	L79V	2025/04/17			11:5247887	11:5226657	3896213	VCV003896213	rs4012084
NM_000518.5(HBB):c.235del (p.Leu79fs)	HBB|LOC106099062|LOC107133510	Deletion	not provided, beta Thalassemia	G: Pathogenic/Likely pathogenic	criteria provided, multiple submitters, no conflicts	frameshift variant	L79fs	2026/02/11			11:5247887	11:5226657	632846	VCV000632846	rs621360
NM_000518.5(HBB):c.234C>T (p.His78=)	HBB|LOC106099062|LOC107133510	single nucleotide variant	not provided	G: Likely benign	criteria provided, single submitter	synonymous variant		2023/09/18			11:5247888	11:5226658	1551548	VCV001551548	rs1551327
NM_000518.5(HBB):c.233_234del (p.His78fs)	HBB|LOC106099062|LOC107133510	Deletion	beta Thalassemia, Beta-thalassemia HBB/LCRB	G: Likely pathogenic	criteria provided, multiple submitters, no conflicts	frameshift variant	H78fs	2021/04/04			11:5247888	11:5226658	1065151	VCV001065151	rs1053470
NM_000518.5(HBB):c.233A>T (p.His78Leu)	HBB|LOC106099062|LOC107133510	single nucleotide variant	not provided	G: Likely benign	criteria provided, single submitter	missense variant	H78L	2024/12/03			11:5247889	11:5226659	4685642	VCV004685642	rs4797103
NM_000518.5(HBB):c.233A>G (p.His78Arg)	HBB|LOC106099062|LOC107133510	single nucleotide variant	HEMOGLOBIN COSTA RICA	G: other	no assertion criteria provided	missense variant	H78R	2017/12/12			11:5247889	11:5226659	15556	VCV000015556	rs30595
NM_000518.5(HBB):c.232del (p.His78fs)	HBB|LOC106099062|LOC107133510	Deletion	beta Thalassemia	G: Pathogenic	no assertion criteria provided	frameshift variant	H78fs	2019/11/25			11:5247890	11:5226660	869272	VCV000869272	rs857459
NM_000518.4(HBB):c.232C>G (p.His78Asp)	HBB|LOC106099062|LOC107133510	single nucleotide variant	not provided	G: Conflicting classifications of pathogenicity	criteria provided, conflicting classifications	missense variant	H78D	2025/01/24			11:5247890	11:5226660	15221	VCV000015221	rs30260
NM_000518.4(HBB):c.232C>T (p.His78Tyr)	HBB|LOC106099062|LOC107133510	single nucleotide variant	not specified, not provided	G: Uncertain significance	criteria provided, multiple submitters, no conflicts	missense variant	H78Y	2022/07/25			11:5247890	11:5226660	15168	VCV000015168	rs30207
NM_000518.5(HBB):c.229_230del (p.Ala77fs)	HBB|LOC106099062|LOC107133510	Deletion	beta Thalassemia	G: Pathogenic	no assertion criteria provided	frameshift variant	A77fs	2019/11/25			11:5247892	11:5226662	869270	VCV000869270	rs857460
NM_000518.5(HBB):c.230del (p.Ala77fs)	HBB|LOC106099062|LOC107133510	Deletion	not provided, beta Thalassemia	G: Pathogenic	criteria provided, multiple submitters, no conflicts	frameshift variant	A77fs	2025/07/24			11:5247892	11:5226662	15420	VCV000015420	rs30459
NM_000518.5(HBB):c.230C>A (p.Ala77Asp)	HBB|LOC106099062|LOC107133510	single nucleotide variant	not specified	G: Uncertain significance	criteria provided, single submitter	missense variant	A77D	2026/03/31			11:5247892	11:5226662	15217	VCV000015217	rs30256
NM_000518.5(HBB):c.229G>C (p.Ala77Pro)	HBB|LOC106099062|LOC107133510	single nucleotide variant	HEMOGLOBIN CALAIS	G: other	no assertion criteria provided	missense variant	A77P	2017/12/12			11:5247893	11:5226663	15482	VCV000015482	rs30521
NM_000518.5(HBB):c.224_229del (p.Gly75_Leu76del)	HBB|LOC106099062|LOC107133510	Deletion	HEMOGLOBIN ST. ANTOINE	G: other	no assertion criteria provided	inframe_deletion		2017/12/12			11:5247893	11:5226663	15360	VCV000015360	rs30399
NM_000518.5(HBB):c.228G>A (p.Leu76=)	HBB|LOC106099062|LOC107133510	single nucleotide variant	beta Thalassemia	G: Uncertain significance	no assertion criteria provided	synonymous variant		2025/03/26			11:5247894	11:5226664	4069110	VCV004069110	rs4174156
NM_000518.5(HBB):c.226_228del (p.Leu76del)	HBB|LOC106099062|LOC107133510	Deletion	HEMOGLOBIN VICKSBURG	G: other	no assertion criteria provided	inframe_deletion	L76del	1983/02/01			11:5247894	11:5226664	15384	VCV000015384	rs30423
NM_000518.5(HBB):c.221_227delinsCTCGGTGCCA (p.Asp74_Leu76delinsAlaArgCysGln)	HBB|LOC106099062|LOC107133510	Indel	HEMOGLOBIN MONTREAL	G: other	no assertion criteria provided	inframe_indel		2017/12/12			11:5247895	11:5226665	15499	VCV000015499	rs30538
NM_000518.4(HBB):c.227T>G (p.Leu76Arg)	HBB|LOC106099062|LOC107133510	single nucleotide variant	HEMOGLOBIN PASADENA	G: other	no assertion criteria provided	missense variant	L76R	2017/12/12			11:5247895	11:5226665	15307	VCV000015307	rs30346
NM_000518.4(HBB):c.227T>C (p.Leu76Pro)	HBB|LOC106099062|LOC107133510	single nucleotide variant	HEMOGLOBIN ATLANTA, HEMOGLOBIN ATLANTA-COVENTRY	G: other	no assertion criteria provided	missense variant	L76P	2017/12/12			11:5247895	11:5226665	15100	VCV000015100	rs30139
NM_000518.5(HBB):c.226del (p.Leu76fs)	HBB|LOC106099062|LOC107133510	Deletion	not provided, beta Thalassemia	G: Pathogenic/Likely pathogenic	criteria provided, multiple submitters, no conflicts	frameshift variant	L76fs	2024/02/25			11:5247896	11:5226666	495983	VCV000495983	rs487444
NM_000518.5(HBB):c.225C>G (p.Gly75=)	LOC106099062|LOC107133510|HBB	single nucleotide variant	not provided	G: Likely benign	criteria provided, single submitter	synonymous variant		2020/04/07			11:5247897	11:5226667	1111710	VCV001111710	rs1100048
NM_000518.5(HBB):c.224_225insTCCAG (p.Leu76fs)	LOC106099062|LOC107133510|HBB	Insertion	not provided	G: Likely pathogenic	criteria provided, single submitter	frameshift variant	L76fs	2019/12/09			11:5247897	11:5226667	993070	VCV000993070	rs981062
NM_000518.5(HBB):c.221_224dup (p.Leu76fs)	HBB|LOC106099062|LOC107133510	Duplication	not provided	G: Pathogenic/Likely pathogenic	criteria provided, multiple submitters, no conflicts	frameshift variant	L76fs	2020/11/05			11:5247897	11:5226667	619856	VCV000619856	rs611097
NM_000518.4(HBB):c.224G>A (p.Gly75Asp)	HBB|LOC106099062|LOC107133510	single nucleotide variant	HEMOGLOBIN SHEPHERDS BUSH	G: other	no assertion criteria provided	missense variant	G75D	2017/12/12			11:5247898	11:5226668	15350	VCV000015350	rs30389
NM_000518.4(HBB):c.224G>T (p.Gly75Val)	HBB|LOC106099062|LOC107133510	single nucleotide variant	Congenital anemia	G: Uncertain significance	criteria provided, single submitter	missense variant	G75V	2020/02/19			11:5247898	11:5226668	15125	VCV000015125	rs30164
NM_000518.5(HBB):c.223G>A (p.Gly75Ser)	HBB|LOC106099062|LOC107133510	single nucleotide variant	not provided, not specified	G: Uncertain significance	criteria provided, multiple submitters, no conflicts	missense variant	G75S	2024/09/28			11:5247899	11:5226669	495982	VCV000495982	rs487446
NM_000518.5(HBB):c.223G>C (p.Gly75Arg)	HBB|LOC106099062|LOC107133510	single nucleotide variant	HEMOGLOBIN AALBORG	G: other	no assertion criteria provided	missense variant	G75R	2017/12/12			11:5247899	11:5226669	15089	VCV000015089	rs30128
NM_000518.5(HBB):c.217_221delinsT (p.Ser73fs)	HBB|LOC106099062|LOC107133510	Indel	beta Thalassemia, Beta zero thalassemia	G: Pathogenic	no assertion criteria provided	frameshift variant	S73fs	2019/11/25			11:5247901	11:5226671	15560	VCV000015560	rs30599
NM_000518.4(HBB):c.221A>G (p.Asp74Gly)	HBB|LOC106099062|LOC107133510	single nucleotide variant	HEMOGLOBIN TILBURG	G: other	no assertion criteria provided	missense variant	D74G	2017/12/12			11:5247901	11:5226671	15373	VCV000015373	rs30412
NM_000518.4(HBB):c.221A>T (p.Asp74Val)	HBB|LOC106099062|LOC107133510	single nucleotide variant	HEMOGLOBIN MOBILE	G: other	no assertion criteria provided	missense variant	D74V	2017/12/12			11:5247901	11:5226671	15273	VCV000015273	rs30312
NM_000518.5(HBB):c.219_220delinsAT (p.Ser73_Asp74delinsArgTyr)	HBB|LOC106099062|LOC107133510	Indel	Beta-thalassemia HBB/LCRB	G: Pathogenic	no assertion criteria provided	missense variant		2024/03/04			11:5247902	11:5226672	4280310	VCV004280310	rs4392854
NM_000518.5(HBB):c.220G>C (p.Asp74His)	HBB|LOC106099062|LOC107133510	single nucleotide variant	not provided	G: Uncertain significance	criteria provided, single submitter	missense variant	D74H	2021/03/15			11:5247902	11:5226672	1330628	VCV001330628	rs1321307
NM_000518.5(HBB):c.219dup (p.Asp74Ter)	HBB|LOC106099062|LOC107133510	Duplication	beta Thalassemia	G: Pathogenic	no assertion criteria provided	nonsense	D74*	2019/11/25			11:5247902	11:5226672	869269	VCV000869269	rs857461
NM_000518.5(HBB):c.219_220del (p.Ser73fs)	LOC107133510|LOC106099062|HBB	Deletion	not provided	G: Pathogenic	criteria provided, single submitter	frameshift variant	S73fs	2017/05/12			11:5247902	11:5226672	618160	VCV000618160	rs609791
NM_000518.4(HBB):c.[20A>T;220G>A]	HBB|LOC106099062|LOC107133510|HBB|LOC106099062|LOC107133510	Haplotype	HEMOGLOBIN ZIGUINCHOR	G: other	no assertion criteria provided	missense variant	D74N, E7V	2017/12/12			11:5247902	11:5226672	446730	VCV000446730	rs30283
NM_000518.4(HBB):c.220G>T (p.Asp74Tyr)	HBB|LOC106099062|LOC107133510	single nucleotide variant	HEMOGLOBIN VANCOUVER	G: other	no assertion criteria provided	missense variant	D74Y	2017/12/12			11:5247902	11:5226672	15382	VCV000015382	rs30421
NM_000518.4(HBB):c.220G>A (p.Asp74Asn)	HBB|LOC106099062|LOC107133510	single nucleotide variant	not specified, not provided	G: Conflicting classifications of pathogenicity	criteria provided, conflicting classifications	missense variant	D74N	2025/07/10			11:5247902	11:5226672	15244	VCV000015244	rs30283
NM_000518.5(HBB):c.217dup (p.Ser73fs)	HBB|LOC106099062|LOC107133510	Duplication	Beta-thalassemia HBB/LCRB, METHEMOGLOBINEMIA, BETA TYPE, Heinz body anemia, Hb SS disease, Erythrocytosis, familial, 6, Malaria, susceptibility to, Dominant beta-thalassemia, Hereditary persistence of fetal hemoglobin, Inborn genetic diseases, not provided, beta Thalassemia	G: Pathogenic/Likely pathogenic	criteria provided, multiple submitters, no conflicts	frameshift variant	S73fs	2025/09/29			11:5247904	11:5226674	15419	VCV000015419	rs30458
NM_000518.5(HBB):c.216dup (p.Ser73Ter)	HBB|LOC106099062|LOC107133510	Duplication	beta Thalassemia, Beta zero thalassemia	G: Pathogenic	no assertion criteria provided	nonsense	S73*	2019/11/25			11:5247905	11:5226675	15433	VCV000015433	rs30472
NM_000518.5(HBB):c.206_216del (p.Leu69fs)	HBB|LOC106099062|LOC107133510	Deletion	beta Thalassemia	G: Likely pathogenic	criteria provided, single submitter	frameshift variant	L69fs	2025/11/07			11:5247906	11:5226676	4819685	VCV004819685	rs4930797
NM_000518.5(HBB):c.216del (p.Phe72fs)	HBB|LOC106099062|LOC107133510	Deletion	beta Thalassemia	G: Pathogenic	no assertion criteria provided	frameshift variant	F72fs	2019/11/25			11:5247906	11:5226676	869268	VCV000869268	rs857462
NM_000518.5(HBB):c.216T>A (p.Phe72Leu)	LOC106099062|LOC107133510|HBB	single nucleotide variant	not provided	G: Uncertain significance	criteria provided, single submitter	missense variant	F72L	2018/10/24			11:5247906	11:5226676	801185	VCV000801185	rs789499
NM_000518.5(HBB):c.215T>C (p.Phe72Ser)	HBB|LOC106099062|LOC107133510	single nucleotide variant	HEMOGLOBIN CHRISTCHURCH	G: other	no assertion criteria provided	missense variant	F72S	2017/12/12			11:5247907	11:5226677	15137	VCV000015137	rs30176
NM_000518.5(HBB):c.213C>A (p.Ala71=)	HBB|LOC106099062|LOC107133510	single nucleotide variant	beta Thalassemia	G: Uncertain significance	no assertion criteria provided	synonymous variant		2025/01/11			11:5247909	11:5226679	4069120	VCV004069120	rs4174166
NM_000518.5(HBB):c.213C>T (p.Ala71=)	HBB|LOC106099062|LOC107133510	single nucleotide variant	not provided	G: Likely benign	criteria provided, single submitter	synonymous variant		2023/10/19			11:5247909	11:5226679	2770110	VCV002770110	rs2929979
NM_000518.5(HBB):c.212C>G (p.Ala71Gly)	HBB|LOC106099062|LOC107133510	single nucleotide variant	not provided	G: Uncertain significance	criteria provided, single submitter	missense variant	A71G	2023/06/27			11:5247910	11:5226680	2681983	VCV002681983	rs2843016
NM_000518.5(HBB):c.206_212del (p.Leu69fs)	HBB|LOC106099062|LOC107133510	Deletion	beta Thalassemia	G: Pathogenic	no assertion criteria provided	frameshift variant	L69fs	2019/11/25			11:5247910	11:5226680	869265	VCV000869265	rs857463
NM_000518.4(HBB):c.212C>T (p.Ala71Val)	HBB|LOC106099062|LOC107133510	single nucleotide variant	not specified	G: Uncertain significance	criteria provided, single submitter	missense variant	A71V	2025/06/11			11:5247910	11:5226680	15621	VCV000015621	rs30660
NM_000518.4(HBB):c.212C>A (p.Ala71Asp)	HBB|LOC106099062|LOC107133510	single nucleotide variant	HEMOGLOBIN SEATTLE	G: other	no assertion criteria provided	missense variant	A71D	2017/12/12			11:5247910	11:5226680	15346	VCV000015346	rs30385
NM_000518.5(HBB):c.211G>C (p.Ala71Pro)	LOC107133510|HBB|LOC106099062	single nucleotide variant	not specified	G: Uncertain significance	criteria provided, single submitter	missense variant	A71P	2025/03/20			11:5247911	11:5226681	3896065	VCV003896065	rs4011938
NM_000518.5(HBB):c.210T>A (p.Gly70=)	HBB|LOC106099062|LOC107133510	single nucleotide variant	not provided	G: Likely benign	criteria provided, single submitter	synonymous variant		2021/07/24			11:5247912	11:5226682	1529989	VCV001529989	rs1665345
NM_000518.5(HBB):c.210del (p.Ala71fs)	HBB|LOC106099062|LOC107133510	Deletion	beta Thalassemia	G: Pathogenic	no assertion criteria provided	frameshift variant	A71fs	2019/11/25			11:5247912	11:5226682	869267	VCV000869267	rs857464
NM_000518.5(HBB):c.209G>C (p.Gly70Ala)	HBB|LOC106099062|LOC107133510	single nucleotide variant	not specified	G: Uncertain significance	criteria provided, single submitter	missense variant	G70A	2024/08/08			11:5247913	11:5226683	3366377	VCV003366377	rs3525582
NM_000518.5(HBB):c.209del (p.Gly70fs)	HBB|LOC106099062|LOC107133510	Deletion	not provided	G: Pathogenic/Likely pathogenic	criteria provided, multiple submitters, no conflicts	frameshift variant	G70fs	2024/10/30			11:5247913	11:5226683	869266	VCV000869266	rs857465
NM_000518.5(HBB):c.209G>A (p.Gly70Asp)	HBB|LOC106099062|LOC107133510	single nucleotide variant	not provided	G: Conflicting classifications of pathogenicity	criteria provided, conflicting classifications	missense variant	G70D	2025/07/10			11:5247913	11:5226683	15226	VCV000015226	rs30265
NM_000518.4(HBB):c.208G>C (p.Gly70Arg)	HBB|LOC106099062|LOC107133510	single nucleotide variant	not provided	G: Uncertain significance	criteria provided, single submitter	missense variant	G70R	2024/01/22			11:5247914	11:5226684	15237	VCV000015237	rs30276
NM_000518.4(HBB):c.208G>A (p.Gly70Ser)	HBB|LOC106099062|LOC107133510	single nucleotide variant	Beta-thalassemia HBB/LCRB, METHEMOGLOBINEMIA, BETA TYPE, Malaria, susceptibility to, Dominant beta-thalassemia, Erythrocytosis, familial, 6, Hb SS disease, Hereditary persistence of fetal hemoglobin, Heinz body anemia, alpha Thalassemia, Fetal hemoglobin quantitative trait locus 1, beta Thalassemia, Hemoglobinopathy, not specified, not provided, Hemoglobin E	G: Conflicting classifications of pathogenicity	criteria provided, conflicting classifications	missense variant	G70S	2026/05/20			11:5247914	11:5226684	15138	VCV000015138	rs30177
NM_000518.5(HBB):c.207C>A (p.Leu69=)	HBB|LOC106099062|LOC107133510	single nucleotide variant	not provided, not specified	G: Likely benign	criteria provided, multiple submitters, no conflicts	synonymous variant		2025/02/11			11:5247915	11:5226685	3627289	VCV003627289	rs3752469
NM_000518.5(HBB):c.207C>T (p.Leu69=)	HBB|LOC106099062|LOC107133510	single nucleotide variant	Inborn genetic diseases, not provided, not specified	G: Likely benign	criteria provided, multiple submitters, no conflicts	synonymous variant		2026/01/20			11:5247915	11:5226685	439141	VCV000439141	rs432686
NM_000518.4(HBB):c.206T>C (p.Leu69Pro)	LOC107133510|HBB|LOC106099062	single nucleotide variant	Atypical hemolytic-uremic syndrome	G: Likely pathogenic	criteria provided, single submitter	missense variant	L69P	2022/09/12			11:5247916	11:5226686	15271	VCV000015271	rs30310
NM_000518.4(HBB):c.206T>A (p.Leu69His)	HBB|LOC106099062|LOC107133510	single nucleotide variant	Erythrocytosis, familial, 6, HEMOGLOBIN BRISBANE, HEMOGLOBIN GREAT LAKES	G: Pathogenic; other	no assertion criteria provided	missense variant	L69H	2017/12/12			11:5247916	11:5226686	15117	VCV000015117	rs30156
NM_000518.5(HBB):c.205C>T (p.Leu69Phe)	HBB|LOC106099062|LOC107133510	single nucleotide variant	METHEMOGLOBINEMIA, BETA TYPE, Heinz body anemia, Hb SS disease, alpha Thalassemia, Beta-thalassemia HBB/LCRB, Erythrocytosis, familial, 6, Malaria, susceptibility to, Dominant beta-thalassemia, Hereditary persistence of fetal hemoglobin, not provided	G: Pathogenic/Likely pathogenic	criteria provided, multiple submitters, no conflicts	missense variant	L69F	2022/10/31			11:5247917	11:5226687	15613	VCV000015613	rs30652
NM_000518.5(HBB):c.203_204del (p.Val68fs)	HBB|LOC106099062|LOC107133510	Deletion	METHEMOGLOBINEMIA, BETA TYPE, Heinz body anemia, Beta-thalassemia HBB/LCRB, Hereditary persistence of fetal hemoglobin, Malaria, susceptibility to, alpha Thalassemia, Erythrocytosis, familial, 6, Dominant beta-thalassemia, Hb SS disease, not provided, beta Thalassemia	G: Pathogenic	criteria provided, multiple submitters, no conflicts	frameshift variant	V68fs	2025/12/04			11:5247918	11:5226688	36303	VCV000036303	rs44967
NM_000518.4(HBB):c.203T>G (p.Val68Gly)	HBB|LOC106099062|LOC107133510	single nucleotide variant	not provided	G: Uncertain significance	criteria provided, single submitter	missense variant	V68G	2022/06/02			11:5247919	11:5226689	15527	VCV000015527	rs30566
NM_000518.4(HBB):c.203T>C (p.Val68Ala)	HBB|LOC106099062|LOC107133510	single nucleotide variant	HEMOGLOBIN SYDNEY	G: other	no assertion criteria provided	missense variant	V68A	2017/12/12			11:5247919	11:5226689	15364	VCV000015364	rs30403
NM_000518.4(HBB):c.203T>A (p.Val68Glu)	HBB|LOC106099062|LOC107133510	single nucleotide variant	METHEMOGLOBINEMIA, BETA TYPE, HEMOGLOBIN M (MILWAUKEE 1)	G: Pathogenic; other	no assertion criteria provided	missense variant	V68E	2018/05/10			11:5247919	11:5226689	15254	VCV000015254	rs30293
NM_000518.5(HBB):c.199_202del (p.Lys67fs)	LOC107133510|HBB|LOC106099062	Deletion	not provided	G: Likely pathogenic	criteria provided, single submitter	frameshift variant	K67fs	2025/07/15			11:5247920	11:5226690	4532968	VCV004532968	rs4644450
NM_000518.5(HBB):c.202G>C (p.Val68Leu)	HBB|LOC106099062|LOC107133510	single nucleotide variant	not provided	G: Uncertain significance	criteria provided, single submitter	missense variant	V68L	2022/10/04			11:5247920	11:5226690	2681982	VCV002681982	rs2843015
NM_000518.4(HBB):c.202G>A (p.Val68Met)	HBB|LOC106099062|LOC107133510	single nucleotide variant	Hemoglobinopathy, not provided	G: Pathogenic	criteria provided, multiple submitters, no conflicts	missense variant	V68M	2024/11/06			11:5247920	11:5226690	15536	VCV000015536	rs30575
NM_000518.5(HBB):c.201A>G (p.Lys67=)	LOC107133510|HBB|LOC106099062	single nucleotide variant	not specified, not provided	G: Conflicting classifications of pathogenicity	criteria provided, conflicting classifications	synonymous variant		2025/02/11			11:5247921	11:5226691	619855	VCV000619855	rs611098
NM_000518.5(HBB):c.201del (p.Val68fs)	HBB|LOC106099062|LOC107133510	Deletion	Dominant beta-thalassemia	G: Likely pathogenic	criteria provided, single submitter	frameshift variant	V68fs	2011/08/18			11:5247921	11:5226691	36302	VCV000036302	rs44966
NM_000518.5(HBB):c.200A>C (p.Lys67Thr)	HBB|LOC106099062|LOC107133510	single nucleotide variant	not provided	G: Likely pathogenic	criteria provided, multiple submitters, no conflicts	missense variant	K67T	2024/06/28			11:5247922	11:5226692	15136	VCV000015136	rs30175
NM_000518.5(HBB):c.199A>T (p.Lys67Ter)	HBB|LOC106099062|LOC107133510	single nucleotide variant	beta Thalassemia	G: Pathogenic	no assertion criteria provided	nonsense	K67*	2019/11/25			11:5247923	11:5226693	869229	VCV000869229	rs857466
NM_000518.5(HBB):c.199A>G (p.Lys67Glu)	HBB|LOC106099062|LOC107133510	single nucleotide variant	Erythrocytosis, familial, 6, Heinz body anemia, Beta-thalassemia HBB/LCRB, Malaria, susceptibility to, Hb SS disease, Dominant beta-thalassemia, Hereditary persistence of fetal hemoglobin, METHEMOGLOBINEMIA, BETA TYPE, not provided, not specified	G: Conflicting classifications of pathogenicity	criteria provided, conflicting classifications	missense variant	K67E	2024/04/23			11:5247923	11:5226693	15206	VCV000015206	rs30245
NM_000518.5(HBB):c.198G>A (p.Lys66=)	HBB|LOC106099062|LOC107133510	single nucleotide variant	not provided	G: Likely benign	criteria provided, single submitter	synonymous variant		2023/11/25			11:5247924	11:5226694	2808627	VCV002808627	rs2968428
NM_000518.5(HBB):c.198G>C (p.Lys66Asn)	HBB|LOC106099062|LOC107133510	single nucleotide variant	HEMOGLOBIN J (SICILIA)	G: other	no assertion criteria provided	missense variant	K66N	2017/12/12			11:5247924	11:5226694	15227	VCV000015227	rs30266
NM_000518.4(HBB):c.[197A>T;367T>C]	HBB|LOC106099062|LOC107133510|HBB|LOC107133510|LOC110006319	Haplotype	HEMOGLOBIN CASABLANCA	G: other	no assertion criteria provided	missense variant	K66M, F123L	2017/12/12			11:5247925	11:5226695	446744	VCV000446744	rs30250
NM_000518.5(HBB):c.197A>T (p.Lys66Met)	HBB|LOC106099062|LOC107133510	single nucleotide variant	HEMOGLOBIN J (ANTAKYA)	G: other	no assertion criteria provided	missense variant	K66M	2017/12/12			11:5247925	11:5226695	15211	VCV000015211	rs30250
NM_000518.5(HBB):c.196A>T (p.Lys66Ter)	HBB|LOC106099062|LOC107133510	single nucleotide variant	not provided	G: Pathogenic	criteria provided, single submitter	nonsense	K66*	2020/07/28			11:5247926	11:5226696	1074874	VCV001074874	rs1062378
NM_000518.5(HBB):c.196A>C (p.Lys66Gln)	HBB|LOC106099062|LOC107133510	single nucleotide variant	HEMOGLOBIN J (CAIRO)	G: other	no assertion criteria provided	missense variant	K66Q	2017/12/12			11:5247926	11:5226696	15215	VCV000015215	rs30254
NM_000518.5(HBB):c.195C>T (p.Gly65=)	HBB|LOC106099062|LOC107133510	single nucleotide variant	not provided	G: Likely benign	criteria provided, single submitter	synonymous variant		2023/04/09			11:5247927	11:5226697	2854276	VCV002854276	rs3010642
NM_000518.5(HBB):c.195C>G (p.Gly65=)	HBB|LOC106099062|LOC107133510	single nucleotide variant	not provided	G: Likely benign	criteria provided, single submitter	synonymous variant		2021/11/07			11:5247927	11:5226697	1581167	VCV001581167	rs1534267
NM_000518.5(HBB):c.189_195del (p.His64fs)	HBB|LOC106099062|LOC107133510	Deletion	beta Thalassemia	G: Pathogenic	no assertion criteria provided	frameshift variant	H64fs	2019/11/25			11:5247927	11:5226697	869228	VCV000869228	rs857467
NM_000518.4(HBB):c.194G>C (p.Gly65Ala)	HBB|LOC106099062|LOC107133510	single nucleotide variant	not provided	G: Uncertain significance	criteria provided, single submitter	missense variant	G65A	2019/08/08			11:5247928	11:5226698	15599	VCV000015599	rs30638
NM_000518.5(HBB):c.194del (p.Gly65fs)	HBB|LOC106099062|LOC107133510	Deletion	beta Thalassemia, Beta zero thalassemia	G: Pathogenic	no assertion criteria provided	frameshift variant	G65fs	2019/11/25			11:5247928	11:5226698	15429	VCV000015429	rs30468
NM_000518.4(HBB):c.194G>A (p.Gly65Asp)	HBB|LOC106099062|LOC107133510	single nucleotide variant	HEMOGLOBIN J (COSENZA), HEMOGLOBIN J (BARI), HEMOGLOBIN J (CALABRIA)	G: other	no assertion criteria provided	missense variant	G65D	2017/12/12			11:5247928	11:5226698	15216	VCV000015216	rs30255
NM_000518.5(HBB):c.193G>A (p.Gly65Ser)	HBB|LOC106099062|LOC107133510	single nucleotide variant	not provided	G: Uncertain significance	criteria provided, single submitter	missense variant	G65S	2023/04/27			11:5247929	11:5226699	2681981	VCV002681981	rs2843014
NM_000518.4(HBB):c.191A>G (p.His64Arg)	HBB|LOC106099062|LOC107133510	single nucleotide variant	Hemoglobinopathy, not provided, beta Thalassemia	G: Likely pathogenic	criteria provided, multiple submitters, no conflicts	missense variant	H64R	2025/09/07			11:5247931	11:5226701	15400	VCV000015400	rs30439
NM_000518.4(HBB):c.191A>C (p.His64Pro)	HBB|LOC107133510|LOC106099062	single nucleotide variant	HEMOGLOBIN BICETRE	G: other	no assertion criteria provided	missense variant	H64P	2017/12/12			11:5247931	11:5226701	15113	VCV000015113	rs30152
NM_000518.5(HBB):c.190C>A (p.His64Asn)	HBB|LOC106099062|LOC107133510	single nucleotide variant	METHEMOGLOBINEMIA, BETA TYPE, beta Thalassemia	G: Pathogenic/Likely pathogenic	criteria provided, multiple submitters, no conflicts	missense variant	H64N	2025/08/07			11:5247932	11:5226702	694445	VCV000694445	rs682369
NM_000518.5(HBB):c.190C>T (p.His64Tyr)	HBB|LOC106099062|LOC107133510	single nucleotide variant	Inborn genetic diseases, not provided, beta Thalassemia	G: Pathogenic/Likely pathogenic	criteria provided, multiple submitters, no conflicts	missense variant	H64Y	2026/02/21			11:5247932	11:5226702	15256	VCV000015256	rs30295
NM_000518.5(HBB):c.189T>C (p.Ala63=)	HBB|LOC106099062|LOC107133510	single nucleotide variant	beta Thalassemia	G: Benign	criteria provided, single submitter	synonymous variant		2024/05/24			11:5247933	11:5226703	3910010	VCV003910010	rs4025909
NM_000518.5(HBB):c.188C>A (p.Ala63Asp)	HBB|LOC106099062|LOC107133510	single nucleotide variant	HEMOGLOBIN J (EUROPA)	G: other	no assertion criteria provided	missense variant	A63D	2017/12/12			11:5247934	11:5226704	15553	VCV000015553	rs30592
NM_000518.5(HBB):c.187G>C (p.Ala63Pro)	LOC106099062|LOC107133510|HBB	single nucleotide variant	HEMOGLOBIN DUARTE	G: other	no assertion criteria provided	missense variant	A63P	2017/12/12			11:5247935	11:5226705	15160	VCV000015160	rs30199
NM_000518.5(HBB):c.186G>A (p.Lys62=)	HBB|LOC106099062|LOC107133510	single nucleotide variant	not provided	G: Likely benign	criteria provided, single submitter	synonymous variant		2024/03/08			11:5247936	11:5226706	3645123	VCV003645123	rs3783538
NM_000518.5(HBB):c.186G>C (p.Lys62Asn)	HBB|LOC106099062|LOC107133510	single nucleotide variant	not provided, not specified	G: Conflicting classifications of pathogenicity	criteria provided, conflicting classifications	missense variant	K62N	2024/08/26			11:5247936	11:5226706	15196	VCV000015196	rs30235
NM_000518.5(HBB):c.185A>C (p.Lys62Thr)	HBB|LOC106099062|LOC107133510	single nucleotide variant	not provided	G: Uncertain significance	criteria provided, single submitter	missense variant	K62T	2022/10/04			11:5247937	11:5226707	2681980	VCV002681980	rs2843013
NM_000518.5(HBB):c.185A>T (p.Lys62Met)	HBB|LOC106099062|LOC107133510	single nucleotide variant	HEMOGLOBIN BOLOGNA	G: other	no assertion criteria provided	missense variant	K62M	2017/12/12			11:5247937	11:5226707	15114	VCV000015114	rs30153
NM_000518.4(HBB):c.184A>C (p.Lys62Gln)	HBB|LOC106099062|LOC107133510	single nucleotide variant	HEMOGLOBIN POCOS DE CALDAS	G: other	no assertion criteria provided	missense variant	K62Q	2017/12/12			11:5247938	11:5226708	15603	VCV000015603	rs30642
NM_000518.5(HBB):c.184A>T (p.Lys62Ter)	HBB|LOC106099062|LOC107133510	single nucleotide variant	Erythrocytosis, familial, 6, Heinz body anemia, Beta-thalassemia HBB/LCRB, Malaria, susceptibility to, Hb SS disease, Dominant beta-thalassemia, Hereditary persistence of fetal hemoglobin, METHEMOGLOBINEMIA, BETA TYPE, alpha Thalassemia, not provided, beta Thalassemia	G: Pathogenic	criteria provided, multiple submitters, no conflicts	nonsense	K62*	2025/08/15			11:5247938	11:5226708	15407	VCV000015407	rs30446
NM_000518.4(HBB):c.184A>G (p.Lys62Glu)	HBB|LOC106099062|LOC107133510	single nucleotide variant	not specified, not provided	G: Uncertain significance	criteria provided, multiple submitters, no conflicts	missense variant	K62E	2024/10/29			11:5247938	11:5226708	15280	VCV000015280	rs30319
NM_000518.4(HBB):c.182T>A (p.Val61Glu)	HBB|LOC106099062|LOC107133510	single nucleotide variant	HEMOGLOBIN CAGLIARI, BETA-PLUS-THALASSEMIA	G: Pathogenic; other	no assertion criteria provided	missense variant	V61E	2017/12/12			11:5247940	11:5226710	15411	VCV000015411	rs30450
NM_000518.4(HBB):c.182T>C (p.Val61Ala)	HBB|LOC106099062|LOC107133510	single nucleotide variant	HEMOGLOBIN COLLINGWOOD	G: other	no assertion criteria provided	missense variant	V61A	2017/12/12			11:5247940	11:5226710	15141	VCV000015141	rs30180
NM_000518.5(HBB):c.181G>T (p.Val61Leu)	HBB|LOC106099062|LOC107133510	single nucleotide variant	HBB-related disorder	G: Uncertain significance	criteria provided, single submitter	missense variant	V61L	2023/06/14			11:5247941	11:5226711	2632585	VCV002632585	rs2797025
NM_000518.5(HBB):c.181G>C (p.Val61Leu)	HBB|LOC106099062|LOC107133510	single nucleotide variant	HEMOGLOBIN YATSUSHIRO	G: other	no assertion criteria provided	missense variant	V61L	2017/12/12			11:5247941	11:5226711	15393	VCV000015393	rs30432
NM_000518.5(HBB):c.170_181del (p.Gly57_Lys60del)	HBB|LOC106099062|LOC107133510	Deletion	HEMOGLOBIN TOCHIGI	G: other	no assertion criteria provided	inframe_deletion		2016/07/20			11:5247941	11:5226711	15374	VCV000015374	rs30413
NM_000518.5(HBB):c.180G>A (p.Lys60=)	HBB|LOC106099062|LOC107133510	single nucleotide variant	Inborn genetic diseases, not provided, not specified	G: Likely benign	criteria provided, multiple submitters, no conflicts	synonymous variant		2025/12/26			11:5247942	11:5226712	439139	VCV000439139	rs432687
NM_000518.5(HBB):c.180G>C (p.Lys60Asn)	HBB|LOC106099062|LOC107133510	single nucleotide variant	not specified, not provided	G: Uncertain significance	criteria provided, multiple submitters, no conflicts	missense variant	K60N	2020/11/13			11:5247942	11:5226712	15224	VCV000015224	rs30263
NM_000518.5(HBB):c.179del (p.Lys60fs)	HBB|LOC106099062|LOC107133510	Deletion	beta Thalassemia	G: Pathogenic	no assertion criteria provided	frameshift variant	K60fs	2019/11/25			11:5247943	11:5226713	869225	VCV000869225	rs857468
NM_000518.5(HBB):c.179A>C (p.Lys60Thr)	HBB|LOC106099062|LOC107133510	single nucleotide variant	not provided	G: Uncertain significance	criteria provided, multiple submitters, no conflicts	missense variant	K60T	2025/04/04			11:5247943	11:5226713	15222	VCV000015222	rs30261
NM_000518.5(HBB):c.178A>T (p.Lys60Ter)	HBB|LOC106099062|LOC107133510	single nucleotide variant	beta Thalassemia	G: Pathogenic	no assertion criteria provided	nonsense	K60*	2019/11/25			11:5247944	11:5226714	869224	VCV000869224	rs857469
NM_000518.5(HBB):c.178A>G (p.Lys60Glu)	HBB|LOC106099062|LOC107133510	single nucleotide variant	HEMOGLOBIN I (HIGH WYCOMBE)	G: other	no assertion criteria provided	missense variant	K60E	2000/05/01			11:5247944	11:5226714	15205	VCV000015205	rs30244
NM_000518.5(HBB):c.165_177del (p.Met56fs)	HBB|LOC106099062|LOC107133510	Deletion	beta Thalassemia	G: Pathogenic	no assertion criteria provided	frameshift variant	M56fs	2019/11/25			11:5247945	11:5226715	869346	VCV000869346	rs857470
NM_000518.5(HBB):c.176dup (p.Pro59_Lys60insTer)	HBB|LOC106099062|LOC107133510	Duplication	beta Thalassemia	G: Pathogenic	no assertion criteria provided	frameshift variant		2019/11/25			11:5247945	11:5226715	869223	VCV000869223	rs857471
NM_000518.5(HBB):c.176del (p.Pro59fs)	HBB|LOC106099062|LOC107133510	Deletion	not provided, Hemoglobinopathy	G: Likely pathogenic	criteria provided, multiple submitters, no conflicts	frameshift variant	P59fs	2019/10/29			11:5247946	11:5226716	632845	VCV000632845	rs621361
NM_000518.5(HBB):c.176C>G (p.Pro59Arg)	HBB|LOC106099062|LOC107133510	single nucleotide variant	not specified, not provided	G: Uncertain significance	criteria provided, multiple submitters, no conflicts	missense variant	P59R	2023/10/05			11:5247946	11:5226716	15398	VCV000015398	rs30437
NM_000518.5(HBB):c.174C>T (p.Asn58=)	HBB|LOC106099062|LOC107133510	single nucleotide variant	not specified, not provided	G: Likely benign	criteria provided, multiple submitters, no conflicts	synonymous variant		2024/02/08			11:5247948	11:5226718	439138	VCV000439138	rs432688
NM_000518.5(HBB):c.174C>A (p.Asn58Lys)	HBB|LOC106099062|LOC107133510	single nucleotide variant	not provided	G: Uncertain significance	criteria provided, multiple submitters, no conflicts	missense variant	N58K	2025/07/01			11:5247948	11:5226718	15172	VCV000015172	rs30211
NM_000518.5(HBB):c.173A>G (p.Asn58Ser)	LOC106099062|LOC107133510|HBB	single nucleotide variant	not provided	G: Uncertain significance	criteria provided, single submitter	missense variant	N58S	2021/06/26			11:5247949	11:5226719	1050399	VCV001050399	rs1038069
NM_000518.5(HBB):c.172A>G (p.Asn58Asp)	HBB|LOC106099062|LOC107133510	single nucleotide variant	HEMOGLOBIN J (DALOA)	G: other	no assertion criteria provided	missense variant	N58D	2017/12/12			11:5247950	11:5226720	15219	VCV000015219	rs30258
NM_000518.5(HBB):c.171C>A (p.Gly57=)	HBB|LOC106099062|LOC107133510	single nucleotide variant	not specified, not provided	G: Likely benign	criteria provided, multiple submitters, no conflicts	synonymous variant		2025/11/06			11:5247951	11:5226721	2901561	VCV002901561	rs3068352
NM_000518.5(HBB):c.170_171insGCAACCCTAAGGTG (p.Gly57_Asn58insGlnProTer)	HBB|LOC106099062|LOC107133510	Insertion	beta Thalassemia	G: Pathogenic	no assertion criteria provided	nonsense, inframe_insertion		2019/11/25			11:5247951	11:5226721	869222	VCV000869222	rs857472
NM_000518.5(HBB):c.171C>T (p.Gly57=)	HBB|LOC106099062|LOC107133510	single nucleotide variant	not specified, not provided	G: Likely benign	criteria provided, multiple submitters, no conflicts	synonymous variant		2025/10/17			11:5247951	11:5226721	36300	VCV000036300	rs44964
NM_000518.5(HBB):c.170G>A (p.Gly57Asp)	HBB|LOC106099062|LOC107133510	single nucleotide variant	not specified, not provided	G: Conflicting classifications of pathogenicity	criteria provided, conflicting classifications	missense variant	G57D	2026/05/22			11:5247952	11:5226722	15214	VCV000015214	rs30253
NM_000518.5(HBB):c.169G>A (p.Gly57Ser)	HBB|LOC106099062|LOC107133510	single nucleotide variant	not specified, alpha Thalassemia, Beta-thalassemia HBB/LCRB, Erythrocytosis, familial, 6, Hereditary persistence of fetal hemoglobin, Heinz body anemia, Hb SS disease, Malaria, susceptibility to, Dominant beta-thalassemia, METHEMOGLOBINEMIA, BETA TYPE, not provided	G: Uncertain significance	criteria provided, multiple submitters, no conflicts	missense variant	G57S	2022/08/15			11:5247953	11:5226723	619854	VCV000619854	rs611099
NM_000518.4(HBB):c.[169G>C;259G>C]	HBB|LOC106099062|LOC107133510|HBB|LOC106099062|LOC107133510	Haplotype	HEMOGLOBIN POISSY	G: other	no assertion criteria provided	missense variant	G57R, A87P	2017/12/12			11:5247953	11:5226723	446734	VCV000446734	rs30227
NM_000518.5(HBB):c.169G>C (p.Gly57Arg)	HBB|LOC106099062|LOC107133510	single nucleotide variant	not provided	G: Likely benign	criteria provided, single submitter	missense variant	G57R	2024/07/22			11:5247953	11:5226723	15188	VCV000015188	rs30227
NM_000518.5(HBB):c.164_168delinsGGCATCA (p.Val55fs)	HBB|LOC106099062|LOC107133510	Indel	beta Thalassemia	G: Pathogenic	criteria provided, multiple submitters, no conflicts	frameshift variant	V55fs	2026/01/02			11:5247954	11:5226724	590977	VCV000590977	rs581920
NM_000518.5(HBB):c.155_167del (p.Pro52fs)	HBB|LOC106099062|LOC107133510	Deletion	Beta-thalassemia HBB/LCRB	G: Likely pathogenic	no assertion criteria provided	frameshift variant	P52fs	2023/01/01			11:5247955	11:5226725	4074263	VCV004074263	rs4187533
NM_000518.5(HBB):c.167T>C (p.Met56Thr)	HBB|LOC106099062|LOC107133510	single nucleotide variant	not specified	G: Uncertain significance	criteria provided, single submitter	missense variant	M56T	2019/12/16			11:5247955	11:5226725	928761	VCV000928761	rs917087
NM_000518.5(HBB):c.166dup (p.Met56fs)	HBB|LOC106099062|LOC107133510	Duplication	beta Thalassemia	G: Pathogenic	no assertion criteria provided	frameshift variant	M56fs	2019/11/25			11:5247955	11:5226725	869349	VCV000869349	rs857474
NM_000518.5(HBB):c.167T>A (p.Met56Lys)	HBB|LOC106099062|LOC107133510	single nucleotide variant	HEMOGLOBIN MATERA	G: other	no assertion criteria provided	missense variant	M56K	2017/12/12			11:5247955	11:5226725	15263	VCV000015263	rs30302
NM_000518.5(HBB):c.166del (p.Met56fs)	HBB|LOC106099062|LOC107133510	Deletion	not provided	G: Pathogenic	criteria provided, single submitter	frameshift variant	M56fs	2025/04/10			11:5247956	11:5226726	869348	VCV000869348	rs857473
NM_000518.5(HBB):c.165del (p.Met56fs)	HBB|LOC106099062|LOC107133510	Deletion	beta Thalassemia	G: Pathogenic	no assertion criteria provided	frameshift variant	M56fs	2019/11/25			11:5247957	11:5226727	869347	VCV000869347	rs857475
NM_000518.5(HBB):c.165T>C (p.Val55=)	HBB|LOC106099062|LOC107133510	single nucleotide variant	Inborn genetic diseases, not specified, not provided	G: Likely benign	criteria provided, multiple submitters, no conflicts	synonymous variant		2024/02/25			11:5247957	11:5226727	799058	VCV000799058	rs784025
NM_000518.5(HBB):c.164T>C (p.Val55Ala)	HBB|LOC106099062|LOC107133510	single nucleotide variant	not specified	G: Uncertain significance	criteria provided, single submitter	missense variant	V55A	2022/04/06			11:5247958	11:5226728	1683259	VCV001683259	rs1675158
NM_000518.5(HBB):c.163dup (p.Val55fs)	HBB|LOC106099062|LOC107133510	Duplication	beta Thalassemia	G: Pathogenic	no assertion criteria provided	frameshift variant	V55fs	2019/11/25			11:5247958	11:5226728	869345	VCV000869345	rs857476
NM_000518.5(HBB):c.164T>A (p.Val55Asp)	HBB|LOC106099062|LOC107133510	single nucleotide variant	HEMOGLOBIN JACKSONVILLE	G: other	no assertion criteria provided	missense variant	V55D	2017/12/12			11:5247958	11:5226728	15490	VCV000015490	rs30529
NM_000518.5(HBB):c.163G>A (p.Val55Ile)	HBB|LOC106099062|LOC107133510	single nucleotide variant	not specified	G: Uncertain significance	criteria provided, single submitter	missense variant	V55I	2026/02/05			11:5247959	11:5226729	4848014	VCV004848014	rs4959073
NM_000518.5(HBB):c.162T>C (p.Ala54=)	HBB|LOC106099062|LOC107133510	single nucleotide variant	beta Thalassemia	G: Uncertain significance	no assertion criteria provided	synonymous variant		2025/05/19			11:5247960	11:5226730	4069104	VCV004069104	rs4174150
NM_000518.5(HBB):c.162del (p.Val55fs)	HBB|LOC106099062|LOC107133510	Deletion	not provided	G: Pathogenic	criteria provided, multiple submitters, no conflicts	frameshift variant	V55fs	2025/10/12			11:5247960	11:5226730	439137	VCV000439137	rs432689
NM_000518.5(HBB):c.161C>T (p.Ala54Val)	HBB|LOC106099062|LOC107133510	single nucleotide variant	not specified	G: Uncertain significance	criteria provided, single submitter	missense variant	A54V	2025/05/15			11:5247961	11:5226731	3336606	VCV003336606	rs3495281
NM_000518.5(HBB):c.160G>A (p.Ala54Thr)	HBB|LOC106099062|LOC107133510	single nucleotide variant	Heinz body anemia, METHEMOGLOBINEMIA, BETA TYPE, Dominant beta-thalassemia, Erythrocytosis, familial, 6, Malaria, susceptibility to, Hereditary persistence of fetal hemoglobin, Beta-thalassemia HBB/LCRB, Hb SS disease	G: Likely pathogenic	criteria provided, single submitter	missense variant	A54T	2024/05/16			11:5247962	11:5226732	3599785	VCV003599785	rs3729981
NM_000518.5(HBB):c.159T>C (p.Asp53=)	HBB|LOC106099062|LOC107133510	single nucleotide variant	not provided	G: Likely benign	criteria provided, single submitter	synonymous variant		2021/04/27			11:5247963	11:5226733	1143503	VCV001143503	rs1142389
NM_000518.5(HBB):c.158del (p.Asp53fs)	HBB|LOC106099062|LOC107133510	Deletion	beta Thalassemia	G: Pathogenic	no assertion criteria provided	frameshift variant	D53fs	2019/11/25			11:5247964	11:5226734	869344	VCV000869344	rs857477
NM_000518.5(HBB):c.158A>T (p.Asp53Val)	LOC107133510|LOC106099062|HBB	single nucleotide variant	not provided	G: Uncertain significance	criteria provided, single submitter	missense variant	D53V	2018/06/28			11:5247964	11:5226734	618676	VCV000618676	rs609792
NM_000518.4(HBB):c.158A>G (p.Asp53Gly)	HBB|LOC106099062|LOC107133510	single nucleotide variant	HEMOGLOBIN HOKUSETSU	G: other	no assertion criteria provided	missense variant	D53G	2017/12/12			11:5247964	11:5226734	15559	VCV000015559	rs30598
NM_000518.4(HBB):c.158A>C (p.Asp53Ala)	HBB|LOC106099062|LOC107133510	single nucleotide variant	not provided	G: Uncertain significance	criteria provided, single submitter	missense variant	D53A	2024/08/21			11:5247964	11:5226734	15293	VCV000015293	rs30332
NM_000518.4(HBB):c.[154C>T;157G>A]	HBB|LOC106099062|LOC107133510|HBB|LOC106099062|LOC107133510	Haplotype	HEMOGLOBIN GRENOBLE	G: other	no assertion criteria provided	missense variant	D53N, P52S	2017/12/12			11:5247965	11:5226735	446741	VCV000446741	rs30341
NM_000518.4(HBB):c.157G>C (p.Asp53His)	HBB|LOC106099062|LOC107133510	single nucleotide variant	not provided, not specified	G: Uncertain significance	criteria provided, multiple submitters, no conflicts	missense variant	D53H	2024/11/12			11:5247965	11:5226735	15362	VCV000015362	rs30401
NM_000518.4(HBB):c.157G>A (p.Asp53Asn)	HBB|LOC106099062|LOC107133510	single nucleotide variant	not specified, not provided, beta Thalassemia	G: Conflicting classifications of pathogenicity	criteria provided, conflicting classifications	missense variant	D53N	2025/10/02			11:5247965	11:5226735	15302	VCV000015302	rs30341
NM_000518.5(HBB):c.156T>C (p.Pro52=)	HBB|LOC106099062|LOC107133510	single nucleotide variant	not provided, not specified	G: Likely benign	criteria provided, multiple submitters, no conflicts	synonymous variant		2026/05/21			11:5247966	11:5226736	1111255	VCV001111255	rs1100049
NM_000518.5(HBB):c.155del (p.Pro52fs)	HBB|LOC106099062|LOC107133510	Deletion	Hemoglobinopathy, not provided, beta Thalassemia	G: Pathogenic/Likely pathogenic	criteria provided, multiple submitters, no conflicts	frameshift variant	P52fs	2025/05/30			11:5247967	11:5226737	38659	VCV000038659	rs47264
NM_000518.5(HBB):c.155C>G (p.Pro52Arg)	HBB|LOC106099062|LOC107133510	single nucleotide variant	HEMOGLOBIN WILLAMETTE	G: other	no assertion criteria provided	missense variant	P52R	2017/12/12			11:5247967	11:5226737	15377	VCV000015377	rs30416
NM_000518.5(HBB):c.154C>A (p.Pro52Thr)	LOC107133510|HBB|LOC106099062	single nucleotide variant	not provided	G: Uncertain significance	criteria provided, single submitter	missense variant	P52T	2019/12/05			11:5247968	11:5226738	993225	VCV000993225	rs981063
NM_000518.5(HBB):c.154C>T (p.Pro52Ser)	HBB|LOC106099062|LOC107133510	single nucleotide variant		G: no classification for the single variant	no classification for the single variant	missense variant	P52S				11:5247968	11:5226738	478834	VCV000478834	rs30536
NM_000518.5(HBB):c.153del (p.Pro52fs)	HBB|LOC106099062|LOC107133510	Deletion	beta Thalassemia	G: Pathogenic	no assertion criteria provided	frameshift variant	P52fs	2019/11/25			11:5247969	11:5226739	869343	VCV000869343	rs857478
NM_000518.5(HBB):c.152_153delinsAR (p.Thr51Lys)	HBB|LOC106099062|LOC107133510	Indel	HEMOGLOBIN EDMONTON	G: other	no assertion criteria provided	missense variant	T51K	2017/12/12			11:5247969	11:5226739	15163	VCV000015163	rs30202
NM_000518.5(HBB):c.151A>T (p.Thr51Ser)	HBB|LOC106099062|LOC107133510	single nucleotide variant	not provided, not specified	G: Uncertain significance	criteria provided, multiple submitters, no conflicts	missense variant	T51S	2025/11/10			11:5247971	11:5226741	495980	VCV000495980	rs487504
NM_000518.5(HBB):c.150C>A (p.Ser50=)	HBB|LOC106099062|LOC107133510	single nucleotide variant	not provided	G: Likely benign	criteria provided, single submitter	synonymous variant		2019/05/16			11:5247972	11:5226742	1153698	VCV001153698	rs1142390
NM_000518.5(HBB):c.150C>T (p.Ser50=)	LOC106099062|LOC107133510|HBB	single nucleotide variant	not provided	G: Likely benign	criteria provided, single submitter	synonymous variant		2020/05/11			11:5247972	11:5226742	1119234	VCV001119234	rs1100050
NM_000518.5(HBB):c.150del (p.Thr51fs)	HBB|LOC106099062|LOC107133510	Deletion	beta Thalassemia	G: Pathogenic	no assertion criteria provided	frameshift variant	T51fs	2019/11/25			11:5247972	11:5226742	869342	VCV000869342	rs857479
NM_000518.4(HBB):c.149C>G (p.Ser50Cys)	HBB|LOC106099062|LOC107133510	single nucleotide variant	not provided	G: Conflicting classifications of pathogenicity	criteria provided, conflicting classifications	missense variant	S50C	2024/12/03			11:5247973	11:5226743	15602	VCV000015602	rs30641
NM_000518.4(HBB):c.149C>T (p.Ser50Phe)	HBB|LOC106099062|LOC107133510	single nucleotide variant	not specified, not provided	G: Uncertain significance	criteria provided, multiple submitters, no conflicts	missense variant	S50F	2023/07/25			11:5247973	11:5226743	15246	VCV000015246	rs30285
NM_000518.5(HBB):c.147G>C (p.Leu49=)	LOC106099062|LOC107133510|HBB	single nucleotide variant	not provided	G: Likely benign	criteria provided, single submitter	synonymous variant		2022/12/16			11:5247975	11:5226745	2821618	VCV002821618	rs2985271
NM_000518.5(HBB):c.147del (p.Ser50fs)	HBB|LOC106099062|LOC107133510	Deletion	Beta-thalassemia HBB/LCRB	G: Likely pathogenic	no assertion criteria provided	frameshift variant	S50fs	2017/11/29			11:5247975	11:5226745	555215	VCV000555215	rs546662
NM_000518.5(HBB):c.143_146dup (p.Thr51fs)	HBB|LOC106099062|LOC107133510	Duplication	not provided, beta Thalassemia	G: Pathogenic	criteria provided, multiple submitters, no conflicts	frameshift variant	T51fs	2023/03/16			11:5247975	11:5226745	439135	VCV000439135	rs432690
NM_000518.5(HBB):c.146del (p.Leu49fs)	LOC107133510|HBB|LOC106099062	Deletion	not provided	G: Pathogenic	criteria provided, single submitter	frameshift variant	L49fs	2022/11/18			11:5247976	11:5226746	869341	VCV000869341	rs857480
NM_000518.4(HBB):c.146T>C (p.Leu49Pro)	HBB|LOC106099062|LOC107133510	single nucleotide variant	HEMOGLOBIN BAB-SAADOUN	G: other	no assertion criteria provided	missense variant	L49P	2017/12/12			11:5247976	11:5226746	15510	VCV000015510	rs30549
NM_000518.4(HBB):c.146T>G (p.Leu49Arg)	HBB|LOC106099062|LOC107133510	single nucleotide variant	HEMOGLOBIN OKALOOSA	G: other	no assertion criteria provided	missense variant	L49R	2017/12/12			11:5247976	11:5226746	15295	VCV000015295	rs30334
NM_000518.5(HBB):c.144T>A (p.Asp48Glu)	LOC106099062|LOC107133510|HBB	single nucleotide variant	not provided	G: Uncertain significance	criteria provided, single submitter	missense variant	D48E	2020/05/19			11:5247978	11:5226748	993533	VCV000993533	rs981744
NM_000518.5(HBB):c.144T>C (p.Asp48=)	HBB|LOC106099062|LOC107133510	single nucleotide variant	not specified	G: Likely benign	criteria provided, single submitter	synonymous variant		2019/08/28			11:5247978	11:5226748	495978	VCV000495978	rs487447
NM_000518.5(HBB):c.143dup (p.Asp48fs)	HBB|LOC106099062|LOC107133510	Duplication	not provided, beta Thalassemia	G: Pathogenic	criteria provided, multiple submitters, no conflicts	frameshift variant	D48fs	2025/10/16			11:5247978	11:5226748	15485	VCV000015485	rs30524
NM_000518.5(HBB):c.142dup (p.Asp48fs)	HBB|LOC106099062|LOC107133510	Duplication	beta Thalassemia	G: Pathogenic	no assertion criteria provided	frameshift variant	D48fs	2019/11/25			11:5247979	11:5226749	869340	VCV000869340	rs857481
NM_000518.4(HBB):c.143A>G (p.Asp48Gly)	HBB|LOC106099062|LOC107133510	single nucleotide variant	HEMOGLOBIN GAVELLO	G: other	no assertion criteria provided	missense variant	D48G	2017/12/12			11:5247979	11:5226749	15181	VCV000015181	rs30220
NM_000518.4(HBB):c.143A>C (p.Asp48Ala)	HBB|LOC106099062|LOC107133510	single nucleotide variant	HEMOGLOBIN AVICENNA	G: other	no assertion criteria provided	missense variant	D48A	2017/12/12			11:5247979	11:5226749	15103	VCV000015103	rs30142
NC_000011.10:g.5226755_5227283del	HBB|LOC106099062|LOC107133510	Deletion	not provided	G: Pathogenic	criteria provided, single submitter			2020/02/10			11:5247980	11:5226750	1076533	VCV001076533	rs1062379
NM_000518.4(HBB):c.142G>T (p.Asp48Tyr)	HBB|LOC106099062|LOC107133510	single nucleotide variant	not provided	G: Uncertain significance	criteria provided, multiple submitters, no conflicts	missense variant	D48Y	2025/04/17			11:5247980	11:5226750	15260	VCV000015260	rs30299
NM_000518.4(HBB):c.142G>A (p.Asp48Asn)	HBB|LOC106099062|LOC107133510	single nucleotide variant	not specified, not provided	G: Conflicting classifications of pathogenicity	criteria provided, conflicting classifications	missense variant	D48N	2025/11/24			11:5247980	11:5226750	15170	VCV000015170	rs30209
NM_000518.5(HBB):c.141G>C (p.Gly47=)	LOC107133510|LOC106099062|HBB	single nucleotide variant	not provided	G: Likely benign	criteria provided, single submitter	synonymous variant		2023/10/17			11:5247981	11:5226751	1147444	VCV001147444	rs1142391
NM_000518.5(HBB):c.141G>A (p.Gly47=)	HBB|LOC106099062|LOC107133510	single nucleotide variant	not specified, not provided	G: Likely benign	criteria provided, multiple submitters, no conflicts	synonymous variant		2024/01/07			11:5247981	11:5226751	495976	VCV000495976	rs487508
NM_000518.5(HBB):c.140G>A (p.Gly47Glu)	HBB|LOC106099062|LOC107133510	single nucleotide variant	not specified, not provided	G: Conflicting classifications of pathogenicity	criteria provided, conflicting classifications	missense variant	G47E	2026/02/17			11:5247982	11:5226752	15232	VCV000015232	rs30271
NM_000518.5(HBB):c.139G>C (p.Gly47Arg)	LOC106099062|LOC107133510|HBB	single nucleotide variant	not provided	G: Uncertain significance	criteria provided, single submitter	missense variant	G47R	2020/07/22			11:5247983	11:5226753	993224	VCV000993224	rs981064
NM_000518.5(HBB):c.138dup (p.Gly47fs)	HBB|LOC106099062|LOC107133510	Duplication	beta Thalassemia	G: Pathogenic	no assertion criteria provided	frameshift variant	G47fs	2019/11/25			11:5247983	11:5226753	869339	VCV000869339	rs857483
NM_000518.5(HBB):c.131_139del (p.Glu44_Phe46del)	HBB|LOC106099062|LOC107133510	Deletion	HEMOGLOBIN NITEROI	G: other	no assertion criteria provided	inframe_deletion		2016/07/20			11:5247983	11:5226753	15288	VCV000015288	rs30327
NM_000518.5(HBB):c.139G>A (p.Gly47Arg)	HBB|LOC106099062|LOC107133510	single nucleotide variant	HEMOGLOBIN GAINESVILLE-GA	G: other	no assertion criteria provided	missense variant	G47R	2017/12/12			11:5247983	11:5226753	15180	VCV000015180	rs30219
NM_000518.5(HBB):c.138del (p.Phe46fs)	HBB|LOC106099062|LOC107133510	Deletion	Hemoglobinopathy, Dominant beta-thalassemia	G: Pathogenic	criteria provided, multiple submitters, no conflicts	frameshift variant	F46fs	2022/01/03			11:5247984	11:5226754	869338	VCV000869338	rs857482
NM_000518.4(HBB):c.137T>G (p.Phe46Cys)	HBB|LOC106099062|LOC107133510	single nucleotide variant	Erythrocytosis, familial, 6, Heinz body anemia, Beta-thalassemia HBB/LCRB, Malaria, susceptibility to, Hb SS disease, Dominant beta-thalassemia, Hereditary persistence of fetal hemoglobin, METHEMOGLOBINEMIA, BETA TYPE	G: Likely pathogenic	criteria provided, single submitter	missense variant	F46C	2024/02/16			11:5247985	11:5226755	15546	VCV000015546	rs30585
NM_000518.4(HBB):c.137T>C (p.Phe46Ser)	HBB|LOC106099062|LOC107133510	single nucleotide variant	not specified, not provided	G: Conflicting classifications of pathogenicity	criteria provided, conflicting classifications	missense variant	F46S	2025/11/19			11:5247985	11:5226755	15135	VCV000015135	rs30174
NM_000518.5(HBB):c.135C>G (p.Ser45=)	HBB|LOC106099062|LOC107133510	single nucleotide variant	Inborn genetic diseases	G: Likely benign	criteria provided, single submitter	synonymous variant		2019/08/12			11:5247987	11:5226757	1770789	VCV001770789	rs1826489
NM_000518.5(HBB):c.135del (p.Phe46fs)	HBB|LOC106099062|LOC107133510	Deletion	Beta-thalassemia HBB/LCRB, Erythrocytosis, familial, 6, Heinz body anemia, Malaria, susceptibility to, Hereditary persistence of fetal hemoglobin, METHEMOGLOBINEMIA, BETA TYPE, Hb SS disease, Dominant beta-thalassemia, not provided, beta Thalassemia	G: Pathogenic/Likely pathogenic	criteria provided, multiple submitters, no conflicts	frameshift variant	F46fs	2025/11/05			11:5247987	11:5226757	15415	VCV000015415	rs30454
NM_000518.5(HBB):c.134C>G (p.Ser45Cys)	HBB|LOC106099062|LOC107133510	single nucleotide variant	not specified, not provided	G: Uncertain significance	criteria provided, multiple submitters, no conflicts	missense variant	S45C	2025/10/16			11:5247988	11:5226758	15267	VCV000015267	rs30306
NM_000518.5(HBB):c.130dup (p.Glu44fs)	HBB|LOC106099062|LOC107133510	Duplication	beta Thalassemia	G: Pathogenic	no assertion criteria provided	frameshift variant	E44fs	2019/11/25			11:5247991	11:5226761	869298	VCV000869298	rs857484
NM_000518.5(HBB):c.131A>G (p.Glu44Gly)	LOC106099062|LOC107133510|HBB	single nucleotide variant	not provided	G: Uncertain significance	criteria provided, single submitter	missense variant	E44G	2017/09/14			11:5247991	11:5226761	619853	VCV000619853	rs611100
NM_000518.5(HBB):c.131A>C (p.Glu44Ala)	HBB|LOC106099062|LOC107133510	single nucleotide variant	not specified, not provided	G: Conflicting classifications of pathogenicity	criteria provided, conflicting classifications	missense variant	E44A	2026/05/22			11:5247991	11:5226761	15173	VCV000015173	rs30212
NM_000518.5(HBB):c.130G>A (p.Glu44Lys)	HBB|LOC106099062|LOC107133510	single nucleotide variant	not provided	G: Uncertain significance	criteria provided, single submitter	missense variant	E44K	2024/04/11			11:5247992	11:5226762	3572116	VCV003572116	rs3731017
NM_000518.5(HBB):c.126_129dup (p.Glu44delinsLeuTer)	HBB|LOC106099062|LOC107133510	Duplication	not provided	G: Pathogenic	criteria provided, single submitter	nonsense		2024/11/06			11:5247992	11:5226762	3572115	VCV003572115	rs3731016
NM_000518.5(HBB):c.129dup (p.Glu44Ter)	HBB|LOC106099062|LOC107133510	Duplication	Hemoglobinopathy, beta Thalassemia	G: Pathogenic	criteria provided, multiple submitters, no conflicts	nonsense	E44*	2025/06/20			11:5247992	11:5226762	869297	VCV000869297	rs857486
NM_000518.5(HBB):c.130G>T (p.Glu44Ter)	LOC106099062|LOC107133510|HBB	single nucleotide variant	Erythrocytosis, familial, 6, Heinz body anemia, Beta-thalassemia HBB/LCRB, Malaria, susceptibility to, Hb SS disease, Dominant beta-thalassemia, Hereditary persistence of fetal hemoglobin, METHEMOGLOBINEMIA, BETA TYPE, Hemoglobinopathy, not provided, beta Thalassemia	G: Pathogenic	criteria provided, multiple submitters, no conflicts	nonsense	E44*	2025/11/06			11:5247992	11:5226762	15406	VCV000015406	rs30445
NM_000518.4(HBB):c.130G>C (p.Glu44Gln)	HBB|LOC106099062|LOC107133510	single nucleotide variant	not specified	G: Benign	no assertion criteria provided	missense variant	E44Q	2017/12/12			11:5247992	11:5226762	15203	VCV000015203	rs30242
NM_000518.5(HBB):c.129del (p.Phe43fs)	HBB|LOC106099062|LOC107133510	Deletion	beta Thalassemia	G: Pathogenic	no assertion criteria provided	frameshift variant	F43fs	2019/11/25			11:5247993	11:5226763	869296	VCV000869296	rs857485
NM_000518.5(HBB):c.129T>C (p.Phe43=)	LOC107133510|HBB|LOC106099062	single nucleotide variant	not specified, not provided	G: Likely benign	criteria provided, multiple submitters, no conflicts	synonymous variant		2022/05/08			11:5247993	11:5226763	495974	VCV000495974	rs487547
NM_000518.5(HBB):c.126_129del (p.Phe42fs)	HBB|LOC106099062|LOC107133510	Deletion	Beta-thalassemia HBB/LCRB, Hereditary persistence of fetal hemoglobin, METHEMOGLOBINEMIA, BETA TYPE, Heinz body anemia, Hb SS disease, alpha Thalassemia, Erythrocytosis, familial, 6, Dominant beta-thalassemia, Malaria, susceptibility to, Inborn genetic diseases, not provided, Fetal hemoglobin quantitative trait locus 1, beta Thalassemia	G: Pathogenic/Likely pathogenic	criteria provided, multiple submitters, no conflicts	frameshift variant	F42fs	2026/02/01			11:5247993	11:5226763	15417	VCV000015417	rs30456
NM_000518.5(HBB):c.127_129del (p.Phe43del)	HBB|LOC106099062|LOC107133510	Deletion	not provided, beta Thalassemia	G: Conflicting classifications of pathogenicity	criteria provided, conflicting classifications	inframe_deletion	F43del	2024/07/18			11:5247993	11:5226763	15121	VCV000015121	rs30160
NM_000518.5(HBB):c.128T>C (p.Phe43Ser)	HBB|LOC106099062|LOC107133510	single nucleotide variant	not provided	G: Pathogenic	criteria provided, multiple submitters, no conflicts	missense variant	F43S	2022/03/25			11:5247994	11:5226764	15190	VCV000015190	rs30229
NM_000518.5(HBB):c.127T>A (p.Phe43Ile)	HBB|LOC106099062|LOC107133510	single nucleotide variant	beta Thalassemia	G: Likely pathogenic	no assertion criteria provided	missense variant	F43I				11:5247995	11:5226765	4795169	VCV004795169	rs4906396
NM_000518.5(HBB):c.126dup (p.Phe43fs)	HBB|LOC106099062|LOC107133510	Duplication	Hemoglobinopathy	G: Likely pathogenic	criteria provided, single submitter	frameshift variant	F43fs	2021/05/11			11:5247995	11:5226765	1098798	VCV001098798	rs1087532
NM_000518.4(HBB):c.127T>G (p.Phe43Val)	HBB|LOC106099062|LOC107133510	single nucleotide variant	Hemolytic anemia	G: Pathogenic	no assertion criteria provided	missense variant	F43V	1990/07/01			11:5247995	11:5226765	15347	VCV000015347	rs30386
NM_000518.5(HBB):c.127T>C (p.Phe43Leu)	HBB|LOC106099062|LOC107133510	single nucleotide variant	beta Thalassemia	G: Likely pathogenic	criteria provided, single submitter	missense variant	F43L	2025/05/30			11:5247995	11:5226765	15251	VCV000015251	rs30290
NM_000518.5(HBB):c.125dup (p.Phe43fs)	HBB|LOC106099062|LOC107133510	Duplication	beta Thalassemia	G: Pathogenic	no assertion criteria provided	frameshift variant	F43fs	2019/11/25			11:5247996	11:5226766	869295	VCV000869295	rs857487
NM_000518.5(HBB):c.126del (p.Phe43fs)	LOC107133510|HBB|LOC106099062	Deletion	not provided	G: Pathogenic	criteria provided, multiple submitters, no conflicts	frameshift variant	F43fs	2020/11/12			11:5247996	11:5226766	849512	VCV000849512	rs838557
NM_000518.4(HBB):c.125T>G (p.Phe42Cys)	HBB|LOC106099062|LOC107133510	single nucleotide variant	HEMOGLOBIN ILMENAU	G: other	no assertion criteria provided	missense variant	F42C	2017/12/12			11:5247997	11:5226767	15598	VCV000015598	rs30637
NM_000518.4(HBB):c.125T>C (p.Phe42Ser)	HBB|LOC106099062|LOC107133510	single nucleotide variant	not provided	G: Uncertain significance	criteria provided, single submitter	missense variant	F42S	2017/01/20			11:5247997	11:5226767	15530	VCV000015530	rs30569
NM_000518.4(HBB):c.125T>A (p.Phe42Tyr)	HBB|LOC106099062|LOC107133510	single nucleotide variant	HEMOGLOBIN MEQUON	G: other	no assertion criteria provided	missense variant	F42Y	2016/07/20			11:5247997	11:5226767	15264	VCV000015264	rs30303
NM_000518.5(HBB):c.123del (p.Arg41fs)	LOC106099062|LOC107133510|HBB	Deletion	beta Thalassemia	G: Pathogenic	no assertion criteria provided	frameshift variant	R41fs	2019/11/25			11:5247999	11:5226769	869294	VCV000869294	rs857488
NM_000518.5(HBB):c.123G>T (p.Arg41Ser)	HBB|LOC106099062|LOC107133510	single nucleotide variant	Dominant beta-thalassemia, alpha Thalassemia, Beta-thalassemia HBB/LCRB, Heinz body anemia, METHEMOGLOBINEMIA, BETA TYPE, Erythrocytosis, familial, 6, Hb SS disease, Malaria, susceptibility to, Hereditary persistence of fetal hemoglobin, not provided	G: Uncertain significance	criteria provided, multiple submitters, no conflicts	missense variant	R41S	2025/06/23			11:5247999	11:5226769	439134	VCV000439134	rs432692
NM_000518.5(HBB):c.123G>C (p.Arg41Ser)	HBB|LOC106099062|LOC107133510	single nucleotide variant	HEMOGLOBIN AUSTIN	G: other	no assertion criteria provided	missense variant	R41S	2017/12/12			11:5247999	11:5226769	15102	VCV000015102	rs30141
NM_000518.5(HBB):c.118_121dup (p.Arg41fs)	HBB|LOC106099062|LOC107133510	Duplication	Hemoglobinopathy	G: Pathogenic	criteria provided, single submitter	frameshift variant	R41fs	2023/07/10			11:5248000	11:5226770	2577315	VCV002577315	rs2742213
NM_000518.5(HBB):c.122G>A (p.Arg41Lys)	HBB|LOC106099062|LOC107133510	single nucleotide variant	Erythrocytosis, familial, 6, Heinz body anemia, Beta-thalassemia HBB/LCRB, Malaria, susceptibility to, Hb SS disease, Dominant beta-thalassemia, Hereditary persistence of fetal hemoglobin, METHEMOGLOBINEMIA, BETA TYPE, not specified, not provided	G: Conflicting classifications of pathogenicity	criteria provided, conflicting classifications	missense variant	R41K	2025/07/14			11:5248000	11:5226770	15099	VCV000015099	rs30138
NM_000518.5(HBB):c.120G>C (p.Gln40His)	HBB|LOC106099062|LOC107133510	single nucleotide variant	not provided	G: Conflicting classifications of pathogenicity	criteria provided, conflicting classifications	missense variant	Q40H	2025/03/19			11:5248002	11:5226772	801183	VCV000801183	rs789500
NM_000518.5(HBB):c.114_120del (p.Pro37_Trp38insTer)	HBB|LOC106099062|LOC107133510	Deletion	not provided, beta Thalassemia	G: Pathogenic	criteria provided, multiple submitters, no conflicts	nonsense		2023/02/19			11:5248002	11:5226772	15427	VCV000015427	rs30466
NM_000518.5(HBB):c.119A>G (p.Gln40Arg)	HBB|LOC106099062|LOC107133510	single nucleotide variant	HEMOGLOBIN TIANSHUI	G: other	no assertion criteria provided	missense variant	Q40R	2017/12/12			11:5248003	11:5226773	15372	VCV000015372	rs30411
NM_000518.5(HBB):c.118del (p.Gln40fs)	HBB|LOC106099062|LOC107133510	Deletion	beta Thalassemia	G: Pathogenic	no assertion criteria provided	frameshift variant	Q40fs	2019/11/25			11:5248004	11:5226774	869292	VCV000869292	rs857489
NM_000518.5(HBB):c.111_118del (p.Trp38fs)	HBB|LOC106099062|LOC107133510	Deletion	beta Thalassemia	G: Pathogenic	no assertion criteria provided	frameshift variant	W38fs	2019/11/25			11:5248004	11:5226774	869264	VCV000869264	rs857490
NM_000518.5(HBB):c.118C>A (p.Gln40Lys)	HBB|LOC106099062|LOC107133510	single nucleotide variant	not provided, beta Thalassemia	G: Conflicting classifications of pathogenicity	criteria provided, conflicting classifications	missense variant	Q40K	2025/01/13			11:5248004	11:5226774	811501	VCV000811501	rs799653
NM_000518.5(HBB):c.117_118del (p.Gln40fs)	HBB|LOC106099062|LOC107133510	Deletion	beta Thalassemia	G: Pathogenic	no assertion criteria provided	frameshift variant	Q40fs	2019/11/25			11:5248004	11:5226774	15551	VCV000015551	rs30590
NM_000518.5(HBB):c.118C>T (p.Gln40Ter)	HBB|LOC106099062|LOC107133510	single nucleotide variant	Hereditary persistence of fetal hemoglobin, METHEMOGLOBINEMIA, BETA TYPE, Heinz body anemia, Malaria, susceptibility to, Beta-thalassemia HBB/LCRB, Erythrocytosis, familial, 6, Hb SS disease, Dominant beta-thalassemia, Inborn genetic diseases, not provided, alpha Thalassemia, beta Thalassemia	G: Pathogenic	criteria provided, multiple submitters, no conflicts	nonsense	Q40*	2026/03/05			11:5248004	11:5226774	15402	VCV000015402	rs30441
NM_000518.5(HBB):c.118C>G (p.Gln40Glu)	HBB|LOC106099062|LOC107133510	single nucleotide variant	HEMOGLOBIN VAASA	G: other	no assertion criteria provided	missense variant	Q40E	2017/12/12			11:5248004	11:5226774	15381	VCV000015381	rs30420
NM_000518.5(HBB):c.117C>A (p.Thr39=)	HBB|LOC106099062|LOC107133510	single nucleotide variant	beta Thalassemia	G: Uncertain significance	no assertion criteria provided	synonymous variant		2025/05/05			11:5248005	11:5226775	4069107	VCV004069107	rs4174153
NM_000518.5(HBB):c.117C>T (p.Thr39=)	LOC106099062|LOC107133510|HBB	single nucleotide variant	not specified, not provided	G: Likely benign	criteria provided, multiple submitters, no conflicts	synonymous variant		2023/11/09			11:5248005	11:5226775	928759	VCV000928759	rs917088
NM_000518.5(HBB):c.116C>G (p.Thr39Ser)	HBB|LOC106099062|LOC107133510	single nucleotide variant	not specified	G: Uncertain significance	criteria provided, single submitter	missense variant	T39S	2023/12/12			11:5248006	11:5226776	2691626	VCV002691626	rs2852649
NM_000518.5(HBB):c.116C>T (p.Thr39Ile)	HBB|LOC106099062|LOC107133510	single nucleotide variant	HEMOGLOBIN LA CORUNA	G: other	no assertion criteria provided	missense variant	T39I	2017/12/12			11:5248006	11:5226776	15622	VCV000015622	rs30661
NM_000518.5(HBB):c.116C>A (p.Thr39Asn)	HBB|LOC106099062|LOC107133510	single nucleotide variant	not provided	G: Uncertain significance	criteria provided, single submitter	missense variant	T39N	2024/04/10			11:5248006	11:5226776	15549	VCV000015549	rs30588
NM_000518.5(HBB):c.115A>C (p.Thr39Pro)	HBB|LOC106099062|LOC107133510	single nucleotide variant	HEMOGLOBIN HAZEBROUCK	G: other	no assertion criteria provided	missense variant	T39P	2016/07/20			11:5248007	11:5226777	15191	VCV000015191	rs30230
NM_000518.5(HBB):c.114G>T (p.Trp38Cys)	HBB|LOC106099062|LOC107133510	single nucleotide variant	not provided	G: Uncertain significance	criteria provided, single submitter	missense variant	W38C	2023/07/07			11:5248008	11:5226778	2681977	VCV002681977	rs2843011
NM_000518.5(HBB):c.114del (p.Pro37_Trp38insTer)	HBB|LOC106099062|LOC107133510	Deletion	not provided	G: Pathogenic	criteria provided, single submitter	nonsense		2023/07/08			11:5248008	11:5226778	2681976	VCV002681976	rs2843010
NM_000518.5(HBB):c.114G>A (p.Trp38Ter)	HBB|LOC106099062|LOC107133510	single nucleotide variant	Beta-thalassemia HBB/LCRB	G: Pathogenic	reviewed by expert panel	nonsense	W38*	2026/04/07			11:5248008	11:5226778	15405	VCV000015405	rs30444
NM_000518.5(HBB):c.113G>A (p.Trp38Ter)	HBB|LOC106099062|LOC107133510	single nucleotide variant	Hemoglobinopathy, not specified, not provided, beta Thalassemia	G: Pathogenic	criteria provided, multiple submitters, no conflicts	nonsense	W38*	2026/03/27			11:5248009	11:5226779	439782	VCV000439782	rs433088
NM_000518.5(HBB):c.113G>C (p.Trp38Ser)	HBB|LOC106099062|LOC107133510	single nucleotide variant	HEMOGLOBIN HIROSE	G: other	no assertion criteria provided	missense variant	W38S	2021/08/03			11:5248009	11:5226779	15199	VCV000015199	rs30238
NM_000518.5(HBB):c.112T>G (p.Trp38Gly)	HBB|LOC106099062|LOC107133510	single nucleotide variant	not provided	G: Uncertain significance	criteria provided, single submitter	missense variant	W38G	2024/03/01			11:5248010	11:5226780	15529	VCV000015529	rs30568
NM_000518.5(HBB):c.112del (p.Trp38fs)	HBB|LOC106099062|LOC107133510	Deletion	Malaria, susceptibility to, METHEMOGLOBINEMIA, BETA TYPE, Erythrocytosis, familial, 6, Beta-thalassemia HBB/LCRB, Hereditary persistence of fetal hemoglobin, Hb SS disease, Heinz body anemia, Dominant beta-thalassemia, Hemoglobinopathy, not provided, beta Thalassemia	G: Pathogenic	criteria provided, multiple submitters, no conflicts	frameshift variant	W38fs	2025/08/14			11:5248010	11:5226780	15431	VCV000015431	rs30470
NM_000518.5(HBB):c.112T>A (p.Trp38Arg)	HBB|LOC106099062|LOC107133510	single nucleotide variant	HEMOGLOBIN ROTHSCHILD	G: other	no assertion criteria provided	missense variant	W38R	2017/12/12			11:5248010	11:5226780	15331	VCV000015331	rs30370
NM_000518.5(HBB):c.111T>G (p.Pro37=)	HBB|LOC106099062|LOC107133510	single nucleotide variant	not provided	G: Likely benign	criteria provided, single submitter	synonymous variant		2022/01/19			11:5248011	11:5226781	2088054	VCV002088054	rs2155013
NM_000518.4(HBB):c.110C>A (p.Pro37His)	HBB|LOC106099062|LOC107133510	single nucleotide variant	Hypertrophic cardiomyopathy 26, Erythrocytosis, familial, 6	G: Conflicting classifications of pathogenicity	criteria provided, conflicting classifications	missense variant	P37H	2023/09/14			11:5248012	11:5226782	15578	VCV000015578	rs30617
NM_000518.5(HBB):c.110del (p.Pro37fs)	HBB|LOC106099062|LOC107133510	Deletion	not provided, beta Thalassemia	G: Pathogenic/Likely pathogenic	criteria provided, multiple submitters, no conflicts	frameshift variant	P37fs	2024/03/05			11:5248012	11:5226782	15424	VCV000015424	rs30463
NM_000518.4(HBB):c.110C>G (p.Pro37Arg)	HBB|LOC106099062|LOC107133510	single nucleotide variant	HEMOGLOBIN SUNNYBROOK	G: other	no assertion criteria provided	missense variant	P37R	2017/12/12			11:5248012	11:5226782	15363	VCV000015363	rs30402
NM_000518.4(HBB):c.109C>G (p.Pro37Ala)	HBB|LOC106099062|LOC107133510	single nucleotide variant	HEMOGLOBIN BRIE COMTE ROBERT	G: other	no assertion criteria provided	missense variant	P37A	2017/12/12			11:5248013	11:5226783	15575	VCV000015575	rs30614
NM_000518.4(HBB):c.109C>T (p.Pro37Ser)	HBB|LOC106099062|LOC107133510	single nucleotide variant	HEMOGLOBIN NORTH CHICAGO	G: other	no assertion criteria provided	missense variant	P37S	2017/12/12			11:5248013	11:5226783	15289	VCV000015289	rs30328
NM_000518.4(HBB):c.109C>A (p.Pro37Thr)	HBB|LOC106099062|LOC107133510	single nucleotide variant	HEMOGLOBIN LINKOPING, HEMOGLOBIN MEILAHTI	G: other	no assertion criteria provided	missense variant	P37T	2017/12/12			11:5248013	11:5226783	15249	VCV000015249	rs30288
NM_000518.5(HBB):c.108C>T (p.Tyr36=)	HBB|LOC106099062|LOC107133510	single nucleotide variant	not provided, not specified, Dominant beta-thalassemia, Heinz body anemia, Malaria, susceptibility to, Erythrocytosis, familial, 6, Hb SS disease, METHEMOGLOBINEMIA, BETA TYPE, Hereditary persistence of fetal hemoglobin, Beta-thalassemia HBB/LCRB	G: Conflicting classifications of pathogenicity	criteria provided, conflicting classifications	synonymous variant		2025/11/05			11:5248014	11:5226784	1544548	VCV001544548	rs1524825
NM_000518.5(HBB):c.108C>G (p.Tyr36Ter)	HBB|LOC106099062|LOC107133510	single nucleotide variant	beta Thalassemia	G: Pathogenic	no assertion criteria provided	nonsense	Y36*	2019/11/25			11:5248014	11:5226784	869263	VCV000869263	rs857491
NM_000518.5(HBB):c.108C>A (p.Tyr36Ter)	HBB|LOC106099062|LOC107133510	single nucleotide variant	Erythrocytosis, familial, 6, Heinz body anemia, Beta-thalassemia HBB/LCRB, Malaria, susceptibility to, Hb SS disease, Dominant beta-thalassemia, Hereditary persistence of fetal hemoglobin, METHEMOGLOBINEMIA, BETA TYPE, not provided, beta Thalassemia	G: Pathogenic	criteria provided, multiple submitters, no conflicts	nonsense	Y36*	2025/10/01			11:5248014	11:5226784	15408	VCV000015408	rs30447
NM_000518.5(HBB):c.107A>G (p.Tyr36Cys)	HBB|LOC106099062|LOC107133510	single nucleotide variant	beta Thalassemia	G: Pathogenic	no assertion criteria provided	missense variant	Y36C	2019/11/25			11:5248015	11:5226785	869262	VCV000869262	rs857492
NM_000518.5(HBB):c.107A>T (p.Tyr36Phe)	HBB|LOC106099062|LOC107133510	single nucleotide variant	HEMOGLOBIN PHILLY	G: other	no assertion criteria provided	missense variant	Y36F	2017/12/12			11:5248015	11:5226785	15310	VCV000015310	rs30349
NM_000518.5(HBB):c.105_106insCTAC (p.Tyr36fs)	HBB|LOC106099062|LOC107133510	Insertion	Beta-thalassemia HBB/LCRB	G: Pathogenic	no assertion criteria provided	frameshift variant	Y36fs	2025/03/01			11:5248016	11:5226786	3781328	VCV003781328	rs3897287
NM_000518.5(HBB):c.104T>A (p.Val35Asp)	HBB|LOC106099062|LOC107133510	single nucleotide variant	HEMOGLOBIN SANTANDER	G: other	no assertion criteria provided	missense variant	V35D	2017/12/12			11:5248018	11:5226788	15605	VCV000015605	rs30644
NM_000518.5(HBB):c.99GGT[1] (p.Val35del)	HBB|LOC106099062|LOC107133510	Microsatellite	Beta-thalassemia HBB/LCRB	G: Pathogenic	criteria provided, single submitter	inframe_deletion	V35del	2021/05/06			11:5248018	11:5226788	15532	VCV000015532	rs30571
NM_000518.5(HBB):c.103G>C (p.Val35Leu)	HBB|LOC106099062|LOC107133510	single nucleotide variant	not specified	G: Uncertain significance	criteria provided, single submitter	missense variant	V35L	2026/04/24			11:5248019	11:5226789	4849097	VCV004849097	rs4960153
NM_000518.5(HBB):c.103G>T (p.Val35Phe)	LOC107133510|HBB|LOC106099062	single nucleotide variant	Erythrocytosis, familial, 6, Heinz body anemia, Beta-thalassemia HBB/LCRB, Malaria, susceptibility to, Hb SS disease, Dominant beta-thalassemia, Hereditary persistence of fetal hemoglobin, METHEMOGLOBINEMIA, BETA TYPE, not provided	G: Likely pathogenic	criteria provided, multiple submitters, no conflicts	missense variant	V35F	2024/03/07			11:5248019	11:5226789	15312	VCV000015312	rs30351
NM_000518.5(HBB):c.102G>T (p.Val34=)	HBB|LOC106099062|LOC107133510	single nucleotide variant	not provided	G: Likely benign	criteria provided, single submitter	synonymous variant		2026/01/20			11:5248020	11:5226790	2026143	VCV002026143	rs2077634
NM_000518.5(HBB):c.102G>A (p.Val34=)	HBB|LOC106099062|LOC107133510	single nucleotide variant	not provided	G: Likely benign	criteria provided, single submitter	synonymous variant		2022/01/02			11:5248020	11:5226790	1978635	VCV001978635	rs2041711
NM_000518.5(HBB):c.93-33_101del	HBB|LOC106099062|LOC107133510	Deletion	not provided	G: Likely pathogenic	criteria provided, single submitter	splice acceptor variant		2021/12/17			11:5248021	11:5226791	2044665	VCV002044665	rs2096090
NM_000518.5(HBB):c.100G>A (p.Val34Met)	HBB|LOC106099062|LOC107133510	single nucleotide variant	not specified	G: Uncertain significance	criteria provided, single submitter	missense variant	V34M	2017/11/27			11:5248022	11:5226792	15566	VCV000015566	rs30605
NM_000518.4(HBB):c.98T>A (p.Leu33Gln)	HBB|LOC106099062|LOC107133510	single nucleotide variant	not provided	G: Likely pathogenic	criteria provided, single submitter	missense variant	L33Q	2020/05/19			11:5248024	11:5226794	478852	VCV000478852	rs30572
NM_000518.4(HBB):c.98T>C (p.Leu33Pro)	HBB|LOC106099062|LOC107133510	single nucleotide variant	not provided	G: Pathogenic	criteria provided, single submitter	missense variant	L33P	2023/01/20			11:5248024	11:5226794	15308	VCV000015308	rs30347
NM_000518.4(HBB):c.98T>G (p.Leu33Arg)	HBB|LOC106099062|LOC107133510	single nucleotide variant	HEMOGLOBIN CASTILLA	G: other	no assertion criteria provided	missense variant	L33R	2017/12/12			11:5248024	11:5226794	15132	VCV000015132	rs30171
NM_000518.5(HBB):c.93-33_96delinsACTGTCCCTTGGGCTGTTTTCCTACCCTCAGATTA	HBB|LOC106099062|LOC107133510	Indel	not provided	G: Likely pathogenic	criteria provided, single submitter	splice acceptor variant		2022/08/14			11:5248026	11:5226796	2024192	VCV002024192	rs2076969
NM_000518.5(HBB):c.96G>T (p.Leu32=)	HBB|LOC106099062|LOC107133510	single nucleotide variant	not provided	G: Likely benign	criteria provided, single submitter	synonymous variant		2022/08/01			11:5248026	11:5226796	1090577	VCV001090577	rs1078332
NM_000518.5(HBB):c.93-21_96del	HBB|LOC106099062|LOC107133510	Deletion	beta Thalassemia	G: Pathogenic	criteria provided, single submitter	splice acceptor variant		2019/07/25			11:5248026	11:5226796	632854	VCV000632854	rs621818
NM_000518.5(HBB):c.93-30_96delinsGTCCCTTGGGCTGTTTTCCTACCCTCAGATTA	HBB|LOC106099062|LOC107133510	Indel	not specified, not provided	G: Conflicting classifications of pathogenicity	criteria provided, conflicting classifications	splice acceptor variant		2024/01/11			11:5248026	11:5226796	439168	VCV000439168	rs432693
NM_000518.5(HBB):c.92_94dup (p.Arg31dup)	HBB|LOC106099062|LOC107133510	Duplication	Dominant beta-thalassemia, beta Thalassemia	G: Pathogenic	no assertion criteria provided	splice acceptor variant		2019/11/25			11:5248027	11:5226797	869322	VCV000869322	rs857570
NM_000518.5(HBB):c.95T>G (p.Leu32Arg)	HBB|LOC106099062|LOC107133510	single nucleotide variant	HEMOGLOBIN HAKKARI	G: other	no assertion criteria provided	missense variant	L32R	2017/12/12			11:5248027	11:5226797	15544	VCV000015544	rs30583
NM_000518.5(HBB):c.93-22_95del	HBB|LOC106099062|LOC107133510	Deletion	Beta-thalassemia HBB/LCRB, Inborn genetic diseases, not provided, beta Thalassemia, Malaria, susceptibility to	G: Pathogenic	criteria provided, multiple submitters, no conflicts	splice acceptor variant		2026/01/21			11:5248027	11:5226797	15442	VCV000015442	rs30481
NM_000518.4(HBB):c.95T>C (p.Leu32Pro)	HBB|LOC106099062|LOC107133510	single nucleotide variant	HEMOGLOBIN YOKOHAMA	G: other	no assertion criteria provided	missense variant	L32P	2017/12/12			11:5248027	11:5226797	15394	VCV000015394	rs30433
NM_000518.5(HBB):c.94C>A (p.Leu32Met)	HBB|LOC106099062|LOC107133510	single nucleotide variant	not specified	G: Uncertain significance	criteria provided, single submitter	missense variant	L32M	2025/11/18			11:5248028	11:5226798	4537333	VCV004537333	rs4648820
NM_000518.5(HBB):c.94del (p.Leu32fs)	HBB|LOC106099062|LOC107133510	Deletion	beta Thalassemia	G: Pathogenic	no assertion criteria provided	frameshift variant	L32fs	2019/11/25			11:5248028	11:5226798	869323	VCV000869323	rs857493
NM_000518.5(HBB):c.94C>G (p.Leu32Val)	HBB|LOC106099062|LOC107133510	single nucleotide variant	HEMOGLOBIN MUSCAT	G: other	no assertion criteria provided	missense variant	L32V	2017/12/12			11:5248028	11:5226798	15509	VCV000015509	rs30548
NM_000518.5(HBB):c.93G>C (p.Arg31Ser)	HBB|LOC106099062|LOC107133510	single nucleotide variant	beta Thalassemia	G: Pathogenic	no assertion criteria provided	missense variant	R31S	2019/11/25			11:5248029	11:5226799	869321	VCV000869321	rs857494
NM_000518.5(HBB):c.93G>T (p.Arg31Ser)	HBB|LOC106099062|LOC107133510	single nucleotide variant	Beta-thalassemia HBB/LCRB, not specified, not provided	G: Uncertain significance	criteria provided, multiple submitters, no conflicts	missense variant	R31S	2026/02/19			11:5248029	11:5226799	15368	VCV000015368	rs30407
NM_000518.5(HBB):c.93-1G>C	HBB|LOC106099062|LOC107133510	single nucleotide variant	not provided, beta Thalassemia, Beta-thalassemia major	G: Pathogenic	criteria provided, multiple submitters, no conflicts	splice acceptor variant		2025/12/29			11:5248030	11:5226800	439166	VCV000439166	rs432694
NM_000518.5(HBB):c.93-1G>A	HBB|LOC106099062|LOC107133510	single nucleotide variant	Erythrocytosis, familial, 6, Heinz body anemia, Beta-thalassemia HBB/LCRB, Malaria, susceptibility to, Hb SS disease, Dominant beta-thalassemia, Hereditary persistence of fetal hemoglobin, METHEMOGLOBINEMIA, BETA TYPE, not provided, beta Thalassemia	G: Pathogenic	criteria provided, multiple submitters, no conflicts	splice acceptor variant		2025/11/26			11:5248030	11:5226800	15446	VCV000015446	rs30485
NM_000518.5(HBB):c.93-17_93-1del	HBB|LOC106099062|LOC107133510	Deletion	beta Thalassemia, Beta zero thalassemia	G: Pathogenic	no assertion criteria provided	splice acceptor variant		2019/11/25			11:5248030	11:5226800	15441	VCV000015441	rs30480
NM_000518.5(HBB):c.93-2A>C	HBB|LOC106099062|LOC107133510	single nucleotide variant	beta Thalassemia, not provided, Hemoglobinopathy	G: Pathogenic	criteria provided, multiple submitters, no conflicts	splice acceptor variant		2024/04/25			11:5248031	11:5226801	439167	VCV000439167	rs432695
NM_000518.5(HBB):c.93-2A>G	HBB|LOC106099062|LOC107133510	single nucleotide variant	not provided, beta Thalassemia	G: Pathogenic	criteria provided, multiple submitters, no conflicts	splice acceptor variant		2023/06/13			11:5248031	11:5226801	15562	VCV000015562	rs30601
NM_000518.5(HBB):c.93-3T>C	HBB|LOC106099062|LOC107133510	single nucleotide variant	not specified	G: Uncertain significance	criteria provided, single submitter	intron variant		2025/07/01			11:5248032	11:5226802	3911998	VCV003911998	rs4026023
NM_000518.5(HBB):c.93-3T>G	HBB|LOC106099062|LOC107133510	single nucleotide variant	not provided, Beta thalassemia intermedia, beta Thalassemia	G: Pathogenic/Likely pathogenic	criteria provided, multiple submitters, no conflicts	intron variant		2025/10/02			11:5248032	11:5226802	36341	VCV000036341	rs45005
NM_000518.5(HBB):c.93-5C>G	HBB|LOC106099062|LOC107133510	single nucleotide variant	not provided	G: Likely benign	criteria provided, single submitter	intron variant		2022/11/23			11:5248034	11:5226804	2783192	VCV002783192	rs2938293
NM_000518.5(HBB):c.93-5C>T	HBB|LOC106099062|LOC107133510	single nucleotide variant	not provided	G: Likely benign	criteria provided, single submitter	intron variant		2021/04/14			11:5248034	11:5226804	1649396	VCV001649396	rs1567251
NM_000518.5(HBB):c.93-6C>T	HBB|LOC106099062|LOC107133510	single nucleotide variant	not specified, not provided	G: Likely benign	criteria provided, multiple submitters, no conflicts	intron variant		2025/04/24			11:5248035	11:5226805	496008	VCV000496008	rs487555
NM_000518.5(HBB):c.93-7C>A	HBB|LOC106099062|LOC107133510	single nucleotide variant	not provided	G: Likely benign	criteria provided, single submitter	intron variant		2023/09/09			11:5248036	11:5226806	1133359	VCV001133359	rs1121524
NM_000518.5(HBB):c.93-9dup	HBB|LOC106099062|LOC107133510	Duplication	not provided	G: Likely benign	criteria provided, single submitter	intron variant		2023/08/14			11:5248037	11:5226807	2825403	VCV002825403	rs2982636
NM_000518.5(HBB):c.93-9C>G	HBB|LOC106099062|LOC107133510	single nucleotide variant	not provided	G: Likely benign	criteria provided, single submitter	intron variant		2022/11/07			11:5248038	11:5226808	2812701	VCV002812701	rs2975933
NM_000518.5(HBB):c.93-11C>T	HBB|LOC106099062|LOC107133510	single nucleotide variant	not specified	G: Likely benign	criteria provided, single submitter	intron variant		2026/02/04			11:5248040	11:5226810	4848053	VCV004848053	rs4959112
NM_000518.5(HBB):c.93-14T>A	HBB|LOC106099062|LOC107133510	single nucleotide variant	not provided	G: Uncertain significance	criteria provided, single submitter	intron variant		2019/10/10			11:5248043	11:5226813	993190	VCV000993190	rs981065
NM_000518.5(HBB):c.93-14T>C	LOC107133510|LOC106099062|HBB	single nucleotide variant	not provided	G: Conflicting classifications of pathogenicity	criteria provided, conflicting classifications	intron variant		2024/01/04			11:5248043	11:5226813	619861	VCV000619861	rs611305
NM_000518.5(HBB):c.93-15T>G	HBB|LOC106099062|LOC107133510	single nucleotide variant	not provided, Beta-thalassemia HBB/LCRB, beta Thalassemia	G: Pathogenic	criteria provided, multiple submitters, no conflicts	intron variant		2026/01/09			11:5248044	11:5226814	550356	VCV000550356	rs546666
NM_000518.5(HBB):c.93-15T>C	HBB|LOC106099062|LOC107133510	single nucleotide variant	not provided, not specified	G: Likely benign	criteria provided, multiple submitters, no conflicts	intron variant		2025/12/03			11:5248044	11:5226814	256348	VCV000256348	rs254208
NM_000518.5(HBB):c.93-16A>G	HBB|LOC106099062|LOC107133510	single nucleotide variant	not provided	G: Likely benign	criteria provided, single submitter	intron variant		2024/01/11			11:5248045	11:5226815	1602123	VCV001602123	rs1633249
NM_000518.5(HBB):c.93-17T>C	HBB|LOC106099062|LOC107133510	single nucleotide variant	not provided	G: Likely benign	criteria provided, single submitter	intron variant		2024/03/04			11:5248046	11:5226816	1077470	VCV001077470	rs1078333
NM_000518.5(HBB):c.93-18C>G	HBB|LOC106099062|LOC107133510	single nucleotide variant	not provided	G: Likely benign	criteria provided, single submitter	intron variant		2022/07/17			11:5248047	11:5226817	1985586	VCV001985586	rs2043438
NM_000518.5(HBB):c.93-18C>T	LOC107133510|HBB|LOC106099062	single nucleotide variant	not provided	G: Likely benign	criteria provided, single submitter	intron variant		2024/05/20			11:5248047	11:5226817	795005	VCV000795005	rs787776
NM_000518.5(HBB):c.93-19T>C	HBB|LOC106099062|LOC107133510	single nucleotide variant	not provided	G: Likely benign	criteria provided, single submitter	intron variant		2023/09/22			11:5248048	11:5226818	2762750	VCV002762750	rs2931244
NM_000518.5(HBB):c.93-19T>G	HBB|LOC106099062|LOC107133510	single nucleotide variant	not provided	G: Likely benign	criteria provided, single submitter	intron variant		2024/01/11			11:5248048	11:5226818	1602124	VCV001602124	rs1633250
NM_000518.5(HBB):c.93-21G>A	HBB|LOC106099062|LOC107133510	single nucleotide variant	Beta-thalassemia HBB/LCRB	G: Pathogenic	reviewed by expert panel	intron variant		2026/04/07			11:5248050	11:5226820	15454	VCV000015454	rs30493
NM_000518.5(HBB):c.93-24_93-23del	HBB|LOC106099062|LOC107133510	Deletion	not provided	G: Likely benign	criteria provided, single submitter	intron variant		2024/01/11			11:5248052	11:5226822	1602125	VCV001602125	rs1633251
NM_000518.5(HBB):c.93-23T>C	HBB|LOC106099062|LOC107133510	single nucleotide variant	Beta-thalassemia HBB/LCRB, not provided, beta Thalassemia	G: Conflicting classifications of pathogenicity	criteria provided, conflicting classifications	intron variant		2026/02/02			11:5248052	11:5226822	36340	VCV000036340	rs45004
NM_000518.5(HBB):c.93-24A>G	LOC106099062|LOC107133510|HBB	single nucleotide variant	not specified, not provided	G: Likely benign	criteria provided, multiple submitters, no conflicts	intron variant		2024/12/12			11:5248053	11:5226823	496009	VCV000496009	rs487310
NM_000518.5(HBB):c.93-27C>G	HBB|LOC106099062|LOC107133510	single nucleotide variant	not provided	G: Likely benign	criteria provided, single submitter	intron variant		2022/12/31			11:5248056	11:5226826	2825370	VCV002825370	rs2982603
NM_000518.5(HBB):c.93-27C>A	HBB|LOC106099062|LOC107133510	single nucleotide variant	not provided	G: Likely benign	criteria provided, single submitter	intron variant		2022/03/15			11:5248056	11:5226826	1929948	VCV001929948	rs1981505
NM_000518.5(HBB):c.93-27C>T	HBB|LOC106099062|LOC107133510	single nucleotide variant	not provided	G: Likely benign	criteria provided, single submitter	intron variant		2022/11/08			11:5248056	11:5226826	1123454	VCV001123454	rs1121525
NM_000518.5(HBB):c.93-28G>T	HBB|LOC106099062|LOC107133510	single nucleotide variant	not provided	G: Likely benign	criteria provided, single submitter	intron variant		2022/11/29			11:5248057	11:5226827	2817359	VCV002817359	rs2977170
NM_000518.5(HBB):c.93-28G>C	HBB|LOC106099062|LOC107133510	single nucleotide variant	not provided	G: Likely benign	criteria provided, single submitter	intron variant		2024/01/11			11:5248057	11:5226827	1602126	VCV001602126	rs1633252
NM_000518.5(HBB):c.93-36CT[2]	HBB|LOC106099062|LOC107133510	Microsatellite	not provided	G: Likely benign	criteria provided, single submitter	intron variant		2025/12/19			11:5248058	11:5226828	1155441	VCV001155441	rs1142392
NM_000518.5(HBB):c.93-30C>G	HBB|LOC106099062|LOC107133510	single nucleotide variant	not provided	G: Likely benign	criteria provided, single submitter	intron variant		2024/01/11			11:5248059	11:5226829	1602127	VCV001602127	rs1633253
NM_000518.5(HBB):c.93-31T>G	HBB|LOC106099062|LOC107133510	single nucleotide variant	not provided	G: Likely benign	criteria provided, single submitter	intron variant		2022/09/22			11:5248060	11:5226830	2030369	VCV002030369	rs2085716
NM_000518.5(HBB):c.93-32C>T	HBB|LOC106099062|LOC107133510	single nucleotide variant	not provided	G: Likely benign	criteria provided, single submitter	intron variant		2022/02/09			11:5248061	11:5226831	1153073	VCV001153073	rs1142393
NM_000518.5(HBB):c.93-34C>G	HBB|LOC106099062|LOC107133510	single nucleotide variant	not provided	G: Likely benign	criteria provided, single submitter	intron variant		2023/08/06			11:5248063	11:5226833	1670688	VCV001670688	rs1604995
NM_000518.5(HBB):c.93-34C>T	HBB|LOC106099062|LOC107133510	single nucleotide variant	not provided	G: Likely benign	criteria provided, single submitter	intron variant		2024/02/13			11:5248063	11:5226833	1132627	VCV001132627	rs1121526
NM_000518.5(HBB):c.93-36C>T	HBB|LOC106099062|LOC107133510	single nucleotide variant	not provided	G: Likely benign	criteria provided, single submitter	intron variant		2023/12/12			11:5248065	11:5226835	2816145	VCV002816145	rs2976815
NM_000518.5(HBB):c.93-38G>A	HBB|LOC106099062|LOC107133510	single nucleotide variant	not provided	G: Conflicting classifications of pathogenicity	criteria provided, conflicting classifications	intron variant		2024/01/08			11:5248067	11:5226837	2094782	VCV002094782	rs2146230
NM_000518.5(HBB):c.93-39T>C	LOC106099062|LOC107133510|HBB	single nucleotide variant	not provided	G: Likely benign	criteria provided, single submitter	intron variant		2022/06/23			11:5248068	11:5226838	2009669	VCV002009669	rs2070191
NM_000518.5(HBB):c.93-40C>A	LOC106099062|LOC107133510|HBB	single nucleotide variant	not provided	G: Likely benign	criteria provided, single submitter	intron variant		2022/04/09			11:5248069	11:5226839	1127713	VCV001127713	rs1121527
NM_000518.5(HBB):c.93-40C>T	HBB|LOC106099062|LOC107133510	single nucleotide variant	not specified, not provided	G: Likely benign	criteria provided, multiple submitters, no conflicts	intron variant		2026/01/20			11:5248069	11:5226839	796462	VCV000796462	rs787779
NM_000518.5(HBB):c.93-41A>G	HBB|LOC106099062|LOC107133510	single nucleotide variant	not provided	G: Likely benign	criteria provided, single submitter	intron variant		2022/12/21			11:5248070	11:5226840	2791980	VCV002791980	rs2960446
NM_000518.5(HBB):c.93-41A>C	HBB|LOC106099062|LOC107133510	single nucleotide variant	not provided	G: Likely benign	criteria provided, single submitter	intron variant		2021/05/05			11:5248070	11:5226840	1556906	VCV001556906	rs1593050
NM_000518.5(HBB):c.93-43G>C	HBB|LOC106099062|LOC107133510	single nucleotide variant	not provided	G: Likely benign	criteria provided, single submitter	intron variant		2026/01/18			11:5248072	11:5226842	4771045	VCV004771045	rs4877152
NM_000518.5(HBB):c.93-44G>C	HBB|LOC106099062|LOC107133510	single nucleotide variant	not provided	G: Likely benign	criteria provided, single submitter	intron variant		2022/02/18			11:5248073	11:5226843	2098228	VCV002098228	rs2147084
NM_000518.5(HBB):c.93-46T>A	LOC107133510|HBB|LOC106099062	single nucleotide variant	not provided	G: Likely benign	criteria provided, single submitter	intron variant		2024/01/18			11:5248075	11:5226845	1153807	VCV001153807	rs1142394
NM_000518.5(HBB):c.93-46T>C	LOC107133510|LOC106099062|HBB	single nucleotide variant	not provided	G: Likely benign	criteria provided, single submitter	intron variant		2024/01/07			11:5248075	11:5226845	1126429	VCV001126429	rs1121528
NM_000518.5(HBB):c.93-55G>C	HBB|LOC106099062|LOC107133510	single nucleotide variant	not provided	G: Likely benign	criteria provided, single submitter	intron variant		2023/06/01			11:5248084	11:5226854	2878634	VCV002878634	rs3033435
NM_000518.5(HBB):c.93-55G>A	HBB|LOC106099062|LOC107133510	single nucleotide variant	not provided	G: Likely benign	criteria provided, single submitter	intron variant		2023/01/12			11:5248084	11:5226854	1673467	VCV001673467	rs1595654
NM_000518.5(HBB):c.93-56G>A	HBB|LOC106099062|LOC107133510	single nucleotide variant	not provided	G: Likely benign	criteria provided, single submitter	intron variant		2022/08/30			11:5248085	11:5226855	1802686	VCV001802686	rs1859718
NM_000518.5(HBB):c.93-59C>T	HBB|LOC106099062|LOC107133510	single nucleotide variant	not provided	G: Likely benign	criteria provided, single submitter	intron variant		2021/03/22			11:5248088	11:5226858	1542866	VCV001542866	rs1523141
NM_000518.5(HBB):c.93-61C>A	HBB|LOC106099062|LOC107133510	single nucleotide variant	not provided	G: Likely benign	criteria provided, single submitter	intron variant		2022/03/26			11:5248090	11:5226860	2095288	VCV002095288	rs2153194
NM_000518.5(HBB):c.93-62A>T	HBB|LOC106099062|LOC107133510	single nucleotide variant	not provided	G: Likely benign	criteria provided, single submitter	intron variant		2022/11/04			11:5248091	11:5226861	2811923	VCV002811923	rs2969161
NM_000518.5(HBB):c.93-65_93-64del	HBB|LOC106099062|LOC107133510	Deletion	not provided	G: Likely benign	criteria provided, single submitter	intron variant		2022/02/14			11:5248093	11:5226863	2097478	VCV002097478	rs2150098
NM_000518.5(HBB):c.93-64A>G	HBB|LOC106099062|LOC107133510	single nucleotide variant	not provided	G: Likely benign	criteria provided, single submitter	intron variant		2024/02/16			11:5248093	11:5226863	1557222	VCV001557222	rs1561881
NM_000518.5(HBB):c.92+65G>T	HBB|LOC106099062|LOC107133510	single nucleotide variant	not provided	G: Likely benign	criteria provided, single submitter	intron variant		2025/12/30			11:5248095	11:5226865	2115831	VCV002115831	rs2182770
NM_000518.5(HBB):c.92+65G>A	HBB|LOC106099062|LOC107133510	single nucleotide variant	not provided	G: Likely benign	criteria provided, single submitter	intron variant		2022/05/03			11:5248095	11:5226865	1975392	VCV001975392	rs2026799
NM_000518.5(HBB):c.92+64A>G	HBB|LOC106099062|LOC107133510	single nucleotide variant	not provided	G: Likely benign	criteria provided, single submitter	intron variant		2022/01/31			11:5248096	11:5226866	2091277	VCV002091277	rs2145316
NM_000518.5(HBB):c.92+64A>C	HBB|LOC106099062|LOC107133510	single nucleotide variant	not provided	G: Likely benign	criteria provided, single submitter	intron variant		2020/12/02			11:5248096	11:5226866	1673148	VCV001673148	rs1531594
NM_000518.5(HBB):c.92+62A>T	HBB|LOC106099062|LOC107133510	single nucleotide variant	not provided	G: Likely benign	criteria provided, single submitter	intron variant		2026/01/28			11:5248098	11:5226868	1151774	VCV001151774	rs1142395
NM_000518.5(HBB):c.92+61C>G	HBB|LOC106099062|LOC107133510	single nucleotide variant	not provided	G: Likely benign	criteria provided, single submitter	intron variant		2021/12/07			11:5248099	11:5226869	1160989	VCV001160989	rs1142397
NM_000518.5(HBB):c.92+61C>T	LOC107133510|HBB|LOC106099062	single nucleotide variant	not provided	G: Likely benign	criteria provided, single submitter	intron variant		2025/12/17			11:5248099	11:5226869	1153690	VCV001153690	rs1142396
NM_000518.5(HBB):c.92+58A>G	HBB|LOC106099062|LOC107133510	single nucleotide variant	not provided	G: Likely benign	criteria provided, single submitter	intron variant		2023/10/12			11:5248102	11:5226872	1661837	VCV001661837	rs1608198
NM_000518.5(HBB):c.92+57G>A	HBB|LOC106099062|LOC107133510	single nucleotide variant	not provided	G: Likely benign	criteria provided, single submitter	intron variant		2021/11/06			11:5248103	11:5226873	1615668	VCV001615668	rs1547610
NM_000518.5(HBB):c.92+57G>C	HBB|LOC106099062|LOC107133510	single nucleotide variant	not provided	G: Likely benign	criteria provided, single submitter	intron variant		2021/12/07			11:5248103	11:5226873	1537040	VCV001537040	rs1533324
NM_000518.5(HBB):c.92+57G>T	HBB|LOC106099062|LOC107133510	single nucleotide variant	not provided	G: Likely benign	criteria provided, single submitter	intron variant		2023/12/11			11:5248103	11:5226873	1121778	VCV001121778	rs1121529
NM_000518.5(HBB):c.92+54G>C	HBB|LOC106099062|LOC107133510	single nucleotide variant	not provided	G: Likely benign	criteria provided, single submitter	intron variant		2021/06/23			11:5248106	11:5226876	1669845	VCV001669845	rs1582523
NM_000518.5(HBB):c.92+53T>C	HBB|LOC106099062|LOC107133510	single nucleotide variant	not provided	G: Likely benign	criteria provided, single submitter	intron variant		2023/09/14			11:5248107	11:5226877	1127650	VCV001127650	rs1121530
NM_000518.5(HBB):c.92+50G>A	HBB|LOC106099062|LOC107133510	single nucleotide variant	not provided	G: Likely benign	criteria provided, single submitter	intron variant		2023/07/17			11:5248110	11:5226880	1129240	VCV001129240	rs1121531
NM_000518.5(HBB):c.92+49G>A	LOC107133510|HBB|LOC106099062	single nucleotide variant	not provided	G: Likely benign	criteria provided, single submitter	intron variant		2021/08/17			11:5248111	11:5226881	1537117	VCV001537117	rs1596710
NM_000518.5(HBB):c.92+48G>C	LOC106099062|LOC107133510|HBB	single nucleotide variant	not provided	G: Likely benign	criteria provided, single submitter	intron variant		2020/02/18			11:5248112	11:5226882	1123116	VCV001123116	rs1121532
NM_000518.5(HBB):c.92+48G>A	HBB|LOC106099062|LOC107133510	single nucleotide variant	not provided	G: Likely benign	criteria provided, single submitter	intron variant		2022/10/31			11:5248112	11:5226882	1108115	VCV001108115	rs1100051
NM_000518.5(HBB):c.92+47T>G	HBB|LOC106099062|LOC107133510	single nucleotide variant	not provided	G: Benign	criteria provided, single submitter	intron variant		2026/01/31			11:5248113	11:5226883	751477	VCV000751477	rs775734
NM_000518.5(HBB):c.92+46C>T	LOC107133510|HBB|LOC106099062	single nucleotide variant	not provided	G: Likely benign	criteria provided, single submitter	intron variant		2021/08/03			11:5248114	11:5226884	1532941	VCV001532941	rs1605495
NM_000518.5(HBB):c.92+45A>G	HBB|LOC106099062|LOC107133510	single nucleotide variant	not provided	G: Likely benign	criteria provided, single submitter	intron variant		2025/12/07			11:5248115	11:5226885	1122216	VCV001122216	rs1121533
NM_000518.5(HBB):c.92+43A>C	HBB|LOC106099062|LOC107133510	single nucleotide variant	not provided	G: Likely benign	criteria provided, single submitter	intron variant		2023/06/24			11:5248117	11:5226887	2727125	VCV002727125	rs2882443
NM_000518.5(HBB):c.92+41A>G	HBB|LOC106099062|LOC107133510	single nucleotide variant	not provided	G: Likely benign	criteria provided, single submitter	intron variant		2019/08/21			11:5248119	11:5226889	1118833	VCV001118833	rs1100052
NM_000518.5(HBB):c.92+40T>C	HBB|LOC106099062|LOC107133510	single nucleotide variant	not provided	G: Likely benign	criteria provided, single submitter	intron variant		2024/01/04			11:5248120	11:5226890	1662829	VCV001662829	rs1555635
NM_000518.5(HBB):c.92+40T>A	HBB|LOC106099062|LOC107133510	single nucleotide variant	not provided	G: Likely benign	criteria provided, single submitter	intron variant		2024/01/29			11:5248120	11:5226890	1106731	VCV001106731	rs1100053
NM_000518.5(HBB):c.92+39A>G	HBB|LOC106099062|LOC107133510	single nucleotide variant	not provided	G: Likely benign	criteria provided, single submitter	intron variant		2024/02/13			11:5248121	11:5226891	1131624	VCV001131624	rs1121534
NM_000518.5(HBB):c.92+37C>A	HBB|LOC106099062|LOC107133510	single nucleotide variant	not provided	G: Likely benign	criteria provided, single submitter	intron variant		2022/03/26			11:5248123	11:5226893	1124679	VCV001124679	rs1121535
NM_000518.5(HBB):c.92+36C>T	HBB|LOC106099062|LOC107133510	single nucleotide variant	not provided	G: Likely benign	criteria provided, single submitter	intron variant		2021/12/17			11:5248124	11:5226894	2045067	VCV002045067	rs2092640
NM_000518.5(HBB):c.92+35_92+36insATAGAATG	HBB|LOC106099062|LOC107133510	Insertion	not provided	G: Likely benign	criteria provided, single submitter	intron variant		2023/11/20			11:5248124	11:5226894	1583747	VCV001583747	rs1528193
NM_000518.5(HBB):c.92+36C>A	HBB|LOC106099062|LOC107133510	single nucleotide variant	not provided	G: Likely benign	criteria provided, single submitter	intron variant		2024/02/20			11:5248124	11:5226894	753822	VCV000753822	rs775854
NM_000518.5(HBB):c.92+35A>G	LOC107133510|HBB|LOC106099062	single nucleotide variant	not provided	G: Likely benign	criteria provided, single submitter	intron variant		2019/08/21			11:5248125	11:5226895	1161504	VCV001161504	rs1142398
NM_000518.5(HBB):c.92+32G>A	HBB|LOC106099062|LOC107133510	single nucleotide variant	not provided	G: Likely benign	criteria provided, single submitter	intron variant		2023/10/25			11:5248128	11:5226898	1997611	VCV001997611	rs2056831
NM_000518.5(HBB):c.92+28T>C	HBB|LOC106099062|LOC107133510	single nucleotide variant	not provided	G: Likely benign	criteria provided, single submitter	intron variant		2024/01/25			11:5248132	11:5226902	1096096	VCV001096096	rs1078334
NM_000518.5(HBB):c.76_92+27del	HBB|LOC106099062|LOC107133510	Deletion	Hemoglobinopathy	G: Likely pathogenic	criteria provided, single submitter	splice donor variant		2023/06/05			11:5248133	11:5226903	15445	VCV000015445	rs30484
NM_000518.5(HBB):c.92+26T>C	HBB|LOC106099062|LOC107133510	single nucleotide variant	not provided	G: Likely benign	criteria provided, single submitter	intron variant		2025/12/22			11:5248134	11:5226904	1118834	VCV001118834	rs1100054
NM_000518.5(HBB):c.92+25G>A	HBB|LOC106099062|LOC107133510	single nucleotide variant	not provided	G: Likely benign	criteria provided, single submitter	intron variant		2024/01/02			11:5248135	11:5226905	2877060	VCV002877060	rs3033165
NC_000011.10:g.5226905_5227197del	HBB|LOC106099062|LOC107133510	Deletion	beta Thalassemia	G: Pathogenic	criteria provided, single submitter			2018/11/13			11:5248135	11:5226905	590887	VCV000590887	rs581827
NM_000518.5(HBB):c.92+24G>C	HBB|LOC106099062|LOC107133510	single nucleotide variant	not provided	G: Likely benign	criteria provided, single submitter	intron variant		2021/10/07			11:5248136	11:5226906	1608900	VCV001608900	rs1573770
NM_000518.5(HBB):c.92+22C>A	HBB|LOC106099062|LOC107133510	single nucleotide variant	not provided	G: Likely benign	criteria provided, single submitter	intron variant		2021/12/22			11:5248138	11:5226908	2052775	VCV002052775	rs2111953
NM_000518.5(HBB):c.92+22C>T	HBB|LOC106099062|LOC107133510	single nucleotide variant	not provided	G: Likely benign	criteria provided, single submitter	intron variant		2022/10/08			11:5248138	11:5226908	2034867	VCV002034867	rs2100527
NM_000518.5(HBB):c.92+22C>G	LOC106099062|LOC107133510|HBB	single nucleotide variant	not provided	G: Likely benign	criteria provided, single submitter	intron variant		2021/05/28			11:5248138	11:5226908	1124680	VCV001124680	rs1121536
NM_000518.5(HBB):c.92+21A>G	HBB|LOC106099062|LOC107133510	single nucleotide variant	not provided	G: Likely benign	criteria provided, single submitter	intron variant		2023/03/03			11:5248139	11:5226909	2003523	VCV002003523	rs2055442
NM_000518.5(HBB):c.92+18A>G	HBB|LOC106099062|LOC107133510	single nucleotide variant	not provided	G: Likely benign	criteria provided, single submitter	intron variant		2020/02/04			11:5248142	11:5226912	1142119	VCV001142119	rs1142399
NM_000518.5(HBB):c.92+17C>T	LOC106099062|LOC107133510|HBB	single nucleotide variant	not provided	G: Likely benign	criteria provided, single submitter	intron variant		2019/08/21			11:5248143	11:5226913	1161505	VCV001161505	rs1142400
NM_000518.5(HBB):c.92+15_92+16insTGG	HBB|LOC106099062|LOC107133510	Insertion	not specified	G: Uncertain significance	criteria provided, single submitter	intron variant		2022/05/27			11:5248144	11:5226914	1696145	VCV001696145	rs1688553
NM_000518.4(HBB):c.-7305_92+16del	HBB|HBD|LOC106099062|LOC106099063|LOC107133510	Deletion	Hemoglobin Lepore trait	G: Pathogenic	no assertion criteria provided			2005/01/01			11:5248144	11:5226914	15063	VCV000015063	rs30102
NM_000518.5(HBB):c.92+15T>C	HBB|LOC106099062|LOC107133510	single nucleotide variant	not provided	G: Likely benign	criteria provided, single submitter	intron variant		2023/08/21			11:5248145	11:5226915	1093303	VCV001093303	rs1078335
NM_000518.5(HBB):c.92+13del	LOC106099062|LOC107133510|HBB	Deletion	not provided	G: Uncertain significance	criteria provided, single submitter	intron variant		2025/08/21			11:5248147	11:5226917	4532971	VCV004532971	rs4644453
NM_000518.5(HBB):c.92+13G>T	HBB|LOC106099062|LOC107133510	single nucleotide variant	Beta-thalassemia HBB/LCRB	G: Uncertain significance	reviewed by expert panel	intron variant		2026/04/30			11:5248147	11:5226917	869245	VCV000869245	rs857571
NM_000518.5(HBB):c.92+11dup	HBB|LOC106099062|LOC107133510	Duplication	beta Thalassemia	G: Uncertain significance	no assertion criteria provided	intron variant		2025/02/06			11:5248148	11:5226918	4069118	VCV004069118	rs4174164
NM_000518.5(HBB):c.92+12G>A	HBB|LOC106099062|LOC107133510	single nucleotide variant	not specified, not provided	G: Likely benign	criteria provided, multiple submitters, no conflicts	intron variant		2024/12/12			11:5248148	11:5226918	1153019	VCV001153019	rs1142401
NM_000518.5(HBB):c.92+10A>C	HBB|LOC106099062|LOC107133510	single nucleotide variant	not provided	G: Likely benign	criteria provided, single submitter	intron variant		2022/02/25			11:5248150	11:5226920	2103192	VCV002103192	rs2158496
NM_000518.5(HBB):c.92+9C>T	HBB|LOC106099062|LOC107133510	single nucleotide variant	not provided	G: Likely benign	criteria provided, single submitter	intron variant		2023/07/13			11:5248151	11:5226921	1132191	VCV001132191	rs1121537
NM_000518.5(HBB):c.92+8T>C	HBB|LOC106099062|LOC107133510	single nucleotide variant	not provided	G: Conflicting classifications of pathogenicity	criteria provided, conflicting classifications	intron variant		2024/08/27			11:5248152	11:5226922	1543243	VCV001543243	rs1632700
NM_000518.5(HBB):c.92+7A>G	HBB|LOC106099062|LOC107133510	single nucleotide variant	not provided	G: Likely benign	criteria provided, single submitter	intron variant		2023/05/28			11:5248153	11:5226923	1159538	VCV001159538	rs1142402
NM_000518.5(HBB):c.92+6T>A	HBB|LOC106099062|LOC107133510	single nucleotide variant	not provided	G: Uncertain significance	criteria provided, single submitter	intron variant		2023/06/13			11:5248154	11:5226924	439165	VCV000439165	rs432696
NM_000518.5(HBB):c.92+6T>C	HBB|LOC106099062|LOC107133510	single nucleotide variant	Erythrocytosis, familial, 6, Heinz body anemia, Beta-thalassemia HBB/LCRB, Malaria, susceptibility to, Dominant beta-thalassemia, Hereditary persistence of fetal hemoglobin, METHEMOGLOBINEMIA, BETA TYPE, Hb SS disease, alpha Thalassemia, beta Thalassemia, Fetal hemoglobin quantitative trait locus 1, Inborn genetic diseases, HBB-related disorder, not provided, Beta thalassemia intermedia	G: Pathogenic/Likely pathogenic	criteria provided, multiple submitters, no conflicts	intron variant		2026/01/24			11:5248154	11:5226924	15450	VCV000015450	rs30489
NM_000518.5(HBB):c.92+5G>A	HBB|LOC106099062|LOC107133510	single nucleotide variant	Beta-thalassemia HBB/LCRB, Erythrocytosis, familial, 6, Heinz body anemia, Malaria, susceptibility to, Hb SS disease, Dominant beta-thalassemia, Hereditary persistence of fetal hemoglobin, METHEMOGLOBINEMIA, BETA TYPE, not provided, beta Thalassemia	G: Pathogenic	criteria provided, multiple submitters, no conflicts	intron variant		2025/08/27			11:5248155	11:5226925	15449	VCV000015449	rs30488
NM_000518.5(HBB):c.92+5G>T	HBB|LOC106099062|LOC107133510	single nucleotide variant	Erythrocytosis, familial, 6, Heinz body anemia, Beta-thalassemia HBB/LCRB, Malaria, susceptibility to, Hb SS disease, Dominant beta-thalassemia, Hereditary persistence of fetal hemoglobin, METHEMOGLOBINEMIA, BETA TYPE, not provided, beta Thalassemia	G: Pathogenic	criteria provided, multiple submitters, no conflicts	intron variant		2025/12/26			11:5248155	11:5226925	15448	VCV000015448	rs30487
NM_000518.5(HBB):c.92+5G>C	HBB|LOC106099062|LOC107133510	single nucleotide variant	Beta-thalassemia HBB/LCRB	G: Pathogenic	reviewed by expert panel	intron variant		2026/04/30			11:5248155	11:5226925	15447	VCV000015447	rs30486
NM_000518.5(HBB):c.92+4G>T	HBB|LOC106099062|LOC107133510	single nucleotide variant	beta Thalassemia	G: Uncertain significance	no assertion criteria provided	intron variant		2025/04/10			11:5248156	11:5226926	4069109	VCV004069109	rs4174155
NM_000518.5(HBB):c.92+4G>A	LOC107133510|HBB|LOC106099062	single nucleotide variant	not provided	G: Uncertain significance	criteria provided, single submitter	intron variant		2016/11/11			11:5248156	11:5226926	496007	VCV000496007	rs487449
NM_000518.5(HBB):c.92+2T>G	HBB|LOC106099062|LOC107133510	single nucleotide variant	beta Thalassemia, not specified, not provided	G: Pathogenic	criteria provided, multiple submitters, no conflicts	splice donor variant		2025/08/04			11:5248158	11:5226928	619860	VCV000619860	rs611306
NM_000518.5(HBB):c.92+2T>A	HBB|LOC106099062|LOC107133510	single nucleotide variant	not provided, beta Thalassemia	G: Pathogenic	criteria provided, multiple submitters, no conflicts	splice donor variant		2025/04/25			11:5248158	11:5226928	38667	VCV000038667	rs47272
NM_000518.5(HBB):c.92+2T>C	HBB|LOC106099062|LOC107133510	single nucleotide variant	Hereditary persistence of fetal hemoglobin, METHEMOGLOBINEMIA, BETA TYPE, alpha Thalassemia, Dominant beta-thalassemia, Malaria, susceptibility to, Heinz body anemia, Erythrocytosis, familial, 6, Beta-thalassemia HBB/LCRB, Hb SS disease, not provided, beta Thalassemia	G: Pathogenic	criteria provided, multiple submitters, no conflicts	splice donor variant		2025/10/01			11:5248158	11:5226928	36334	VCV000036334	rs44998
NM_000518.5(HBB):c.92+1G>C	HBB|LOC106099062|LOC107133510	single nucleotide variant	beta Thalassemia	G: Pathogenic	no assertion criteria provided	splice donor variant		2019/11/25			11:5248159	11:5226929	869246	VCV000869246	rs857572
NM_000518.5(HBB):c.92+1G>T	LOC106099062|LOC107133510|HBB	single nucleotide variant	Beta-thalassemia HBB/LCRB, Erythrocytosis, familial, 6, Heinz body anemia, Malaria, susceptibility to, Hb SS disease, Dominant beta-thalassemia, Hereditary persistence of fetal hemoglobin, METHEMOGLOBINEMIA, BETA TYPE, Inborn genetic diseases, not provided, beta Thalassemia	G: Pathogenic	criteria provided, multiple submitters, no conflicts	splice donor variant		2025/12/22			11:5248159	11:5226929	15437	VCV000015437	rs30476
NM_000518.5(HBB):c.92+1G>A	HBB|LOC106099062|LOC107133510	single nucleotide variant	Dominant beta-thalassemia, Beta-thalassemia HBB/LCRB, Hb SS disease, Malaria, susceptibility to, Erythrocytosis, familial, 6, Heinz body anemia, Hereditary persistence of fetal hemoglobin, METHEMOGLOBINEMIA, BETA TYPE, Inborn genetic diseases, not provided, Fetal hemoglobin quantitative trait locus 1, beta Thalassemia	G: Pathogenic	criteria provided, multiple submitters, no conflicts	splice donor variant		2025/12/30			11:5248159	11:5226929	15436	VCV000015436	rs30475
NM_000518.5(HBB):c.92G>T (p.Arg31Met)	HBB|LOC106099062|LOC107133510	single nucleotide variant	not provided	G: Likely pathogenic	criteria provided, single submitter	missense variant	R31M	2024/01/08			11:5248160	11:5226930	3766927	VCV003766927	rs3883089
NM_000518.5(HBB):c.-50_92del (p.Met1fs)	HBB|LOC106099062|LOC107133510	Deletion	not provided	G: Pathogenic	criteria provided, single submitter	frameshift variant, initiator_codon_variant	M1fs	2020/01/08			11:5248160	11:5226930	993192	VCV000993192	rs981066
NM_000518.5(HBB):c.92G>A (p.Arg31Lys)	LOC106099062|LOC107133510|HBB	single nucleotide variant	METHEMOGLOBINEMIA, BETA TYPE, Heinz body anemia, Beta-thalassemia HBB/LCRB, Hereditary persistence of fetal hemoglobin, Malaria, susceptibility to, Erythrocytosis, familial, 6, Dominant beta-thalassemia, Hb SS disease, not provided, beta Thalassemia	G: Likely pathogenic	criteria provided, multiple submitters, no conflicts	missense variant	R31K	2025/07/08			11:5248160	11:5226930	36337	VCV000036337	rs45001
NM_000518.4(HBB):c.92G>C (p.Arg31Thr)	HBB|LOC106099062|LOC107133510	single nucleotide variant	Beta-thalassemia HBB/LCRB, Erythrocytosis, familial, 6, Heinz body anemia, Malaria, susceptibility to, Hb SS disease, Dominant beta-thalassemia, Hereditary persistence of fetal hemoglobin, METHEMOGLOBINEMIA, BETA TYPE, not provided, Beta-thalassemia major, beta Thalassemia	G: Pathogenic	criteria provided, multiple submitters, no conflicts	missense variant	R31T	2025/12/29			11:5248160	11:5226930	15234	VCV000015234	rs30273
NM_000518.5(HBB):c.91del (p.Arg31fs)	HBB|LOC106099062|LOC107133510	Deletion	beta Thalassemia	G: Pathogenic	no assertion criteria provided	frameshift variant	R31fs	2019/11/25			11:5248161	11:5226931	869244	VCV000869244	rs857495
NM_000518.5(HBB):c.91A>G (p.Arg31Gly)	HBB|LOC106099062|LOC107133510	single nucleotide variant	beta Thalassemia, not provided	G: Pathogenic/Likely pathogenic	criteria provided, multiple submitters, no conflicts	missense variant	R31G	2025/08/07			11:5248161	11:5226931	869243	VCV000869243	rs857496
NM_000518.5(HBB):c.91A>C (p.Arg31=)	HBB|LOC106099062|LOC107133510	single nucleotide variant	not provided, beta Thalassemia	G: Likely pathogenic	criteria provided, multiple submitters, no conflicts	synonymous variant		2025/09/05			11:5248161	11:5226931	590773	VCV000590773	rs581709
NM_000518.5(HBB):c.84_90del (p.Leu29fs)	HBB|LOC106099062|LOC107133510	Deletion	not provided	G: Likely pathogenic	criteria provided, single submitter	frameshift variant	L29fs	2025/11/06			11:5248162	11:5226932	4532970	VCV004532970	rs4644452
NM_000518.5(HBB):c.90C>A (p.Gly30=)	HBB|LOC106099062|LOC107133510	single nucleotide variant	not provided	G: Likely benign	criteria provided, single submitter	synonymous variant		2023/05/13			11:5248162	11:5226932	748718	VCV000748718	rs752701
NM_000518.5(HBB):c.90C>T (p.Gly30=)	HBB|LOC106099062|LOC107133510	single nucleotide variant	not provided, beta Thalassemia	G: Conflicting classifications of pathogenicity	criteria provided, conflicting classifications	synonymous variant		2024/06/28			11:5248162	11:5226932	38682	VCV000038682	rs47287
NM_000518.5(HBB):c.89del (p.Gly30fs)	HBB|LOC106099062|LOC107133510	Deletion	beta Thalassemia	G: Pathogenic	no assertion criteria provided	frameshift variant	G30fs	2019/11/25			11:5248163	11:5226933	869241	VCV000869241	rs857497
NM_000518.5(HBB):c.89G>A (p.Gly30Asp)	HBB|LOC106099062|LOC107133510	single nucleotide variant	not provided	G: Likely pathogenic	criteria provided, single submitter	missense variant	G30D	2024/08/07			11:5248163	11:5226933	15252	VCV000015252	rs30291
NM_000518.5(HBB):c.88G>A (p.Gly30Ser)	HBB|LOC106099062|LOC107133510	single nucleotide variant	HEMOGLOBIN TIZI-OUZOU	G: other	no assertion criteria provided	missense variant	G30S	2017/12/12			11:5248164	11:5226934	15615	VCV000015615	rs30654
NM_000518.5(HBB):c.87G>A (p.Leu29=)	HBB|LOC106099062|LOC107133510	single nucleotide variant	not provided	G: Likely benign	criteria provided, single submitter	synonymous variant		2022/09/03			11:5248165	11:5226935	1671411	VCV001671411	rs1530301
NM_000518.5(HBB):c.87G>C (p.Leu29=)	HBB|LOC106099062|LOC107133510	single nucleotide variant	not specified	G: Likely benign	criteria provided, single submitter	synonymous variant		2019/12/16			11:5248165	11:5226935	928760	VCV000928760	rs917089
NM_000518.4(HBB):c.86T>G (p.Leu29Arg)	HBB|LOC106099062|LOC107133510	single nucleotide variant	HEMOGLOBIN CHESTERFIELD	G: other	no assertion criteria provided	missense variant	L29R	2017/12/12			11:5248166	11:5226936	15491	VCV000015491	rs30530
NM_000518.5(HBB):c.85dup (p.Leu29fs)	HBB|LOC106099062|LOC107133510	Duplication	Erythrocytosis, familial, 6, Heinz body anemia, Beta-thalassemia HBB/LCRB, Malaria, susceptibility to, Hb SS disease, Dominant beta-thalassemia, Hereditary persistence of fetal hemoglobin, METHEMOGLOBINEMIA, BETA TYPE, Hemoglobinopathy, not provided, beta Thalassemia	G: Pathogenic	criteria provided, multiple submitters, no conflicts	frameshift variant	L29fs	2025/08/10			11:5248166	11:5226936	15432	VCV000015432	rs30471
NM_000518.4(HBB):c.86T>A (p.Leu29Gln)	LOC106099062|LOC107133510|HBB	single nucleotide variant	HEMOGLOBIN ST. LOUIS, Heinz body anemia	G: Pathogenic; other	no assertion criteria provided	missense variant	L29Q	2017/12/12			11:5248166	11:5226936	15361	VCV000015361	rs30400
NM_000518.4(HBB):c.86T>C (p.Leu29Pro)	HBB|LOC106099062|LOC107133510	single nucleotide variant	Hemoglobinopathy	G: Pathogenic	criteria provided, single submitter	missense variant	L29P	2021/09/17			11:5248166	11:5226936	15183	VCV000015183	rs30222
NM_000518.5(HBB):c.85C>G (p.Leu29Val)	HBB|LOC106099062|LOC107133510	single nucleotide variant	not specified	G: Uncertain significance	criteria provided, single submitter	missense variant	L29V	2024/07/29			11:5248167	11:5226937	3339275	VCV003339275	rs3498541
NM_000518.5(HBB):c.85C>T (p.Leu29=)	HBB|LOC106099062|LOC107133510	single nucleotide variant	Fetal hemoglobin quantitative trait locus 1, not specified, not provided, Hemoglobin E, Hb SS disease, beta Thalassemia	G: Conflicting classifications of pathogenicity	criteria provided, conflicting classifications	synonymous variant		2023/11/29			11:5248167	11:5226937	879840	VCV000879840	rs868121
NM_000518.5(HBB):c.85del (p.Leu29fs)	HBB|LOC106099062|LOC107133510	Deletion	beta Thalassemia	G: Pathogenic	no assertion criteria provided	frameshift variant	L29fs	2019/11/25			11:5248167	11:5226937	869240	VCV000869240	rs857498
NM_000518.5(HBB):c.85C>A (p.Leu29Met)	HBB|LOC106099062|LOC107133510	single nucleotide variant	HEMOGLOBIN CHILE	G: other	no assertion criteria provided	missense variant	L29M	2017/12/12			11:5248167	11:5226937	15568	VCV000015568	rs30607
NM_000518.5(HBB):c.84C>A (p.Ala28=)	HBB|LOC106099062|LOC107133510	single nucleotide variant	not provided	G: Likely benign	criteria provided, single submitter	synonymous variant		2024/03/07			11:5248168	11:5226938	2867760	VCV002867760	rs3023945
NM_000518.5(HBB):c.84C>T (p.Ala28=)	LOC106099062|LOC107133510|HBB	single nucleotide variant	not specified, not provided	G: Likely benign	criteria provided, multiple submitters, no conflicts	synonymous variant		2023/04/25			11:5248168	11:5226938	439781	VCV000439781	rs433089
NM_000518.5(HBB):c.9_83del (p.Thr5_Leu29del)	HBB|LOC106099062|LOC107133510	Deletion	beta Thalassemia	G: Likely pathogenic	criteria provided, single submitter	inframe_deletion		2026/01/16			11:5248169	11:5226939	4818706	VCV004818706	rs4926394
NM_000518.5(HBB):c.82_83delinsTT (p.Ala28Phe)	HBB|LOC106099062|LOC107133510	Indel	not provided	G: Uncertain significance	criteria provided, single submitter	missense variant	A28F	2023/12/14			11:5248169	11:5226939	3767038	VCV003767038	rs3883200
NM_000518.4(HBB):c.83C>A (p.Ala28Asp)	HBB|LOC106099062|LOC107133510	single nucleotide variant	not provided	G: Pathogenic	criteria provided, single submitter	missense variant	A28D	2020/11/13			11:5248169	11:5226939	15386	VCV000015386	rs30425
NM_000518.4(HBB):c.83C>T (p.Ala28Val)	HBB|LOC106099062|LOC107133510	single nucleotide variant	not provided	G: Uncertain significance	criteria provided, single submitter	missense variant	A28V	2023/03/24			11:5248169	11:5226939	15184	VCV000015184	rs30223
NM_000518.5(HBB):c.82G>A (p.Ala28Thr)	HBB|LOC106099062|LOC107133510	single nucleotide variant	Beta-thalassemia HBB/LCRB	G: Likely pathogenic	no assertion criteria provided	missense variant	A28T	2024/01/02			11:5248170	11:5226940	4071470	VCV004071470	rs4185313
NM_000518.5(HBB):c.82G>T (p.Ala28Ser)	HBB|LOC106099062|LOC107133510	single nucleotide variant	Beta-thalassemia HBB/LCRB	G: Pathogenic	reviewed by expert panel	missense variant	A28S	2026/04/07			11:5248170	11:5226940	15239	VCV000015239	rs30278
NM_000518.5(HBB):c.81G>C (p.Glu27Asp)	HBB|LOC106099062|LOC107133510	single nucleotide variant	Hemoglobinopathy	G: Pathogenic	no assertion criteria provided	missense variant	E27D	2018/01/01			11:5248171	11:5226941	599394	VCV000599394	rs590730
NM_000518.4(HBB):c.80A>C (p.Glu27Ala)	HBB|LOC106099062|LOC107133510	single nucleotide variant	HEMOGLOBIN TRIPOLI	G: other	no assertion criteria provided	missense variant	E27A	2017/12/12			11:5248172	11:5226942	15614	VCV000015614	rs30653
NM_000518.5(HBB):c.79_80insT (p.Glu27fs)	HBB|LOC106099062|LOC107133510	Insertion	beta Thalassemia, Beta zero thalassemia	G: Pathogenic	no assertion criteria provided	frameshift variant	E27fs	2019/11/25			11:5248172	11:5226942	15563	VCV000015563	rs30602
NM_000518.4(HBB):c.80A>G (p.Glu27Gly)	HBB|LOC106099062|LOC107133510	single nucleotide variant		G: Pathogenic	no assertion criteria provided	missense variant	E27G	1996/05/01			11:5248172	11:5226942	15554	VCV000015554	rs30593
NM_000518.4(HBB):c.80A>T (p.Glu27Val)	HBB|LOC106099062|LOC107133510	single nucleotide variant	HEMOGLOBIN HENRI MONDOR	G: other	no assertion criteria provided	missense variant	E27V	2017/12/12			11:5248172	11:5226942	15194	VCV000015194	rs30233
NM_000518.5(HBB):c.[70G>T;79G>A]	HBB|LOC106099062|LOC107133510|HBB|LOC106099062|LOC107133510	Haplotype	Unstable hemoglobin disease	G: Pathogenic	no assertion criteria provided	missense variant	E27K, V24F	2024/08/25			11:5248173	11:5226943	3777010	VCV003777010	rs30200
NM_000518.5(HBB):c.78dup (p.Glu27Ter)	HBB|LOC106099062|LOC107133510	Duplication	not provided	G: Pathogenic	criteria provided, single submitter	nonsense	E27*	2020/07/17			11:5248173	11:5226943	869363	VCV000869363	rs857499
NM_000518.5(HBB):c.79G>T (p.Glu27Ter)	HBB|LOC106099062|LOC107133510	single nucleotide variant	Beta-thalassemia HBB/LCRB, Hemoglobinopathy, not provided, beta Thalassemia	G: Pathogenic	criteria provided, multiple submitters, no conflicts	nonsense	E27*	2025/10/17			11:5248173	11:5226943	38650	VCV000038650	rs47255
NM_000518.5(HBB):c.74GTG[1] (p.Gly26del)	HBB|LOC106099062|LOC107133510	Microsatellite	HEMOGLOBIN HIGASHITOCHIGI, HEMOGLOBIN HT	G: other	no assertion criteria provided	inframe_deletion	G26del	2017/12/12			11:5248173	11:5226943	15538	VCV000015538	rs30577
NM_000518.5(HBB):c.79G>A (p.Glu27Lys)	HBB|LOC106099062|LOC107133510	single nucleotide variant	Beta-thalassemia HBB/LCRB, METHEMOGLOBINEMIA, BETA TYPE, Heinz body anemia, Hb SS disease, Fetal hemoglobin quantitative trait locus 1, beta Thalassemia, alpha Thalassemia, Erythrocytosis, familial, 6, Malaria, susceptibility to, Dominant beta-thalassemia, Hereditary persistence of fetal hemoglobin, Hemoglobin E/beta- thalassemia, HBB-related disorder, Hemoglobin E disease, Inborn genetic diseases, not specified, not provided, Anemia	G: Pathogenic	criteria provided, multiple submitters, no conflicts	missense variant	E27K	2026/02/01			11:5248173	11:5226943	15161	VCV000015161	rs30200
NM_000518.5(HBB):c.78T>C (p.Gly26=)	HBB|LOC106099062|LOC107133510	single nucleotide variant	not provided	G: Likely benign	criteria provided, single submitter	synonymous variant		2023/04/18			11:5248174	11:5226944	1669251	VCV001669251	rs1665506
NM_000518.5(HBB):c.78T>G (p.Gly26=)	HBB|LOC106099062|LOC107133510	single nucleotide variant	not provided	G: Likely benign	criteria provided, multiple submitters, no conflicts	synonymous variant		2025/11/18			11:5248174	11:5226944	1635143	VCV001635143	rs1610869
NM_000518.5(HBB):c.77G>A (p.Gly26Asp)	HBB|LOC106099062|LOC107133510	single nucleotide variant	HEMOGLOBIN J (AUCKLAND)	G: other	no assertion criteria provided	missense variant	G26D	2017/12/12			11:5248175	11:5226945	15212	VCV000015212	rs30251
NM_000518.4(HBB):c.76G>C (p.Gly26Arg)	HBB|LOC106099062|LOC107133510	single nucleotide variant	HEMOGLOBIN G (TAIWAN-AMI)	G: other	no assertion criteria provided	missense variant	G26R	2017/12/12			11:5248176	11:5226946	15179	VCV000015179	rs30218
NM_000518.5(HBB):c.75T>A (p.Gly25=)	HBB|LOC106099062|LOC107133510	single nucleotide variant	Erythrocytosis, familial, 6, Heinz body anemia, Beta-thalassemia HBB/LCRB, Malaria, susceptibility to, Hb SS disease, Dominant beta-thalassemia, Hereditary persistence of fetal hemoglobin, METHEMOGLOBINEMIA, BETA TYPE, alpha Thalassemia, not provided, beta Thalassemia	G: Pathogenic/Likely pathogenic	criteria provided, multiple submitters, no conflicts	synonymous variant		2025/10/09			11:5248177	11:5226947	15459	VCV000015459	rs30498
NM_000518.5(HBB):c.74delinsCAC (p.Gly25fs)	HBB|LOC106099062|LOC107133510	Indel	beta Thalassemia	G: Pathogenic	no assertion criteria provided	frameshift variant	G25fs	2019/11/25			11:5248178	11:5226948	869362	VCV000869362	rs857500
NM_000518.5(HBB):c.74del (p.Gly25fs)	HBB|LOC106099062|LOC107133510	Deletion	not provided	G: Pathogenic	criteria provided, single submitter	frameshift variant	G25fs	2022/12/16			11:5248178	11:5226948	869361	VCV000869361	rs857501
NM_000518.5(HBB):c.68_74del (p.Glu23fs)	HBB|LOC106099062|LOC107133510	Deletion	beta Thalassemia, not provided	G: Pathogenic	criteria provided, multiple submitters, no conflicts	frameshift variant	E23fs	2024/06/25			11:5248178	11:5226948	869360	VCV000869360	rs857502
NC_000011.10:g.5226948_5227485del	HBB|LOC106099062|LOC107133510	Deletion	beta Thalassemia	G: Pathogenic	no assertion criteria provided			2019/11/25			11:5248178	11:5226948	869252	VCV000869252	rs857503
NM_000518.4(HBB):c.74G>T (p.Gly25Val)	HBB|LOC106099062|LOC107133510	single nucleotide variant	HEMOGLOBIN SAVANNAH	G: other	no assertion criteria provided	missense variant	G25V	2017/12/12			11:5248178	11:5226948	15344	VCV000015344	rs30383
NM_000518.4(HBB):c.74G>A (p.Gly25Asp)	HBB|LOC106099062|LOC107133510	single nucleotide variant	HEMOGLOBIN MOSCVA	G: other	no assertion criteria provided	missense variant	G25D	2017/12/12			11:5248178	11:5226948	15275	VCV000015275	rs30314
NM_000518.5(HBB):c.73G>A (p.Gly25Ser)	HBB|LOC106099062|LOC107133510	single nucleotide variant	not specified	G: Uncertain significance	criteria provided, single submitter	missense variant	G25S	2025/06/02			11:5248179	11:5226949	3907482	VCV003907482	rs4023391
NM_000518.5(HBB):c.73G>C (p.Gly25Arg)	HBB|LOC106099062|LOC107133510	single nucleotide variant	HEMOGLOBIN RIVERDALE-BRONX	G: other	no assertion criteria provided	missense variant	G25R	2017/12/12			11:5248179	11:5226949	15328	VCV000015328	rs30367
NM_000518.5(HBB):c.71_73del (p.Val24del)	HBB|LOC106099062|LOC107133510	Deletion	Hemoglobinopathy	G: Pathogenic	no assertion criteria provided	inframe_deletion	V24del	1988/06/01			11:5248179	11:5226949	15166	VCV000015166	rs30205
NM_000518.5(HBB):c.72T>A (p.Val24=)	HBB|LOC106099062|LOC107133510	single nucleotide variant	beta Thalassemia	G: not provided	no classification provided	synonymous variant					11:5248180	11:5226950	1527857	VCV001527857	rs1519346
NM_000518.4(HBB):c.71T>C (p.Val24Ala)	HBB|LOC106099062|LOC107133510	single nucleotide variant	HEMOGLOBIN ZOETERWOUDE	G: other	no assertion criteria provided	missense variant	V24A	2017/12/12			11:5248181	11:5226951	15618	VCV000015618	rs30657
NM_000518.4(HBB):c.71T>A (p.Val24Asp)	HBB|LOC106099062|LOC107133510	single nucleotide variant	not provided	G: Uncertain significance	criteria provided, single submitter	missense variant	V24D	2018/11/28			11:5248181	11:5226951	15358	VCV000015358	rs30397
NM_000518.4(HBB):c.71T>G (p.Val24Gly)	HBB|LOC106099062|LOC107133510	single nucleotide variant	HEMOGLOBIN MIYASHIRO	G: other	no assertion criteria provided	missense variant	V24G	2017/12/12			11:5248181	11:5226951	15270	VCV000015270	rs30309
NM_000518.5(HBB):c.70G>C (p.Val24Leu)	HBB|LOC106099062|LOC107133510	single nucleotide variant	not provided	G: Uncertain significance	criteria provided, single submitter	missense variant	V24L	2017/02/27			11:5248182	11:5226952	496002	VCV000496002	rs487451
NM_000518.5(HBB):c.70G>A (p.Val24Ile)	HBB|LOC106099062|LOC107133510	single nucleotide variant	not provided	G: Uncertain significance	criteria provided, single submitter	missense variant	V24I	2024/03/14			11:5248182	11:5226952	478897	VCV000478897	rs38470
NM_000518.4(HBB):c.70G>T (p.Val24Phe)	HBB|LOC106099062|LOC107133510	single nucleotide variant	Erythrocytosis, familial, 6, HEMOGLOBIN PALMERSTON NORTH	G: Pathogenic; other	no assertion criteria provided	missense variant	V24F	2017/12/12			11:5248182	11:5226952	15306	VCV000015306	rs30345
NC_000011.10:g.5226955_5234367dup	HBB|LOC106099062|LOC107133510	Duplication	HEMOGLOBIN MIYADA	G: Pathogenic; other	no assertion criteria provided			2017/12/12			11:5248184	11:5226954	15269	VCV000015269	rs30308
NM_000518.4(HBB):c.68A>G (p.Glu23Gly)	HBB|LOC106099062|LOC107133510	single nucleotide variant	not provided	G: Conflicting classifications of pathogenicity	criteria provided, conflicting classifications	missense variant	E23G	2025/01/20			11:5248184	11:5226954	15178	VCV000015178	rs30217
NM_000518.4(HBB):c.68A>C (p.Glu23Ala)	HBB|LOC106099062|LOC107133510	single nucleotide variant	not specified, not provided, beta Thalassemia	G: Conflicting classifications of pathogenicity	criteria provided, conflicting classifications	missense variant	E23A	2025/10/20			11:5248184	11:5226954	15171	VCV000015171	rs30210
NM_000518.4(HBB):c.68A>T (p.Glu23Val)	HBB|LOC106099062|LOC107133510	single nucleotide variant	Erythrocytosis, familial, 6, Heinz body anemia, Beta-thalassemia HBB/LCRB, Malaria, susceptibility to, Hb SS disease, Dominant beta-thalassemia, Hereditary persistence of fetal hemoglobin, METHEMOGLOBINEMIA, BETA TYPE, alpha Thalassemia, not provided	G: Uncertain significance	criteria provided, multiple submitters, no conflicts	missense variant	E23V	2021/07/09			11:5248184	11:5226954	15149	VCV000015149	rs30188
NC_000011.10:g.5226955_5234367del	HBB|HBD|LOC106099062|LOC106099063|LOC107133510	Deletion		G: no classification for the single variant	no classification for the single variant						11:5248185	11:5226955	3235709	VCV003235709	rs3394811
NM_000518.5(HBB):c.67G>T (p.Glu23Ter)	HBB|LOC106099062|LOC107133510	single nucleotide variant	beta Thalassemia, not provided	G: Pathogenic	criteria provided, multiple submitters, no conflicts	nonsense	E23*	2025/01/22			11:5248185	11:5226955	869359	VCV000869359	rs857504
NM_000518.4(HBB):c.67G>A (p.Glu23Lys)	HBB|LOC106099062|LOC107133510	single nucleotide variant	not provided	G: Conflicting classifications of pathogenicity	criteria provided, conflicting classifications	missense variant	E23K	2025/07/09			11:5248185	11:5226955	15162	VCV000015162	rs30201
NM_000518.4(HBB):c.67G>C (p.Glu23Gln)	HBB|LOC106099062|LOC107133510	single nucleotide variant	not specified, not provided	G: Conflicting classifications of pathogenicity	criteria provided, conflicting classifications	missense variant	E23Q	2025/07/09			11:5248185	11:5226955	15151	VCV000015151	rs30190
Hb Parchman	HBB|HBD|LOC106099062|LOC106099063|LOC107133510|HBB|HBD|LOC106099062|LOC107133510	Haplotype	HEMOGLOBIN PARCHMAN	G: other	no assertion criteria provided			2017/12/12			11:5248185	11:5226955	15064	VCV000015064	rs3394811
NM_000518.5(HBB):c.65A>T (p.Asp22Val)	HBB|LOC106099062|LOC107133510	single nucleotide variant	not provided	G: Uncertain significance	criteria provided, single submitter	missense variant	D22V	2021/02/12			11:5248187	11:5226957	1330078	VCV001330078	rs1320761
NM_000518.5(HBB):c.64dup (p.Asp22fs)	HBB|LOC106099062|LOC107133510	Duplication	beta Thalassemia	G: Likely pathogenic	criteria provided, multiple submitters, no conflicts	frameshift variant	D22fs	2025/08/07			11:5248187	11:5226957	551389	VCV000551389	rs546035
NM_000518.5(HBB):c.65A>G (p.Asp22Gly)	HBB|LOC106099062|LOC107133510	single nucleotide variant	HEMOGLOBIN CONNECTICUT	G: other	no assertion criteria provided	missense variant	D22G	2017/12/12			11:5248187	11:5226957	15142	VCV000015142	rs30181
NM_000518.4(HBB):c.64G>C (p.Asp22His)	HBB|LOC106099062|LOC107133510	single nucleotide variant	HEMOGLOBIN KARLSKOGA	G: other	no assertion criteria provided	missense variant	D22H	2017/12/12			11:5248188	11:5226958	15520	VCV000015520	rs30559
NM_000518.4(HBB):c.64G>T (p.Asp22Tyr)	HBB|LOC106099062|LOC107133510	single nucleotide variant	not provided	G: Likely benign	criteria provided, single submitter	missense variant	D22Y	2018/01/25			11:5248188	11:5226958	15399	VCV000015399	rs30438
NM_000518.4(HBB):c.64G>A (p.Asp22Asn)	HBB|LOC106099062|LOC107133510	single nucleotide variant	not provided	G: Uncertain significance	criteria provided, single submitter	missense variant	D22N	2024/07/11			11:5248188	11:5226958	15140	VCV000015140	rs30179
NM_000518.5(HBB):c.62T>A (p.Val21Glu)	LOC106099062|LOC107133510|HBB	single nucleotide variant	not specified	G: Uncertain significance	criteria provided, single submitter	missense variant	V21E	2026/01/27			11:5248190	11:5226960	15539	VCV000015539	rs30578
NM_000518.5(HBB):c.61G>C (p.Val21Leu)	HBB|LOC106099062|LOC107133510	single nucleotide variant	not specified	G: Uncertain significance	criteria provided, single submitter	missense variant	V21L	2025/09/23			11:5248191	11:5226961	4536039	VCV004536039	rs4647531
NM_000518.5(HBB):c.61G>A (p.Val21Met)	HBB|LOC106099062|LOC107133510	single nucleotide variant	Erythrocytosis, familial, 6, Heinz body anemia, Beta-thalassemia HBB/LCRB, Malaria, susceptibility to, Hb SS disease, Dominant beta-thalassemia, Hereditary persistence of fetal hemoglobin, METHEMOGLOBINEMIA, BETA TYPE, Inborn genetic diseases, Hemoglobinopathy, not provided	G: Pathogenic/Likely pathogenic	criteria provided, multiple submitters, no conflicts	missense variant	V21M	2025/08/20			11:5248191	11:5226961	15300	VCV000015300	rs30339
NM_000518.5(HBB):c.60C>T (p.Asn20=)	HBB|LOC106099062|LOC107133510	single nucleotide variant	not provided, not specified	G: Conflicting classifications of pathogenicity	criteria provided, conflicting classifications	synonymous variant		2025/12/14			11:5248192	11:5226962	1083541	VCV001083541	rs1078336
NM_000518.5(HBB):c.60C>A (p.Asn20Lys)	HBB|LOC106099062|LOC107133510	single nucleotide variant	not provided, not specified	G: Conflicting classifications of pathogenicity	criteria provided, conflicting classifications	missense variant	N20K	2024/03/20			11:5248192	11:5226962	15153	VCV000015153	rs30192
NM_000518.5(HBB):c.59A>G (p.Asn20Ser)	HBB|LOC106099062|LOC107133510	single nucleotide variant	not provided, beta Thalassemia	G: Pathogenic	criteria provided, multiple submitters, no conflicts	missense variant	N20S	2025/08/05			11:5248193	11:5226963	15258	VCV000015258	rs30297
NM_000518.5(HBB):c.54_59del (p.Lys18_Val19del)	HBB|LOC106099062|LOC107133510	Deletion	HEMOGLOBIN LYON	G: other	no assertion criteria provided	inframe_deletion		1974/06/07			11:5248193	11:5226963	15253	VCV000015253	rs30292
NM_000518.5(HBB):c.58A>G (p.Asn20Asp)	HBB|LOC106099062|LOC107133510	single nucleotide variant	beta Thalassemia, HEMOGLOBIN ALAMO	G: Uncertain significance; other	no assertion criteria provided	missense variant	N20D	2025/04/19			11:5248194	11:5226964	15093	VCV000015093	rs30132
NM_000518.5(HBB):c.57G>A (p.Val19=)	HBB|LOC106099062|LOC107133510	single nucleotide variant	not specified, not provided	G: Conflicting classifications of pathogenicity	criteria provided, conflicting classifications	synonymous variant		2019/08/28			11:5248195	11:5226965	496001	VCV000496001	rs487559
NM_000518.5(HBB):c.56T>G (p.Val19Gly)	HBB|LOC106099062|LOC107133510	single nucleotide variant	not provided, not specified	G: Uncertain significance	criteria provided, multiple submitters, no conflicts	missense variant	V19G	2025/02/05			11:5248196	11:5226966	496000	VCV000496000	rs487512
NM_000518.5(HBB):c.55del (p.Lys18_Val19insTer)	HBB|LOC106099062|LOC107133510	Deletion	beta Thalassemia	G: Likely pathogenic	criteria provided, single submitter	nonsense		2026/01/11			11:5248197	11:5226967	4818705	VCV004818705	rs4926393
NM_000518.5(HBB):c.55G>A (p.Val19Met)	HBB|LOC106099062|LOC107133510	single nucleotide variant	HEMOGLOBIN BADEN	G: other	no assertion criteria provided	missense variant	V19M	2017/12/12			11:5248197	11:5226967	15517	VCV000015517	rs30556
NM_000518.5(HBB):c.54G>A (p.Lys18=)	HBB|LOC106099062|LOC107133510	single nucleotide variant	not provided	G: Likely benign	criteria provided, single submitter	synonymous variant		2023/04/30			11:5248198	11:5226968	1538061	VCV001538061	rs1619287
NM_000518.5(HBB):c.54G>C (p.Lys18Asn)	HBB|LOC106099062|LOC107133510	single nucleotide variant	HEMOGLOBIN J (AMIENS)	G: other	no assertion criteria provided	missense variant	K18N	2017/12/12			11:5248198	11:5226968	15210	VCV000015210	rs30249
NM_000518.5(HBB):c.52A>C (p.Lys18Gln)	HBB|LOC106099062|LOC107133510	single nucleotide variant	HEMOGLOBIN NIKOSIA	G: other	no assertion criteria provided	missense variant	K18Q	2017/12/12			11:5248200	11:5226970	15500	VCV000015500	rs30539
NM_000518.5(HBB):c.52A>T (p.Lys18Ter)	HBB|LOC106099062|LOC107133510	single nucleotide variant	Beta-thalassemia HBB/LCRB	G: Pathogenic	reviewed by expert panel	nonsense	K18*	2026/04/30			11:5248200	11:5226970	15401	VCV000015401	rs30440
NM_000518.5(HBB):c.52A>G (p.Lys18Glu)	HBB|LOC106099062|LOC107133510	single nucleotide variant	HEMOGLOBIN NAGASAKI	G: other	no assertion criteria provided	missense variant	K18E	2017/12/12			11:5248200	11:5226970	15282	VCV000015282	rs30321
NM_000518.5(HBB):c.50dup (p.Lys18fs)	LOC106099062|LOC107133510|HBB	Duplication	beta Thalassemia	G: Pathogenic	no assertion criteria provided	frameshift variant	K18fs	2019/11/25			11:5248201	11:5226971	869358	VCV000869358	rs857506
NM_000518.5(HBB):c.51C>T (p.Gly17=)	HBB|LOC106099062|LOC107133510	single nucleotide variant	not provided, beta Thalassemia	G: Pathogenic/Likely pathogenic	criteria provided, multiple submitters, no conflicts	synonymous variant		2025/01/30			11:5248201	11:5226971	811787	VCV000811787	rs799654
NM_000518.5(HBB):c.51del (p.Lys18fs)	HBB|LOC106099062|LOC107133510	Deletion	Beta-thalassemia HBB/LCRB, Erythrocytosis, familial, 6, Heinz body anemia, Malaria, susceptibility to, Hereditary persistence of fetal hemoglobin, METHEMOGLOBINEMIA, BETA TYPE, Hb SS disease, Dominant beta-thalassemia, Inborn genetic diseases, HBB-related disorder, Hemoglobinopathy, not provided, beta Thalassemia	G: Pathogenic	criteria provided, multiple submitters, no conflicts	frameshift variant	K18fs	2025/12/16			11:5248201	11:5226971	15414	VCV000015414	rs30453
NM_000518.5(HBB):c.50del (p.Gly17fs)	HBB|LOC106099062|LOC107133510	Deletion	beta Thalassemia	G: Pathogenic	no assertion criteria provided	frameshift variant	G17fs	2019/11/25			11:5248202	11:5226972	869357	VCV000869357	rs857505
NM_000518.5(HBB):c.50G>A (p.Gly17Asp)	HBB|LOC106099062|LOC107133510	single nucleotide variant	not provided, not specified	G: Conflicting classifications of pathogenicity	criteria provided, conflicting classifications	missense variant	G17D	2026/05/29			11:5248202	11:5226972	15213	VCV000015213	rs30252
NM_000518.5(HBB):c.49G>C (p.Gly17Arg)	LOC107133510|HBB|LOC106099062	single nucleotide variant	HEMOGLOBIN D (BUSHMAN)	G: other	no assertion criteria provided	missense variant	G17R	1973/06/22			11:5248203	11:5226973	15148	VCV000015148	rs30187
NM_000518.5(HBB):c.48G>A (p.Trp16Ter)	LOC106099062|LOC107133510|HBB	single nucleotide variant	Dominant beta-thalassemia, Beta-thalassemia HBB/LCRB, Hereditary persistence of fetal hemoglobin, Heinz body anemia, Hb SS disease, Erythrocytosis, familial, 6, METHEMOGLOBINEMIA, BETA TYPE, Malaria, susceptibility to, not provided, beta Thalassemia	G: Pathogenic	criteria provided, multiple submitters, no conflicts	nonsense	W16*	2026/04/10			11:5248204	11:5226974	38646	VCV000038646	rs47251
NM_000518.5(HBB):c.47G>A (p.Trp16Ter)	LOC107133510|HBB|LOC106099062	single nucleotide variant	Erythrocytosis, familial, 6, Heinz body anemia, Beta-thalassemia HBB/LCRB, Malaria, susceptibility to, Hb SS disease, Dominant beta-thalassemia, Hereditary persistence of fetal hemoglobin, METHEMOGLOBINEMIA, BETA TYPE, not provided, beta Thalassemia	G: Pathogenic	criteria provided, multiple submitters, no conflicts	nonsense	W16*	2026/02/01			11:5248205	11:5226975	15403	VCV000015403	rs30442
NM_000518.5(HBB):c.46del (p.Trp16fs)	HBB|LOC106099062|LOC107133510	Deletion	not provided, beta Thalassemia	G: Pathogenic	criteria provided, multiple submitters, no conflicts	frameshift variant	W16fs	2025/08/10			11:5248206	11:5226976	38647	VCV000038647	rs47252
NM_000518.5(HBB):c.45dup (p.Trp16fs)	HBB|LOC106099062|LOC107133510	Duplication	Erythrocytosis, familial, 6, Heinz body anemia, Beta-thalassemia HBB/LCRB, Malaria, susceptibility to, Hb SS disease, Dominant beta-thalassemia, Hereditary persistence of fetal hemoglobin, METHEMOGLOBINEMIA, BETA TYPE, Hemoglobinopathy, not provided, beta Thalassemia	G: Pathogenic	criteria provided, multiple submitters, no conflicts	frameshift variant	W16fs	2025/07/27			11:5248206	11:5226976	15426	VCV000015426	rs30465
NM_000518.5(HBB):c.46T>G (p.Trp16Gly)	HBB|LOC106099062|LOC107133510	single nucleotide variant	HEMOGLOBIN RANDWICK	G: other	no assertion criteria provided	missense variant	W16G	2017/12/12			11:5248206	11:5226976	15324	VCV000015324	rs30363
NM_000518.5(HBB):c.46T>A (p.Trp16Arg)	HBB|LOC106099062|LOC107133510	single nucleotide variant	HEMOGLOBIN BELFAST	G: other	no assertion criteria provided	missense variant	W16R	2017/12/12			11:5248206	11:5226976	15107	VCV000015107	rs30146
NM_000518.5(HBB):c.45G>T (p.Leu15=)	HBB|LOC106099062|LOC107133510	single nucleotide variant	not provided	G: Likely benign	criteria provided, single submitter	synonymous variant		2022/10/17			11:5248207	11:5226977	2035733	VCV002035733	rs2093650
NM_000518.5(HBB):c.44dup (p.Trp16fs)	HBB|LOC106099062|LOC107133510	Duplication	beta Thalassemia	G: Pathogenic	no assertion criteria provided	frameshift variant	W16fs	2019/11/25			11:5248207	11:5226977	869320	VCV000869320	rs857509
NM_000518.5(HBB):c.20_45del (p.Glu7fs)	HBB|LOC106099062|LOC107133510	Deletion	beta Thalassemia	G: Pathogenic	no assertion criteria provided	frameshift variant	E7fs	2019/11/25			11:5248207	11:5226977	869233	VCV000869233	rs857507
NM_000518.5(HBB):c.45G>A (p.Leu15=)	HBB|LOC106099062|LOC107133510	single nucleotide variant	not specified, not provided, Inborn genetic diseases	G: Likely benign	criteria provided, multiple submitters, no conflicts	synonymous variant		2025/03/31			11:5248207	11:5226977	440467	VCV000440467	rs432698
NM_000518.5(HBB):c.44del (p.Leu15fs)	HBB|LOC106099062|LOC107133510	Deletion	beta Thalassemia	G: Pathogenic	no assertion criteria provided	frameshift variant	L15fs	2019/11/25			11:5248208	11:5226978	869319	VCV000869319	rs857508
NM_000518.4(HBB):c.44T>G (p.Leu15Arg)	HBB|LOC106099062|LOC107133510	single nucleotide variant	not provided, not specified	G: Uncertain significance	criteria provided, multiple submitters, no conflicts	missense variant	L15R	2025/05/05			11:5248208	11:5226978	15355	VCV000015355	rs30394
NM_000518.4(HBB):c.44T>C (p.Leu15Pro)	HBB|LOC106099062|LOC107133510	single nucleotide variant	Erythrocytosis, familial, 6, Heinz body anemia, Beta-thalassemia HBB/LCRB, Malaria, susceptibility to, Hb SS disease, Dominant beta-thalassemia, Hereditary persistence of fetal hemoglobin, METHEMOGLOBINEMIA, BETA TYPE, alpha Thalassemia, not specified, not provided	G: Uncertain significance	criteria provided, multiple submitters, no conflicts	missense variant	L15P	2025/07/29			11:5248208	11:5226978	15341	VCV000015341	rs30380
NM_000518.5(HBB):c.43del (p.Leu15fs)	HBB|LOC106099062|LOC107133510	Deletion	Beta-thalassemia HBB/LCRB	G: Pathogenic	no assertion criteria provided	frameshift variant	L15fs	2020/04/20			11:5248209	11:5226979	4074264	VCV004074264	rs4187534
NM_000518.5(HBB):c.43C>G (p.Leu15Val)	HBB|LOC106099062|LOC107133510	single nucleotide variant	not specified	G: Uncertain significance	criteria provided, single submitter	missense variant	L15V	2024/05/21			11:5248209	11:5226979	3336460	VCV003336460	rs3495138
NM_000518.5(HBB):c.41C>T (p.Ala14Val)	HBB|LOC106099062|LOC107133510	single nucleotide variant	not specified, not provided	G: Uncertain significance	criteria provided, multiple submitters, no conflicts	missense variant	A14V	2025/05/02			11:5248211	11:5226981	619858	VCV000619858	rs611101
NM_000518.5(HBB):c.41C>A (p.Ala14Asp)	HBB|LOC106099062|LOC107133510	single nucleotide variant	HEMOGLOBIN J (LENS)	G: other	no assertion criteria provided	missense variant	A14D	2017/12/12			11:5248211	11:5226981	15223	VCV000015223	rs30262
NM_000518.5(HBB):c.40G>A (p.Ala14Thr)	HBB|LOC106099062|LOC107133510	single nucleotide variant	not specified	G: Uncertain significance	criteria provided, single submitter	missense variant	A14T	2026/04/09			11:5248212	11:5226982	995801	VCV000995801	rs983497
NM_000518.5(HBB):c.39T>C (p.Thr13=)	HBB|LOC106099062|LOC107133510	single nucleotide variant	not specified, not provided	G: Likely benign	criteria provided, multiple submitters, no conflicts	synonymous variant		2023/10/16			11:5248213	11:5226983	495999	VCV000495999	rs487453
NM_000518.5(HBB):c.36dup (p.Thr13fs)	HBB|LOC106099062|LOC107133510	Duplication	beta Thalassemia	G: Likely pathogenic	criteria provided, single submitter	frameshift variant	T13fs	2025/07/22			11:5248215	11:5226985	4818704	VCV004818704	rs4926392
NM_000518.5(HBB):c.36del (p.Thr13fs)	HBB|LOC106099062|LOC107133510	Deletion	Hemoglobinopathy, not provided, beta Thalassemia	G: Pathogenic	criteria provided, multiple submitters, no conflicts	frameshift variant	T13fs	2026/01/09			11:5248216	11:5226986	15423	VCV000015423	rs30462
NM_000518.5(HBB):c.35T>A (p.Val12Asp)	HBB|LOC106099062|LOC107133510	single nucleotide variant	HEMOGLOBIN WINDSOR	G: other	no assertion criteria provided	missense variant	V12D	2017/12/12			11:5248217	11:5226987	15389	VCV000015389	rs30428
NM_000518.4(HBB):c.[34G>A;364G>A]	HBB|LOC106099062|LOC107133510|HBB|LOC107133510|LOC110006319	Haplotype	HEMOGLOBIN O (TIBESTI)	G: other	no assertion criteria provided	missense variant	V12I, E122K	2017/12/12			11:5248218	11:5226988	446746	VCV000446746	rs30228
NM_000518.5(HBB):c.33dup (p.Val12fs)	HBB|LOC106099062|LOC107133510	Duplication	not provided	G: Likely pathogenic	criteria provided, single submitter	frameshift variant	V12fs	2016/11/12			11:5248218	11:5226988	439154	VCV000439154	rs432701
NM_000518.4(HBB):c.34G>T (p.Val12Phe)	HBB|LOC106099062|LOC107133510	single nucleotide variant	not provided	G: Uncertain significance	criteria provided, single submitter	missense variant	V12F	2018/05/24			11:5248218	11:5226988	15535	VCV000015535	rs30574
NM_000518.4(HBB):c.34G>A (p.Val12Ile)	HBB|LOC106099062|LOC107133510	single nucleotide variant	METHEMOGLOBINEMIA, BETA TYPE, Heinz body anemia, Hb SS disease, Beta-thalassemia HBB/LCRB, Erythrocytosis, familial, 6, Malaria, susceptibility to, Dominant beta-thalassemia, Hereditary persistence of fetal hemoglobin, not specified, not provided, Hemoglobin E, Fetal hemoglobin quantitative trait locus 1, beta Thalassemia	G: Uncertain significance	criteria provided, multiple submitters, no conflicts	missense variant	V12I	2026/05/22			11:5248218	11:5226988	15189	VCV000015189	rs30228
NM_000518.5(HBB):c.33del (p.Val12fs)	HBB|LOC106099062|LOC107133510	Deletion	beta Thalassemia	G: Pathogenic	no assertion criteria provided	frameshift variant	V12fs	2019/11/25			11:5248219	11:5226989	869281	VCV000869281	rs857510
NM_000518.5(HBB):c.33C>T (p.Ala11=)	HBB|LOC106099062|LOC107133510	single nucleotide variant	Inborn genetic diseases, not provided, not specified	G: Likely benign	criteria provided, multiple submitters, no conflicts	synonymous variant		2024/12/06			11:5248219	11:5226989	439156	VCV000439156	rs432699
NM_000518.5(HBB):c.33C>A (p.Ala11=)	HBB|LOC106099062|LOC107133510	single nucleotide variant	Inborn genetic diseases, not provided	G: Conflicting classifications of pathogenicity	criteria provided, conflicting classifications	synonymous variant		2025/05/28			11:5248219	11:5226989	439155	VCV000439155	rs432700
NM_000518.5(HBB):c.20_32del (p.Glu7fs)	HBB|LOC106099062|LOC107133510	Deletion	beta Thalassemia	G: Pathogenic	no assertion criteria provided	frameshift variant	E7fs	2019/11/25			11:5248220	11:5226990	869232	VCV000869232	rs857511
NM_000518.4(HBB):c.32C>T (p.Ala11Val)	HBB|LOC106099062|LOC107133510	single nucleotide variant	HEMOGLOBIN IRAQ-HALABJA	G: other	no assertion criteria provided	missense variant	A11V	2017/12/12			11:5248220	11:5226990	15571	VCV000015571	rs30610
NM_000518.4(HBB):c.32C>A (p.Ala11Asp)	HBB|LOC106099062|LOC107133510	single nucleotide variant	HEMOGLOBIN ANKARA	G: other	no assertion criteria provided	missense variant	A11D	2017/12/12			11:5248220	11:5226990	15097	VCV000015097	rs30136
NM_000518.5(HBB):c.30dup (p.Ala11fs)	HBB|LOC106099062|LOC107133510	Duplication	not provided, beta Thalassemia, Beta-thalassemia HBB/LCRB	G: Pathogenic	criteria provided, multiple submitters, no conflicts	frameshift variant	A11fs	2026/02/10			11:5248221	11:5226991	869352	VCV000869352	rs857513
NM_000518.5(HBB):c.-74_31del	LOC106099062|LOC107133510|HBB	Deletion	beta Thalassemia	G: Pathogenic	criteria provided, single submitter			2025/08/04			11:5248221	11:5226991	869253	VCV000869253	rs857512
NM_000518.5(HBB):c.31G>A (p.Ala11Thr)	HBB|LOC106099062|LOC107133510	single nucleotide variant	not specified	G: Conflicting classifications of pathogenicity	criteria provided, conflicting classifications	missense variant	A11T	2025/12/02			11:5248221	11:5226991	439152	VCV000439152	rs432702
NM_000518.5(HBB):c.30T>G (p.Ser10=)	HBB|LOC106099062|LOC107133510	single nucleotide variant	not provided	G: Uncertain significance	criteria provided, single submitter	synonymous variant		2024/12/03			11:5248222	11:5226992	4078907	VCV004078907	rs4193632
NC_000011.10:g.5226995_5227524del	HBB|LOC106099062|LOC107133510	Deletion	not provided	G: Pathogenic	criteria provided, single submitter			2023/04/07			11:5248223	11:5226993	2853365	VCV002853365	rs3016836
NM_000518.5(HBB):c.28_29insTA (p.Ser10fs)	HBB|LOC106099062|LOC107133510	Insertion	beta Thalassemia, BETA-PLUS-THALASSEMIA	G: Pathogenic	no assertion criteria provided	frameshift variant	S10fs	2019/11/25			11:5248223	11:5226993	869350	VCV000869350	rs857514
NM_000518.4(HBB):c.29C>A (p.Ser10Tyr)	HBB|LOC106099062|LOC107133510	single nucleotide variant	HEMOGLOBIN BREM-SUR-MER	G: other	no assertion criteria provided	missense variant	S10Y	2017/12/12			11:5248223	11:5226993	15619	VCV000015619	rs30658
NM_000518.4(HBB):c.29C>G (p.Ser10Cys)	HBB|LOC106099062|LOC107133510	single nucleotide variant	not specified, not provided	G: Benign/Likely benign	criteria provided, multiple submitters, no conflicts	missense variant	S10C	2025/08/15			11:5248223	11:5226993	15316	VCV000015316	rs30355
NM_000518.5(HBB):c.27_28insAGAA (p.Ser10fs)	HBB|LOC106099062|LOC107133510	Insertion	beta Thalassemia	G: Pathogenic	no assertion criteria provided	frameshift variant	S10fs	2019/11/25			11:5248224	11:5226994	869307	VCV000869307	rs857516
NC_000011.10:g.5226994_5227525del	HBB|LOC106099062|LOC107133510	Deletion	beta Thalassemia	G: Pathogenic	no assertion criteria provided			2019/11/25			11:5248224	11:5226994	869254	VCV000869254	rs857515
NM_000518.5(HBB):c.27dup (p.Ser10fs)	HBB|LOC106099062|LOC107133510	Duplication	Erythrocytosis, familial, 6, Heinz body anemia, Malaria, susceptibility to, Beta-thalassemia HBB/LCRB, Hereditary persistence of fetal hemoglobin, METHEMOGLOBINEMIA, BETA TYPE, Hb SS disease, Dominant beta-thalassemia, Inborn genetic diseases, HBB-related disorder, not provided, beta Thalassemia	G: Pathogenic	criteria provided, multiple submitters, no conflicts	frameshift variant	S10fs	2026/02/02			11:5248224	11:5226994	36308	VCV000036308	rs44972
NC_000011.10:g.5226995_5227540delinsTGAAAACTCTACCTCA	HBB|LOC106099062|LOC107133510	Indel	not provided	G: Pathogenic	criteria provided, single submitter			2024/03/09			11:5248225	11:5226995	3645258	VCV003645258	rs3783673
NM_000518.5(HBB):c.27G>A (p.Lys9=)	LOC107133510|HBB|LOC106099062	single nucleotide variant	not specified, not provided	G: Likely benign	criteria provided, multiple submitters, no conflicts	synonymous variant		2023/11/07			11:5248225	11:5226995	1568873	VCV001568873	rs1634474
NM_000518.5(HBB):c.27G>C (p.Lys9Asn)	HBB|LOC106099062|LOC107133510	single nucleotide variant	HEMOGLOBIN LIMASSOL	G: other	no assertion criteria provided	missense variant	K9N	2017/12/12			11:5248225	11:5226995	15593	VCV000015593	rs30632
NM_000518.4(HBB):c.26A>G (p.Lys9Arg)	HBB|LOC106099062|LOC107133510	single nucleotide variant	HEMOGLOBIN LUCKNOW	G: other	no assertion criteria provided	missense variant	K9R	2017/12/12			11:5248226	11:5226996	15572	VCV000015572	rs30611
NM_000518.4(HBB):c.26A>T (p.Lys9Met)	HBB|LOC106099062|LOC107133510	single nucleotide variant	HEMOGLOBIN NAKANO	G: other	no assertion criteria provided	missense variant	K9M	2017/12/12			11:5248226	11:5226996	15548	VCV000015548	rs30587
NM_000518.5(HBB):c.25_26del (p.Lys9fs)	HBB|LOC106099062|LOC107133510	Deletion	Beta-thalassemia HBB/LCRB, Erythrocytosis, familial, 6, Heinz body anemia, Malaria, susceptibility to, Hereditary persistence of fetal hemoglobin, METHEMOGLOBINEMIA, BETA TYPE, Hb SS disease, Dominant beta-thalassemia, HBB-related disorder, not provided, beta Thalassemia	G: Pathogenic	criteria provided, multiple submitters, no conflicts	frameshift variant	K9fs	2026/03/19			11:5248226	11:5226996	15413	VCV000015413	rs30452
NM_000518.4(HBB):c.26A>C (p.Lys9Thr)	HBB|LOC106099062|LOC107133510	single nucleotide variant	HEMOGLOBIN RIO GRANDE	G: other	no assertion criteria provided	missense variant	K9T	2017/12/12			11:5248226	11:5226996	15327	VCV000015327	rs30366
NM_000518.5(HBB):c.24dup (p.Lys9fs)	HBB|LOC106099062|LOC107133510	Duplication	beta Thalassemia	G: Pathogenic	no assertion criteria provided	frameshift variant	K9fs	2019/11/25			11:5248227	11:5226997	869300	VCV000869300	rs857517
NM_000518.4(HBB):c.25A>G (p.Lys9Glu)	HBB|LOC106099062|LOC107133510	single nucleotide variant	not provided	G: Pathogenic	criteria provided, single submitter	missense variant	K9E	2020/01/29			11:5248227	11:5226997	15281	VCV000015281	rs30320
NM_000518.4(HBB):c.25A>C (p.Lys9Gln)	HBB|LOC106099062|LOC107133510	single nucleotide variant	HEMOGLOBIN J (LUHE)	G: other	no assertion criteria provided	missense variant	K9Q	2017/12/12			11:5248227	11:5226997	15225	VCV000015225	rs30264
NM_000518.5(HBB):c.24G>C (p.Glu8Asp)	HBB|LOC106099062|LOC107133510	single nucleotide variant	not provided	G: Uncertain significance	criteria provided, single submitter	missense variant	E8D	2023/05/16			11:5248228	11:5226998	2681985	VCV002681985	rs2843018
NM_000518.5(HBB):c.24G>A (p.Glu8=)	HBB|LOC106099062|LOC107133510	single nucleotide variant	not provided	G: Conflicting classifications of pathogenicity	criteria provided, conflicting classifications	synonymous variant		2023/05/23			11:5248228	11:5226998	2681984	VCV002681984	rs2843017
NM_000518.5(HBB):c.-22_23dup (p.Glu8delinsAspTer)	HBB|LOC106099062|LOC107133510	Duplication	beta Thalassemia	G: Pathogenic	no assertion criteria provided	nonsense, initiator_codon_variant		2019/11/25			11:5248228	11:5226998	869255	VCV000869255	rs857518
NM_000518.5(HBB):c.19GAG[1] (p.Glu8del)	HBB|LOC106099062|LOC107133510	Microsatellite	not provided	G: Likely pathogenic	criteria provided, multiple submitters, no conflicts	inframe_deletion	E8del	2021/11/10			11:5248228	11:5226998	15247	VCV000015247	rs30286
NM_000518.4(HBB):c.23A>G (p.Glu8Gly)	HBB|LOC106099062|LOC107133510	single nucleotide variant	not specified, not provided	G: Likely benign	criteria provided, multiple submitters, no conflicts	missense variant	E8G	2026/02/20			11:5248229	11:5226999	15176	VCV000015176	rs30215
NM_000518.5(HBB):c.22G>T (p.Glu8Ter)	HBB|LOC106099062|LOC107133510	single nucleotide variant	not provided, beta Thalassemia	G: Pathogenic	criteria provided, multiple submitters, no conflicts	nonsense	E8*	2025/09/11			11:5248230	11:5227000	869271	VCV000869271	rs857519
NM_000518.5(HBB):c.22G>A (p.Glu8Lys)	HBB|LOC106099062|LOC107133510	single nucleotide variant	not specified, not provided	G: Uncertain significance	criteria provided, multiple submitters, no conflicts	missense variant	E8K	2026/02/04			11:5248230	11:5227000	15353	VCV000015353	rs30392
NM_000518.5(HBB):c.20_21del (p.Glu7fs)	LOC106099062|HBB|LOC107133510	Deletion	not provided	G: Pathogenic	criteria provided, single submitter	frameshift variant	E7fs	2024/06/27			11:5248231	11:5227001	3766686	VCV003766686	rs3882850
NM_000518.5(HBB):c.21G>A (p.Glu7=)	HBB|LOC106099062|LOC107133510	single nucleotide variant	not specified, not provided	G: Likely benign	criteria provided, multiple submitters, no conflicts	synonymous variant		2024/01/02			11:5248231	11:5227001	933190	VCV000933190	rs921474
NM_000518.4(HBB):c.[205C>T;20A>T]	HBB|LOC106099062|LOC107133510|HBB|LOC106099062|LOC107133510	Haplotype	HEMOGLOBIN JAMAICA PLAIN	G: other	no assertion criteria provided	missense variant	E7V, L69F	2017/12/12			11:5248232	11:5227002	446748	VCV000446748	rs30372
NM_000518.4(HBB):c.[20A>T;428C>T]	HBB|LOC106099062|LOC107133510|HBB|LOC107133510|LOC110006319	Haplotype	HEMOGLOBIN S (TRAVIS)	G: Pathogenic	no assertion criteria provided	missense variant	E7V, A143V	1992/01/01			11:5248232	11:5227002	446738	VCV000446738	rs30372
NM_000518.4(HBB):c.[20A>T;70G>A]	HBB|LOC106099062|LOC107133510|HBB|LOC106099062|LOC107133510	Haplotype	HEMOGLOBIN S (ANTILLES)	G: Pathogenic	no assertion criteria provided	missense variant	E7V, V24I	1997/06/01			11:5248232	11:5227002	446735	VCV000446735	rs30372
NM_000518.4(HBB):c.[176C>G;20A>T]	HBB|LOC106099062|LOC107133510|HBB|LOC106099062|LOC107133510	Haplotype	HEMOGLOBIN ZIGUINCHOR	G: other	no assertion criteria provided	missense variant	E7V, P59R	2017/12/12			11:5248232	11:5227002	446731	VCV000446731	rs30372
NM_000518.5(HBB):c.19_20delinsAT (p.Glu7Met)	HBB|LOC106099062|LOC107133510	Indel	beta Thalassemia	G: Likely pathogenic	criteria provided, single submitter	missense variant	E7M	2011/08/18			11:5248232	11:5227002	36301	VCV000036301	rs44965
NM_000518.5(HBB):c.20del (p.Glu7fs)	LOC106099062|LOC107133510|HBB	Deletion	Beta-thalassemia HBB/LCRB, Erythrocytosis, familial, 6, Heinz body anemia, Malaria, susceptibility to, Hereditary persistence of fetal hemoglobin, METHEMOGLOBINEMIA, BETA TYPE, Hb SS disease, Dominant beta-thalassemia, not provided, beta Thalassemia	G: Pathogenic	criteria provided, multiple submitters, no conflicts	frameshift variant	E7fs	2026/01/21			11:5248232	11:5227002	15418	VCV000015418	rs30457
NM_000518.5(HBB):c.20A>T (p.Glu7Val)	HBB|LOC106099062|LOC107133510	single nucleotide variant	METHEMOGLOBINEMIA, BETA TYPE, Heinz body anemia, Hb SS disease, Fetal hemoglobin quantitative trait locus 1, beta Thalassemia, alpha Thalassemia, Erythrocytosis, familial, 6, Malaria, susceptibility to, Dominant beta-thalassemia, Beta-thalassemia HBB/LCRB, Hereditary persistence of fetal hemoglobin, Inborn genetic diseases, HBB-related disorder, not provided, Sickle cell-hemoglobin C disease, See cases	G: Pathogenic	criteria provided, multiple submitters, no conflicts	missense variant	E7V	2026/02/26			11:5248232	11:5227002	15333	VCV000015333	rs30372
NM_000518.4(HBB):c.20A>C (p.Glu7Ala)	HBB|LOC106099062|LOC107133510	single nucleotide variant	not specified	G: Likely benign	criteria provided, single submitter	missense variant	E7A	2023/05/08			11:5248232	11:5227002	15175	VCV000015175	rs30214
NM_000518.5(HBB):c.19del (p.Glu7fs)	LOC106099062|LOC107133510|HBB	Deletion	not provided, Hemoglobinopathy	G: Pathogenic	criteria provided, multiple submitters, no conflicts	frameshift variant	E7fs	2025/10/20			11:5248233	11:5227003	3068889	VCV003068889	rs3228214
NM_000518.5(HBB):c.15_19delinsATCTT (p.Pro6_Glu7delinsSerTer)	HBB|LOC106099062|LOC107133510	Indel	Hemoglobinopathy	G: Pathogenic	criteria provided, single submitter	nonsense		2023/06/15			11:5248233	11:5227003	2573434	VCV002573434	rs2738380
NM_000518.5(HBB):c.19G>T (p.Glu7Ter)	HBB|LOC106099062|LOC107133510	single nucleotide variant	beta Thalassemia	G: Pathogenic	no assertion criteria provided	nonsense	E7*	2019/11/25			11:5248233	11:5227003	869230	VCV000869230	rs857520
NM_000518.5(HBB):c.18_19del (p.Glu7fs)	HBB|LOC106099062|LOC107133510	Deletion	beta Thalassemia	G: Pathogenic	no assertion criteria provided	frameshift variant	E7fs	2019/11/25			11:5248233	11:5227003	869226	VCV000869226	rs857521
NM_000518.4(HBB):c.[19G>A;286A>G]	HBB|LOC106099062|LOC107133510|HBB|LOC106099062|LOC107133510	Haplotype	HEMOGLOBIN ARLINGTON PARK	G: other	no assertion criteria provided	missense variant	E7K, K96E	2017/12/12			11:5248233	11:5227003	446729	VCV000446729	rs30165
NM_000518.4(HBB):c.19G>C (p.Glu7Gln)	HBB|LOC106099062|LOC107133510	single nucleotide variant	not specified	G: Uncertain significance	criteria provided, single submitter	missense variant	E7Q	2024/11/06			11:5248233	11:5227003	15243	VCV000015243	rs30282
NM_000518.4(HBB):c.19G>A (p.Glu7Lys)	HBB|LOC106099062|LOC107133510	single nucleotide variant	HBB-related hemoglobinopathies, Inherited hemoglobinopathy, Beta-thalassemia HBB/LCRB, METHEMOGLOBINEMIA, BETA TYPE, Heinz body anemia, Hb SS disease, Fetal hemoglobin quantitative trait locus 1, beta Thalassemia, alpha Thalassemia, Erythrocytosis, familial, 6, Malaria, susceptibility to, Dominant beta-thalassemia, Hereditary persistence of fetal hemoglobin, HBB-related disorder, Inborn genetic diseases, not provided, Sickle cell-hemoglobin C disease	G: Pathogenic/Likely pathogenic	criteria provided, multiple submitters, no conflicts	missense variant	E7K	2026/02/04			11:5248233	11:5227003	15126	VCV000015126	rs30165
NM_000518.5(HBB):c.18T>C (p.Pro6=)	HBB|LOC106099062|LOC107133510	single nucleotide variant	not provided	G: Likely benign	criteria provided, single submitter	synonymous variant		2021/09/15			11:5248234	11:5227004	1620530	VCV001620530	rs1581356
NM_000518.5(HBB):c.17_18del (p.Pro6fs)	HBB|LOC106099062|LOC107133510	Deletion	Heinz body anemia, Beta-thalassemia HBB/LCRB, Erythrocytosis, familial, 6, Malaria, susceptibility to, Dominant beta-thalassemia, Hereditary persistence of fetal hemoglobin, METHEMOGLOBINEMIA, BETA TYPE, Hb SS disease, not provided, beta Thalassemia	G: Pathogenic	criteria provided, multiple submitters, no conflicts	frameshift variant	P6fs	2025/10/28			11:5248234	11:5227004	15422	VCV000015422	rs30461
NM_000518.5(HBB):c.[17del;9dup]	HBB|LOC106099062|LOC107133510|HBB|LOC106099062|LOC107133510	Haplotype	beta Thalassemia	G: Pathogenic	no assertion criteria provided	frameshift variant	P6fs, L4fs	2019/11/25			11:5248235	11:5227005	869324	VCV000869324	rs30631
NM_000518.5(HBB):c.17del (p.Pro6fs)	HBB|LOC106099062|LOC107133510	Deletion		G: no classification for the single variant	no classification for the single variant	frameshift variant	P6fs				11:5248235	11:5227005	15592	VCV000015592	rs30631
NM_000518.5(HBB):c.17C>G (p.Pro6Arg)	HBB|LOC106099062|LOC107133510	single nucleotide variant	HEMOGLOBIN WARWICKSHIRE	G: other	no assertion criteria provided	missense variant	P6R	2017/12/12			11:5248235	11:5227005	15387	VCV000015387	rs30426
NM_000518.5(HBB):c.16C>G (p.Pro6Ala)	HBB|LOC107133510|LOC106099062	single nucleotide variant	not provided	G: Likely benign	criteria provided, single submitter	missense variant	P6A	2020/12/21			11:5248236	11:5227006	1331036	VCV001331036	rs1321711
NM_000518.5(HBB):c.10_16delinsTCTGACT (p.Leu4_Pro6delinsSerAspSer)	LOC106099062|HBB|LOC107133510	Indel	HEMOGLOBIN ANTALYA	G: other	no assertion criteria provided	missense variant		2017/12/12			11:5248236	11:5227006	1327539	VCV001327539	rs1318144
NM_000518.5(HBB):c.8_16delinsCTGAGGTGAAGTCTGCCTGAGGAGAAGT (p.His3_Pro6delinsProGluValLysSerAlaTer)	HBB|LOC106099062|LOC107133510	Indel	beta Thalassemia	G: Pathogenic	no assertion criteria provided	nonsense		2019/11/25			11:5248236	11:5227006	869239	VCV000869239	rs857522
NM_000518.5(HBB):c.16C>T (p.Pro6Ser)	HBB|LOC106099062|LOC107133510	single nucleotide variant	not specified, not provided	G: Uncertain significance	criteria provided, multiple submitters, no conflicts	missense variant	P6S	2025/04/08			11:5248236	11:5227006	15540	VCV000015540	rs30579
NM_000518.5(HBB):c.15T>A (p.Thr5=)	HBB|LOC106099062|LOC107133510	single nucleotide variant	not provided	G: Uncertain significance	criteria provided, single submitter	synonymous variant		2024/08/16			11:5248237	11:5227007	3572117	VCV003572117	rs3731018
NM_000518.5(HBB):c.14C>A (p.Thr5Asn)	HBB|LOC106099062|LOC107133510	single nucleotide variant	not specified	G: Uncertain significance	criteria provided, single submitter	missense variant	T5N	2024/11/14			11:5248238	11:5227008	3629628	VCV003629628	rs3762307
NM_000518.5(HBB):c.12G>A (p.Leu4=)	HBB|LOC106099062|LOC107133510	single nucleotide variant	not specified	G: Likely benign	criteria provided, single submitter	synonymous variant		2023/06/05			11:5248240	11:5227010	2573435	VCV002573435	rs2738381
NM_000518.5(HBB):c.11dup (p.Thr5fs)	LOC106099062|LOC107133510|HBB	Duplication	beta Thalassemia	G: Pathogenic	no assertion criteria provided	frameshift variant	T5fs	2019/11/25			11:5248240	11:5227010	869293	VCV000869293	rs857523
NM_000518.5(HBB):c.12G>C (p.Leu4=)	HBB|LOC106099062|LOC107133510	single nucleotide variant	not provided	G: Likely benign	criteria provided, single submitter	synonymous variant		2024/03/04			11:5248240	11:5227010	794722	VCV000794722	rs784026
NM_000518.5(HBB):c.11T>A (p.Leu4Gln)	LOC107133510|LOC106099062|HBB	single nucleotide variant	not specified	G: Uncertain significance	criteria provided, multiple submitters, no conflicts	missense variant	L4Q	2025/12/05			11:5248241	11:5227011	439132	VCV000439132	rs432703
NM_000518.5(HBB):c.10C>G (p.Leu4Val)	HBB|LOC106099062|LOC107133510	single nucleotide variant	not provided	G: Conflicting classifications of pathogenicity	criteria provided, conflicting classifications	missense variant	L4V	2024/11/08			11:5248242	11:5227012	1330034	VCV001330034	rs1320717
NM_000518.5(HBB):c.9_10delinsCT (p.His3_Leu4=)	HBB|LOC106099062|LOC107133510	Indel	not provided	G: Likely benign	criteria provided, single submitter	synonymous variant		2024/01/19			11:5248242	11:5227012	1155998	VCV001155998	rs1142403
NM_000518.5(HBB):c.9dup (p.Leu4fs)	HBB|LOC106099062|LOC107133510	Duplication		G: no classification for the single variant	no classification for the single variant	frameshift variant	L4fs				11:5248242	11:5227012	869417	VCV000869417	rs857524
NM_000518.5(HBB):c.10C>A (p.Leu4Met)	HBB|LOC106099062|LOC107133510	single nucleotide variant	not specified	G: Uncertain significance	criteria provided, single submitter	missense variant	L4M	2017/09/06			11:5248242	11:5227012	632844	VCV000632844	rs621362
NM_000518.5(HBB):c.9T>G (p.His3Gln)	HBB|LOC106099062|LOC107133510	single nucleotide variant	not specified	G: Likely benign	criteria provided, single submitter	missense variant	H3Q	2025/07/30			11:5248243	11:5227013	4525835	VCV004525835	rs4638234
NM_000518.5(HBB):c.9T>C (p.His3=)	HBB|LOC106099062|LOC107133510	single nucleotide variant	METHEMOGLOBINEMIA, BETA TYPE, Hb SS disease, Dominant beta-thalassemia, Malaria, susceptibility to, Erythrocytosis, familial, 6, Heinz body anemia, Hereditary persistence of fetal hemoglobin, Beta-thalassemia HBB/LCRB, alpha Thalassemia, Inborn genetic diseases, not specified, not provided, Fetal hemoglobin quantitative trait locus 1, beta Thalassemia, Hemoglobin E	G: Benign	criteria provided, multiple submitters, no conflicts	synonymous variant		2026/02/04			11:5248243	11:5227013	193106	VCV000193106	rs190271
NM_000518.5(HBB):c.9T>A (p.His3Gln)	HBB|LOC106099062|LOC107133510	single nucleotide variant	not provided	G: Likely benign	criteria provided, single submitter	missense variant	H3Q	2025/01/03			11:5248243	11:5227013	15296	VCV000015296	rs30335
NM_000518.5(HBB):c.8del (p.His3fs)	HBB|LOC106099062|LOC107133510	Deletion	Hemoglobinopathy, not provided	G: Pathogenic/Likely pathogenic	criteria provided, multiple submitters, no conflicts	frameshift variant	H3fs	2025/11/06			11:5248244	11:5227014	869242	VCV000869242	rs857525
NM_000518.4(HBB):c.8A>T (p.His3Leu)	HBB|LOC106099062|LOC107133510	single nucleotide variant	HEMOGLOBIN GRAZ	G: other	no assertion criteria provided	missense variant	H3L	2017/12/12			11:5248244	11:5227014	15518	VCV000015518	rs30557
NM_000518.5(HBB):c.8A>C (p.His3Pro)	HBB|LOC106099062|LOC107133510	single nucleotide variant	not specified	G: Uncertain significance	criteria provided, single submitter	missense variant	H3P	2019/11/01			11:5248244	11:5227014	15261	VCV000015261	rs30300
NM_000518.4(HBB):c.8A>G (p.His3Arg)	HBB|LOC106099062|LOC107133510	single nucleotide variant	not provided	G: Conflicting classifications of pathogenicity	criteria provided, conflicting classifications	missense variant	H3R	2024/05/17			11:5248244	11:5227014	15156	VCV000015156	rs30195
NM_000518.5(HBB):c.7C>T (p.His3Tyr)	HBB|LOC106099062|LOC107133510	single nucleotide variant	HEMOGLOBIN FUKUOKA	G: other	no assertion criteria provided	missense variant	H3Y	2017/12/12			11:5248245	11:5227015	15167	VCV000015167	rs30206
NM_000518.5(HBB):c.6G>T (p.Val2=)	HBB|LOC106099062|LOC107133510	single nucleotide variant	not provided	G: Likely benign	criteria provided, single submitter	synonymous variant		2023/09/26			11:5248246	11:5227016	1612817	VCV001612817	rs1662968
NM_000518.5(HBB):c.6G>A (p.Val2=)	HBB|LOC106099062|LOC107133510	single nucleotide variant	not provided, not specified	G: Likely benign	criteria provided, multiple submitters, no conflicts	synonymous variant		2022/01/26			11:5248246	11:5227016	495994	VCV000495994	rs487517
NM_000518.5(HBB):c.5T>G (p.Val2Gly)	HBB|LOC106099062|LOC107133510	single nucleotide variant	HEMOGLOBIN WATFORD	G: other	no assertion criteria provided	missense variant	V2G	2017/12/12			11:5248247	11:5227017	15587	VCV000015587	rs30626
NM_000518.5(HBB):c.5T>C (p.Val2Ala)	HBB|LOC106099062|LOC107133510	single nucleotide variant	not specified, not provided	G: Conflicting classifications of pathogenicity	criteria provided, conflicting classifications	missense variant	V2A	2025/07/22			11:5248247	11:5227017	15323	VCV000015323	rs30362
NM_000518.5(HBB):c.5T>A (p.Val2Glu)	HBB|LOC106099062|LOC107133510	single nucleotide variant	HEMOGLOBIN DOHA	G: other	no assertion criteria provided	missense variant	V2E	2017/12/12			11:5248247	11:5227017	15159	VCV000015159	rs30198
NM_000518.5(HBB):c.4G>T (p.Val2Leu)	HBB|LOC106099062|LOC107133510	single nucleotide variant	Erythrocytosis, familial, 6, Heinz body anemia, Beta-thalassemia HBB/LCRB, Malaria, susceptibility to, Hb SS disease, Dominant beta-thalassemia, Hereditary persistence of fetal hemoglobin, METHEMOGLOBINEMIA, BETA TYPE	G: Uncertain significance	criteria provided, single submitter	missense variant	V2L	2024/01/24			11:5248248	11:5227018	15558	VCV000015558	rs30597
NM_000518.5(HBB):c.4del (p.Val2fs)	HBB|LOC106099062|LOC107133510	Deletion	Beta zero thalassemia, beta Thalassemia	G: Pathogenic	no assertion criteria provided	frameshift variant, initiator_codon_variant	V2fs	2019/11/25			11:5248248	11:5227018	15508	VCV000015508	rs30547
NM_000518.5(HBB):c.4G>A (p.Val2Met)	HBB|LOC106099062|LOC107133510	single nucleotide variant	not specified, not provided	G: Conflicting classifications of pathogenicity	criteria provided, conflicting classifications	missense variant	V2M	2024/02/01			11:5248248	11:5227018	15359	VCV000015359	rs30398
NM_000518.5(HBB):c.3G>T (p.Met1Ile)	HBB|LOC106099062|LOC107133510	single nucleotide variant	beta Thalassemia, not provided	G: Likely pathogenic	criteria provided, multiple submitters, no conflicts	missense variant, initiator_codon_variant	M1I	2025/08/05			11:5248249	11:5227019	869316	VCV000869316	rs857526
NM_000518.5(HBB):c.3G>C (p.Met1Ile)	HBB|LOC106099062|LOC107133510	single nucleotide variant	beta Thalassemia	G: Pathogenic	no assertion criteria provided	missense variant, initiator_codon_variant	M1I	2019/11/25			11:5248249	11:5227019	869315	VCV000869315	rs857527
NM_000518.5(HBB):c.3G>A (p.Met1Ile)	HBB|LOC106099062|LOC107133510	single nucleotide variant	not provided, not specified, Dominant beta-thalassemia, beta Thalassemia	G: Pathogenic	criteria provided, multiple submitters, no conflicts	missense variant, initiator_codon_variant	M1I	2025/08/07			11:5248249	11:5227019	15519	VCV000015519	rs30558
NM_000518.5(HBB):c.2T>A (p.Met1Lys)	HBB|LOC106099062|LOC107133510	single nucleotide variant	not provided, beta Thalassemia	G: Pathogenic/Likely pathogenic	criteria provided, multiple submitters, no conflicts	missense variant, initiator_codon_variant	M1K	2025/08/05			11:5248250	11:5227020	495986	VCV000495986	rs487518
NM_000518.5(HBB):c.2T>C (p.Met1Thr)	HBB|LOC106099062|LOC107133510	single nucleotide variant	Dominant beta-thalassemia, METHEMOGLOBINEMIA, BETA TYPE, Heinz body anemia, Beta-thalassemia HBB/LCRB, Hereditary persistence of fetal hemoglobin, Hb SS disease, Erythrocytosis, familial, 6, Malaria, susceptibility to, not provided, beta Thalassemia	G: Pathogenic	criteria provided, multiple submitters, no conflicts	missense variant, initiator_codon_variant	M1T	2025/08/04			11:5248250	11:5227020	36310	VCV000036310	rs44974
NM_000518.5(HBB):c.2T>G (p.Met1Arg)	HBB|LOC106099062|LOC107133510	single nucleotide variant	Erythrocytosis, familial, 6, Heinz body anemia, Beta-thalassemia HBB/LCRB, Malaria, susceptibility to, Hb SS disease, Dominant beta-thalassemia, Hereditary persistence of fetal hemoglobin, METHEMOGLOBINEMIA, BETA TYPE, not provided, beta Thalassemia	G: Pathogenic	criteria provided, multiple submitters, no conflicts	missense variant, initiator_codon_variant	M1R	2025/05/17			11:5248250	11:5227020	15434	VCV000015434	rs30473
NM_000518.5(HBB):c.1A>C (p.Met1Leu)	HBB|LOC106099062|LOC107133510	single nucleotide variant	not provided, beta Thalassemia	G: Pathogenic/Likely pathogenic	criteria provided, multiple submitters, no conflicts	missense variant, initiator_codon_variant	M1L	2025/03/31			11:5248251	11:5227021	869231	VCV000869231	rs857528
NM_000518.5(HBB):c.1A>G (p.Met1Val)	HBB|LOC106099062|LOC107133510	single nucleotide variant	Hemoglobinopathy, not provided, Dominant beta-thalassemia, Beta-thalassemia HBB/LCRB, Heinz body anemia, METHEMOGLOBINEMIA, BETA TYPE, Erythrocytosis, familial, 6, Hb SS disease, Malaria, susceptibility to, Hereditary persistence of fetal hemoglobin, beta Thalassemia	G: Pathogenic	criteria provided, multiple submitters, no conflicts	missense variant, initiator_codon_variant	M1V	2025/08/04			11:5248251	11:5227021	439140	VCV000439140	rs432704
NM_000518.5(HBB):c.-1C>T	HBB|LOC106099062|LOC107133510	single nucleotide variant	not provided	G: Uncertain significance	criteria provided, single submitter	5 prime UTR variant		2023/12/01			11:5248252	11:5227022	3364255	VCV003364255	rs3523462
NM_000518.5(HBB):c.-4C>T	HBB|LOC106099062|LOC107133510	single nucleotide variant	not specified, not provided	G: Uncertain significance	criteria provided, multiple submitters, no conflicts	5 prime UTR variant		2023/09/20			11:5248255	11:5227025	918087	VCV000918087	rs915038
NM_000518.5(HBB):c.-6G>C	HBB|LOC106099062|LOC107133510	single nucleotide variant	not specified	G: Uncertain significance	criteria provided, single submitter	5 prime UTR variant		2024/03/28			11:5248257	11:5227027	3233600	VCV003233600	rs3392725
NM_000518.5(HBB):c.-10_-7del	LOC106099062|LOC107133510|HBB	Deletion	not provided, not specified	G: Conflicting classifications of pathogenicity	criteria provided, conflicting classifications	5 prime UTR variant		2025/03/10			11:5248258	11:5227028	495971	VCV000495971	rs487527
NM_000518.5(HBB):c.-8C>G	HBB|LOC106099062|LOC107133510	single nucleotide variant	not specified, not provided	G: Uncertain significance	criteria provided, multiple submitters, no conflicts	5 prime UTR variant		2022/09/02			11:5248259	11:5227029	1301330	VCV001301330	rs1291613
NM_000518.5(HBB):c.-10A>G	HBB|LOC106099062|LOC107133510	single nucleotide variant	not specified, not provided	G: Uncertain significance	criteria provided, multiple submitters, no conflicts	5 prime UTR variant		2022/12/05			11:5248261	11:5227031	619852	VCV000619852	rs611102
NM_000518.5(HBB):c.-12C>T	HBB|LOC106099062|LOC107133510	single nucleotide variant	not specified	G: Uncertain significance	criteria provided, single submitter	5 prime UTR variant		2022/11/01			11:5248263	11:5227033	1804686	VCV001804686	rs1861702
NM_000518.5(HBB):c.-15C>A	HBB|LOC106099062|LOC107133510	single nucleotide variant	beta Thalassemia	G: Uncertain significance	criteria provided, single submitter	5 prime UTR variant		2011/08/18			11:5248266	11:5227036	36290	VCV000036290	rs44954
NM_000518.5(HBB):c.-18C>G	HBB|LOC106099062|LOC107133510	single nucleotide variant	not provided, beta Thalassemia	G: Pathogenic	criteria provided, multiple submitters, no conflicts	5 prime UTR variant		2023/06/29			11:5248269	11:5227039	393704	VCV000393704	rs380594
NM_000518.5(HBB):c.-19G>C	HBB|LOC106099062|LOC107133510	single nucleotide variant	not specified	G: Uncertain significance	criteria provided, single submitter	5 prime UTR variant		2025/02/11			11:5248270	11:5227040	3768611	VCV003768611	rs3884770
NM_000518.5(HBB):c.-21T>C	HBB|LOC106099062|LOC107133510	single nucleotide variant	not specified, not provided	G: Uncertain significance	criteria provided, multiple submitters, no conflicts	5 prime UTR variant		2024/04/30			11:5248272	11:5227042	981109	VCV000981109	rs969172
NM_000518.5(HBB):c.-23A>G	HBB|LOC106099062|LOC107133510	single nucleotide variant	not provided	G: Uncertain significance	criteria provided, single submitter	5 prime UTR variant		2016/09/06			11:5248274	11:5227044	495985	VCV000495985	rs487531
NM_000518.5(HBB):c.-25T>C	HBB|LOC106099062|LOC107133510	single nucleotide variant	beta Thalassemia	G: Uncertain significance	no assertion criteria provided	5 prime UTR variant					11:5248276	11:5227046	265987	VCV000265987	rs260797
NM_000518.5(HBB):c.-29G>A	HBB|LOC106099062|LOC107133510	single nucleotide variant	not provided, Hemoglobinopathy, beta Thalassemia	G: Pathogenic	criteria provided, multiple submitters, no conflicts	5 prime UTR variant		2025/07/29			11:5248280	11:5227050	393702	VCV000393702	rs380595
NM_000518.5(HBB):c.-31C>T	LOC107133510|HBB|LOC106099062	single nucleotide variant	Dominant beta-thalassemia, METHEMOGLOBINEMIA, BETA TYPE, Heinz body anemia, Beta-thalassemia HBB/LCRB, Hereditary persistence of fetal hemoglobin, Hb SS disease, Erythrocytosis, familial, 6, Malaria, susceptibility to, not specified, not provided, Fetal hemoglobin quantitative trait locus 1, Hemoglobin E	G: Conflicting classifications of pathogenicity	criteria provided, conflicting classifications	5 prime UTR variant		2026/05/07			11:5248282	11:5227052	36291	VCV000036291	rs44955
NM_000518.5(HBB):c.-35A>G	HBB|LOC106099062|LOC107133510	single nucleotide variant	beta Thalassemia	G: Benign	no assertion criteria provided	5 prime UTR variant		2019/11/25			11:5248286	11:5227056	869257	VCV000869257	rs857529
NM_000518.5(HBB):c.-39T>C	HBB|LOC106099062|LOC107133510	single nucleotide variant	not specified	G: Uncertain significance	criteria provided, single submitter	5 prime UTR variant		2024/09/25			11:5248290	11:5227060	3375209	VCV003375209	rs3534397
NM_000518.5(HBB):c.-41del	HBB|LOC106099062|LOC107133510	Deletion	beta Thalassemia	G: not provided	no classification provided	5 prime UTR variant					11:5248292	11:5227062	393703	VCV000393703	rs380596
NM_000518.5(HBB):c.-48A>T	HBB|LOC106099062|LOC107133510	single nucleotide variant	not specified	G: Uncertain significance	criteria provided, single submitter	5 prime UTR variant		2026/01/07			11:5248299	11:5227069	4689563	VCV004689563	rs4801020
NM_000518.5(HBB):c.-50A>C	LOC106099062|LOC107133510|HBB	single nucleotide variant	METHEMOGLOBINEMIA, BETA TYPE, Heinz body anemia, Beta-thalassemia HBB/LCRB, Hereditary persistence of fetal hemoglobin, Malaria, susceptibility to, Erythrocytosis, familial, 6, Dominant beta-thalassemia, Hb SS disease, not provided, beta Thalassemia	G: Pathogenic/Likely pathogenic	criteria provided, multiple submitters, no conflicts	5 prime UTR variant		2025/10/16			11:5248301	11:5227071	36292	VCV000036292	rs44956
NM_000518.5(HBB):c.-51T>C	HBB|LOC106099062|LOC107133510	single nucleotide variant	not specified, not provided	G: Conflicting classifications of pathogenicity	criteria provided, conflicting classifications			2026/05/22			11:5248302	11:5227072	36293	VCV000036293	rs44957
NM_000518.4(HBB):c.-64G>A	HBB|LOC106099062|LOC107133510	single nucleotide variant	not provided	G: Uncertain significance	criteria provided, single submitter			2024/02/01			11:5248315	11:5227085	3572120	VCV003572120	rs3731021
NM_000518.4(HBB):c.-69G>A	HBB|LOC106099062|LOC107133510	single nucleotide variant	not provided	G: Uncertain significance	criteria provided, single submitter			2020/12/30			11:5248320	11:5227090	1330054	VCV001330054	rs1320737
NC_000011.10:g.5227091C>T	HBB|LOC106099062|LOC107133510	single nucleotide variant	HBB-related disorder	G: Likely benign	no assertion criteria provided			2022/11/03			11:5248321	11:5227091	3051702	VCV003051702	rs3205470
NM_000518.4(HBB):c.-71G>A	HBB|LOC106099062|LOC107133510	single nucleotide variant	not provided	G: Uncertain significance	criteria provided, single submitter			2016/07/28			11:5248322	11:5227092	496003	VCV000496003	rs487454
NM_000518.4(HBB):c.-73C>T	LOC106099062|LOC107133510|HBB	single nucleotide variant	not provided	G: Uncertain significance	criteria provided, single submitter			2016/01/20			11:5248324	11:5227094	496004	VCV000496004	rs487312
NC_000011.10:g.5227096C>A	HBB|LOC106099062|LOC107133510	single nucleotide variant	beta Thalassemia	G: Pathogenic	no assertion criteria provided			2019/11/25			11:5248326	11:5227096	869256	VCV000869256	rs857530
NM_000518.4(HBB):c.-75G>A	HBB|LOC106099062|LOC107133510	single nucleotide variant	not provided	G: Uncertain significance	criteria provided, single submitter			2022/09/23			11:5248326	11:5227096	619859	VCV000619859	rs611307
NM_000518.5(HBB):c.-75G>C	HBB|LOC106099062|LOC107133510	single nucleotide variant	Beta-thalassemia HBB/LCRB	G: Uncertain significance	reviewed by expert panel			2026/04/30			11:5248326	11:5227096	36294	VCV000036294	rs44958
NC_000011.10:g.5227097T>G	HBB|LOC106099062|LOC107133510	single nucleotide variant	beta Thalassemia	G: Pathogenic	no assertion criteria provided			2019/11/25			11:5248327	11:5227097	869286	VCV000869286	rs857531
NM_000518.5(HBB):c.-77_-76del	HBB|LOC106099062|LOC107133510	Deletion	Dominant beta-thalassemia, METHEMOGLOBINEMIA, BETA TYPE, Heinz body anemia, Hb SS disease, Hereditary persistence of fetal hemoglobin, Beta-thalassemia HBB/LCRB, Malaria, susceptibility to, Erythrocytosis, familial, 6, not provided, Beta thalassemia intermedia	G: Conflicting classifications of pathogenicity	criteria provided, conflicting classifications			2024/06/20			11:5248327	11:5227097	496005	VCV000496005	rs487534
NC_000011.10:g.5227098T>A	HBB|LOC106099062|LOC107133510	single nucleotide variant	beta Thalassemia	G: Pathogenic	no assertion criteria provided			2019/11/25			11:5248328	11:5227098	869287	VCV000869287	rs857532
NM_000518.5(HBB):c.-78A>G	HBB|LOC106099062|LOC107133510	single nucleotide variant	Beta-thalassemia HBB/LCRB, Erythrocytosis, familial, 6, Heinz body anemia, Malaria, susceptibility to, Hb SS disease, Dominant beta-thalassemia, Hereditary persistence of fetal hemoglobin, METHEMOGLOBINEMIA, BETA TYPE, not provided, beta Thalassemia	G: Pathogenic/Likely pathogenic	criteria provided, multiple submitters, no conflicts			2025/11/24			11:5248329	11:5227099	15471	VCV000015471	rs30510
NM_000518.5(HBB):c.-78A>C	HBB|LOC106099062|LOC107133510	single nucleotide variant	Beta-thalassemia HBB/LCRB	G: Pathogenic	reviewed by expert panel			2026/04/07			11:5248329	11:5227099	15470	VCV000015470	rs30509
NM_000518.5(HBB):c.-79A>C	HBB|LOC106099062|LOC107133510	single nucleotide variant	not provided, beta Thalassemia	G: Pathogenic/Likely pathogenic	criteria provided, multiple submitters, no conflicts			2025/03/05			11:5248330	11:5227100	869288	VCV000869288	rs857533
NC_000011.10:g.5227100T>C	HBB|LOC106099062|LOC107133510	single nucleotide variant	Beta-thalassemia HBB/LCRB, Erythrocytosis, familial, 6, Heinz body anemia, Malaria, susceptibility to, Hb SS disease, Dominant beta-thalassemia, Hereditary persistence of fetal hemoglobin, METHEMOGLOBINEMIA, BETA TYPE, Inborn genetic diseases, not provided, beta Thalassemia	G: Pathogenic	criteria provided, multiple submitters, no conflicts			2026/01/28			11:5248330	11:5227100	15469	VCV000015469	rs30508
NM_000518.5(HBB):c.-80T>C	HBB|LOC106099062|LOC107133510	single nucleotide variant	not provided, beta Thalassemia	G: Pathogenic	criteria provided, multiple submitters, no conflicts			2025/01/13			11:5248331	11:5227101	869290	VCV000869290	rs857535
NC_000011.10:g.5227101A>C	HBB|LOC106099062|LOC107133510	single nucleotide variant	beta Thalassemia	G: Pathogenic	no assertion criteria provided			2019/11/25			11:5248331	11:5227101	869289	VCV000869289	rs857534
NM_000518.5(HBB):c.-80T>A	HBB|LOC106099062|LOC107133510	single nucleotide variant	not specified, not provided, beta Thalassemia	G: Pathogenic	criteria provided, multiple submitters, no conflicts			2025/12/10			11:5248331	11:5227101	15467	VCV000015467	rs30506
NM_000518.5(HBB):c.-81A>G	LOC106099062|LOC107133510|HBB	single nucleotide variant	Erythrocytosis, familial, 6, Heinz body anemia, Beta-thalassemia HBB/LCRB, Malaria, susceptibility to, Hb SS disease, Dominant beta-thalassemia, Hereditary persistence of fetal hemoglobin, METHEMOGLOBINEMIA, BETA TYPE, not provided, beta Thalassemia, Beta thalassemia intermedia	G: Pathogenic	criteria provided, multiple submitters, no conflicts			2026/01/27			11:5248332	11:5227102	15466	VCV000015466	rs30505
NM_000518.5(HBB):c.-82C>T	HBB|LOC106099062|LOC107133510	single nucleotide variant	not specified, not provided, Dominant beta-thalassemia, Heinz body anemia, METHEMOGLOBINEMIA, BETA TYPE, Hereditary persistence of fetal hemoglobin, Malaria, susceptibility to, Hb SS disease, Beta-thalassemia HBB/LCRB, Erythrocytosis, familial, 6	G: Conflicting classifications of pathogenicity	criteria provided, conflicting classifications			2026/05/19			11:5248333	11:5227103	439163	VCV000439163	rs432705
NM_000518.4(HBB):c.-82C>A	HBB|LOC106099062|LOC107133510	single nucleotide variant	not specified	G: Uncertain significance	criteria provided, single submitter			2023/02/16			11:5248333	11:5227103	15492	VCV000015492	rs30531
NM_000518.5(HBB):c.-83G>A	HBB|LOC106099062|LOC107133510	single nucleotide variant	not provided, not specified	G: Uncertain significance	criteria provided, multiple submitters, no conflicts			2025/11/06			11:5248334	11:5227104	2506214	VCV002506214	rs2671172
NM_000518.4(HBB):c.-83G>T	HBB|LOC106099062|LOC107133510	single nucleotide variant	not provided	G: Uncertain significance	criteria provided, single submitter			2016/06/29			11:5248334	11:5227104	496006	VCV000496006	rs487536
NM_000518.4(HBB):c.-91A>C	LOC106099062|LOC107133510|HBB	single nucleotide variant	not provided	G: Uncertain significance	criteria provided, single submitter			2018/11/08			11:5248342	11:5227112	801194	VCV000801194	rs789684
NM_000518.5(HBB):c.-92C>T	LOC107133510|HBB|LOC106099062	single nucleotide variant	not provided, not specified	G: Uncertain significance	criteria provided, multiple submitters, no conflicts			2025/04/28			11:5248343	11:5227113	632842	VCV000632842	rs621819
NC_000011.10:g.5227113G>C	HBB|LOC106099062|LOC107133510	single nucleotide variant	not provided, beta Thalassemia	G: Conflicting classifications of pathogenicity	criteria provided, conflicting classifications			2025/07/22			11:5248343	11:5227113	36298	VCV000036298	rs44962
NC_000011.10:g.5227114G>T	HBB|LOC106099062|LOC107133510	single nucleotide variant	not provided	G: Uncertain significance	criteria provided, single submitter			2020/03/18			11:5248344	11:5227114	993191	VCV000993191	rs981067
NM_000518.5(HBB):c.-100G>A	HBB|LOC106099062|LOC107133510	single nucleotide variant	Dominant beta-thalassemia, METHEMOGLOBINEMIA, BETA TYPE, alpha Thalassemia, Heinz body anemia, Hb SS disease, Hereditary persistence of fetal hemoglobin, Beta-thalassemia HBB/LCRB, Malaria, susceptibility to, Erythrocytosis, familial, 6, not specified, not provided	G: Uncertain significance	criteria provided, multiple submitters, no conflicts			2023/08/24			11:5248351	11:5227121	495972	VCV000495972	rs487561
NM_000518.4(HBB):c.-102G>T	LOC107133510|HBB|LOC106099062	single nucleotide variant	not provided	G: Uncertain significance	criteria provided, single submitter			2017/06/30			11:5248353	11:5227123	495973	VCV000495973	rs487313
NM_000518.5(HBB):c.-104G>A	LOC107133510|HBB|LOC106099062	single nucleotide variant	not specified, not provided	G: Uncertain significance	criteria provided, multiple submitters, no conflicts			2026/05/07			11:5248355	11:5227125	1330141	VCV001330141	rs1320823
NM_000518.4(HBB):c.-106G>A	HBB|LOC106099062|LOC107133510	single nucleotide variant	not provided	G: Uncertain significance	criteria provided, single submitter			2023/06/13			11:5248357	11:5227127	2681975	VCV002681975	rs2843009
NM_000518.5(HBB):c.-106G>C	HBB|LOC106099062|LOC107133510	single nucleotide variant	Beta-thalassemia HBB/LCRB, METHEMOGLOBINEMIA, BETA TYPE, Malaria, susceptibility to, Heinz body anemia, Erythrocytosis, familial, 6, Dominant beta-thalassemia, Hereditary persistence of fetal hemoglobin, Hb SS disease, not specified, not provided	G: Uncertain significance	criteria provided, multiple submitters, no conflicts			2026/03/25			11:5248357	11:5227127	36281	VCV000036281	rs44945
NC_000011.10:g.5227131_5227256del	HBB|LOC106099062|LOC107133510	Deletion	beta Thalassemia	G: Pathogenic	no assertion criteria provided			2019/11/25			11:5248361	11:5227131	869291	VCV000869291	rs857536
NC_000011.10:g.5227134T>C	HBB|LOC106099062|LOC107133510	single nucleotide variant	not provided, not specified	G: Uncertain significance	criteria provided, multiple submitters, no conflicts			2024/05/24			11:5248364	11:5227134	993223	VCV000993223	rs981068
NM_000518.5(HBB):c.-121C>T	HBB|LOC106099062|LOC107133510	single nucleotide variant	beta Thalassemia, Beta-thalassemia HBB/LCRB, not provided	G: Pathogenic/Likely pathogenic	criteria provided, multiple submitters, no conflicts			2025/01/10			11:5248372	11:5227142	801184	VCV000801184	rs789685
NM_000518.4(HBB):c.-122T>C	HBB|LOC106099062|LOC107133510	single nucleotide variant	Thalassemia	G: Uncertain significance	criteria provided, single submitter			2023/02/09			11:5248373	11:5227143	2775404	VCV002775404	rs2936127
NM_000518.5(HBB):c.-122T>A	HBB|LOC106099062|LOC107133510	single nucleotide variant	not specified, not provided	G: Conflicting classifications of pathogenicity	criteria provided, conflicting classifications			2025/11/10			11:5248373	11:5227143	869326	VCV000869326	rs857537
NM_000518.4(HBB):c.-122T>G	HBB|LOC106099062|LOC107133510	single nucleotide variant	not provided	G: Uncertain significance	criteria provided, multiple submitters, no conflicts			2022/12/15			11:5248373	11:5227143	439133	VCV000439133	rs432706
NM_000518.4(HBB):c.-124A>T	LOC106099062|HBB|LOC107133510	single nucleotide variant	Beta-thalassemia HBB/LCRB	G: Uncertain significance	criteria provided, single submitter			2024/03/25			11:5248375	11:5227145	3233358	VCV003233358	rs3392485
NC_000011.10:g.5227147G>T	HBB|LOC106099062|LOC107133510	single nucleotide variant	beta Thalassemia	G: Pathogenic	no assertion criteria provided			2019/11/25			11:5248377	11:5227147	869327	VCV000869327	rs857538
NM_000518.5(HBB):c.-130T>C	HBB|LOC106099062|LOC107133510	single nucleotide variant	not specified	G: Uncertain significance	criteria provided, single submitter			2023/11/13			11:5248381	11:5227151	2682478	VCV002682478	rs2843508
NM_000518.4(HBB):c.-133_-132insCCACAGCCTAG	HBB|LOC106099062|LOC107133510	Insertion	not provided	G: Uncertain significance	criteria provided, single submitter			2024/03/11			11:5248383	11:5227153	3572123	VCV003572123	rs3731024
NC_000011.10:g.5227153C>A	HBB|LOC106099062|LOC107133510	single nucleotide variant	not provided, not specified	G: Conflicting classifications of pathogenicity	criteria provided, conflicting classifications			2026/02/04			11:5248383	11:5227153	987863	VCV000987863	rs975805
NC_000011.10:g.5227154C>T	HBB|LOC106099062|LOC107133510	single nucleotide variant	not provided, beta Thalassemia	G: Conflicting classifications of pathogenicity	criteria provided, conflicting classifications			2026/02/04			11:5248384	11:5227154	36282	VCV000036282	rs44946
NM_000518.4(HBB):c.-134A>G	HBB|LOC106099062|LOC107133510	single nucleotide variant	not specified	G: Uncertain significance	criteria provided, single submitter			2021/03/31			11:5248385	11:5227155	1050837	VCV001050837	rs1038944
NM_000518.4(HBB):c.-137_-136insG	HBB|LOC106099062|LOC107133510	Insertion	not provided	G: Uncertain significance	criteria provided, single submitter			2023/09/21			11:5248387	11:5227157	2681978	VCV002681978	rs2843012
NM_000518.4(HBB):c.-136C>A	HBB|LOC106099062|LOC107133510	single nucleotide variant	beta Thalassemia	G: Likely pathogenic	criteria provided, single submitter			2023/05/10			11:5248387	11:5227157	2506212	VCV002506212	rs2671170
NM_000518.4(HBB):c.-136C>T	HBB|LOC106099062|LOC107133510	single nucleotide variant	not provided, beta Thalassemia	G: Pathogenic/Likely pathogenic	criteria provided, multiple submitters, no conflicts			2024/04/19			11:5248387	11:5227157	36284	VCV000036284	rs44948
NM_000518.5(HBB):c.-136C>G	HBB|LOC106099062|LOC107133510	single nucleotide variant	not provided, beta Thalassemia	G: Pathogenic/Likely pathogenic	criteria provided, multiple submitters, no conflicts			2025/07/29			11:5248387	11:5227157	15465	VCV000015465	rs30504
NM_000518.5(HBB):c.-137C>T	HBB|LOC106099062|LOC107133510	single nucleotide variant	METHEMOGLOBINEMIA, BETA TYPE, Heinz body anemia, Beta-thalassemia HBB/LCRB, Hereditary persistence of fetal hemoglobin, Malaria, susceptibility to, Erythrocytosis, familial, 6, Dominant beta-thalassemia, Hb SS disease, not provided, Beta thalassemia intermedia, beta Thalassemia	G: Pathogenic/Likely pathogenic	criteria provided, multiple submitters, no conflicts			2026/01/14			11:5248388	11:5227158	36287	VCV000036287	rs44951
NM_000518.5(HBB):c.-137C>A	LOC107133510|HBB|LOC106099062	single nucleotide variant	METHEMOGLOBINEMIA, BETA TYPE, beta Thalassemia, alpha Thalassemia, Fetal hemoglobin quantitative trait locus 1, Malaria, susceptibility to, Heinz body anemia, Erythrocytosis, familial, 6, Dominant beta-thalassemia, Hb SS disease, Beta-thalassemia HBB/LCRB, Hereditary persistence of fetal hemoglobin, not provided, Beta thalassemia intermedia	G: Pathogenic/Likely pathogenic	criteria provided, multiple submitters, no conflicts			2025/08/11			11:5248388	11:5227158	36285	VCV000036285	rs44949
NM_000518.5(HBB):c.-137C>G	HBB|LOC106099062|LOC107133510	single nucleotide variant	Beta-thalassemia HBB/LCRB	G: Pathogenic	reviewed by expert panel			2026/04/30			11:5248388	11:5227158	15464	VCV000015464	rs30503
NM_000518.4(HBB):c.-138C>G	HBB|LOC106099062|LOC107133510	single nucleotide variant	not provided	G: Uncertain significance	criteria provided, single submitter			2024/03/07			11:5248389	11:5227159	869328	VCV000869328	rs857539
NM_000518.5(HBB):c.-138C>A	HBB|LOC106099062|LOC107133510	single nucleotide variant	Malaria, susceptibility to, beta Thalassemia, METHEMOGLOBINEMIA, BETA TYPE, Dominant beta-thalassemia, alpha Thalassemia, Heinz body anemia, Erythrocytosis, familial, 6, Fetal hemoglobin quantitative trait locus 1, Hb SS disease, Hemoglobinopathy, not provided	G: Pathogenic/Likely pathogenic	criteria provided, multiple submitters, no conflicts			2025/05/19			11:5248389	11:5227159	393701	VCV000393701	rs380597
NC_000011.10:g.5227159G>A	HBB|LOC106099062|LOC107133510	single nucleotide variant	METHEMOGLOBINEMIA, BETA TYPE, Hb SS disease, Dominant beta-thalassemia, Beta-thalassemia HBB/LCRB, Erythrocytosis, familial, 6, Malaria, susceptibility to, Hereditary persistence of fetal hemoglobin, Heinz body anemia, Inborn genetic diseases, Hemoglobinopathy, not provided, beta Thalassemia	G: Pathogenic/Likely pathogenic	criteria provided, multiple submitters, no conflicts			2026/01/29			11:5248389	11:5227159	15460	VCV000015460	rs30499
NM_000518.4(HBB):c.-140C>A	HBB|LOC106099062|LOC107133510	single nucleotide variant	not provided	G: Uncertain significance	criteria provided, single submitter			2024/03/29			11:5248391	11:5227161	3572124	VCV003572124	rs3731025
NM_000518.5(HBB):c.-140C>G	HBB|LOC106099062|LOC107133510	single nucleotide variant	Dominant beta-thalassemia, METHEMOGLOBINEMIA, BETA TYPE, Heinz body anemia, Hb SS disease, Hereditary persistence of fetal hemoglobin, Beta-thalassemia HBB/LCRB, Malaria, susceptibility to, Erythrocytosis, familial, 6, not provided, not specified, beta Thalassemia	G: Conflicting classifications of pathogenicity	criteria provided, conflicting classifications			2025/09/03			11:5248391	11:5227161	495975	VCV000495975	rs487562
NM_000518.5(HBB):c.-140C>T	LOC106099062|LOC107133510|HBB	single nucleotide variant	Beta-thalassemia HBB/LCRB, HBB-related disorder, Erythrocytosis, familial, 6, Heinz body anemia, Malaria, susceptibility to, Hb SS disease, Dominant beta-thalassemia, Hereditary persistence of fetal hemoglobin, METHEMOGLOBINEMIA, BETA TYPE, not provided, Beta thalassemia intermedia, beta Thalassemia	G: Pathogenic/Likely pathogenic	criteria provided, multiple submitters, no conflicts			2025/12/30			11:5248391	11:5227161	15514	VCV000015514	rs30553
NM_000518.5(HBB):c.-142C>T	HBB|LOC106099062|LOC107133510	single nucleotide variant	Erythrocytosis, familial, 6, Heinz body anemia, Beta-thalassemia HBB/LCRB, Malaria, susceptibility to, Hb SS disease, Dominant beta-thalassemia, Hereditary persistence of fetal hemoglobin, METHEMOGLOBINEMIA, BETA TYPE, not provided, Beta thalassemia intermedia, beta Thalassemia	G: Pathogenic/Likely pathogenic	criteria provided, multiple submitters, no conflicts			2025/12/16			11:5248393	11:5227163	15462	VCV000015462	rs30501
NM_000518.4(HBB):c.-146G>T	HBB|LOC106099062|LOC107133510	single nucleotide variant	not specified	G: Uncertain significance	criteria provided, single submitter			2023/04/06			11:5248397	11:5227167	2503934	VCV002503934	rs2668842
NM_000518.5(HBB):c.-150T>A	HBB|LOC106099062|LOC107133510	single nucleotide variant	not specified	G: Uncertain significance	criteria provided, single submitter			2024/08/29			11:5248401	11:5227171	495979	VCV000495979	rs487539
NM_000518.5(HBB):c.-151C>G	HBB|LOC106099062|LOC107133510	single nucleotide variant	Erythrocytosis, familial, 6, Heinz body anemia, Beta-thalassemia HBB/LCRB, Malaria, susceptibility to, Hb SS disease, Dominant beta-thalassemia, Hereditary persistence of fetal hemoglobin, METHEMOGLOBINEMIA, BETA TYPE	G: Pathogenic	criteria provided, single submitter			2024/04/09			11:5248402	11:5227172	15586	VCV000015586	rs30625
NC_000011.10:g.5227172G>A	HBB|LOC106099062|LOC107133510	single nucleotide variant	Beta-thalassemia HBB/LCRB, METHEMOGLOBINEMIA, BETA TYPE, Hb SS disease, Dominant beta-thalassemia, Malaria, susceptibility to, Heinz body anemia, Erythrocytosis, familial, 6, Hereditary persistence of fetal hemoglobin, not provided, beta Thalassemia	G: Pathogenic	criteria provided, multiple submitters, no conflicts			2026/01/08			11:5248402	11:5227172	15461	VCV000015461	rs30500
NM_000518.4(HBB):c.-152C>A	HBB|LOC106099062|LOC107133510	single nucleotide variant	not specified	G: Uncertain significance	criteria provided, single submitter			2022/08/22			11:5248403	11:5227173	1705167	VCV001705167	rs1699696
NM_000518.5(HBB):c.-155C>T	HBB|LOC106099062|LOC107133510	single nucleotide variant	not specified	G: Uncertain significance	criteria provided, single submitter			2025/02/13			11:5248406	11:5227176	3769063	VCV003769063	rs3885217
NM_000518.5(HBB):c.-175G>A	HBB|LOC106099062|LOC107133510	single nucleotide variant	Heinz body anemia, METHEMOGLOBINEMIA, BETA TYPE, Dominant beta-thalassemia, Erythrocytosis, familial, 6, Malaria, susceptibility to, Hereditary persistence of fetal hemoglobin, Beta-thalassemia HBB/LCRB, Hb SS disease	G: Uncertain significance	criteria provided, single submitter			2024/01/23			11:5248426	11:5227196	3599787	VCV003599787	rs3729986
NC_000011.10:g.5227197G>A	LOC106099062|LOC107133510|HBB	single nucleotide variant	not provided	G: Uncertain significance	criteria provided, single submitter			2021/04/23			11:5248427	11:5227197	2199484	VCV002199484	rs1924330
NC_000011.10:g.5227246C>T	HBB|LOC106099062|LOC107133510	single nucleotide variant	not provided	G: Likely benign	criteria provided, single submitter			2026/01/21			11:5248476	11:5227246	1148301	VCV001148301	rs1142404
NC_000011.10:g.5227261C>T	HBB|LOC106099062|LOC107133510	single nucleotide variant	Beta-thalassemia HBB/LCRB, not provided	G: Conflicting classifications of pathogenicity	criteria provided, conflicting classifications			2025/06/26			11:5248491	11:5227261	1675446	VCV001675446	rs1666830
NC_000011.10:g.5227269T>C	LOC106099062|LOC107133510|HBB	single nucleotide variant	not provided	G: Benign	criteria provided, single submitter			2026/01/24			11:5248499	11:5227269	695665	VCV000695665	rs685290
NM_000518.4(HBB):c.-265G>A	HBB|LOC106099062|LOC107133510	single nucleotide variant	not provided	G: Uncertain significance	criteria provided, single submitter			2020/01/12			11:5248516	11:5227286	1163520	VCV001163520	rs1152461
NM_000518.5(HBB):c.-273T>C	LOC107133510|HBB|LOC106099062	single nucleotide variant	METHEMOGLOBINEMIA, BETA TYPE, Erythrocytosis, familial, 6, Dominant beta-thalassemia, alpha Thalassemia, Beta-thalassemia HBB/LCRB, Heinz body anemia, Hereditary persistence of fetal hemoglobin, Hb SS disease, Malaria, susceptibility to, not provided	G: Benign/Likely benign	criteria provided, multiple submitters, no conflicts			2026/03/01			11:5248524	11:5227294	695336	VCV000695336	rs685291
NC_000011.10:g.5227411G>A	HBB|LOC106099062|LOC107133510	single nucleotide variant	not provided	G: Benign	criteria provided, single submitter			2018/11/12			11:5248641	11:5227411	869329	VCV000869329	rs857540
NC_000011.10:g.5227540G>A	HBB|LOC106099062|LOC107133510	single nucleotide variant	not provided	G: Benign	criteria provided, multiple submitters, no conflicts			2018/11/12			11:5248770	11:5227540	869330	VCV000869330	rs857541
NC_000011.10:g.5227562T>G	HBB|LOC106099062|LOC107133510	single nucleotide variant	not provided	G: Benign	criteria provided, multiple submitters, no conflicts			2021/06/20			11:5248792	11:5227562	1250619	VCV001250619	rs1239706
NC_000011.10:g.5284251_5289110del	HBB|HBB-LCR	Deletion	beta Thalassemia	G: Pathogenic	no assertion criteria provided			2019/11/25			11:5305477	11:5284247	869331	VCV000869331	rs857542
GRCh37/hg19 11p15.4(chr11:5187270-5268465)x1	HBB|HBD|OR51V1	copy number loss	not specified	G: Pathogenic	criteria provided, single submitter						11:5187270		4851147	VCV004851147	rs4962159
GRCh37/hg19 11p15.4(chr11:5187270-5268464)x1	HBB|HBD|OR51V1	copy number loss	not specified	G: Pathogenic	criteria provided, single submitter						11:5187270		4075915	VCV004075915	rs4188601
GRCh37/hg19 11p15.4(chr11:5244009-5253899)x1	HBB	copy number loss	not specified	G: Pathogenic	criteria provided, single submitter						11:5244009		4075885	VCV004075885	rs4188571
NC_000011.9:g.(?_5246693)_(5248302_?)del	HBB	Deletion	beta Thalassemia	G: Pathogenic	criteria provided, single submitter			2025/01/21			11:5246693		3769508	VCV003769508	rs3885661
GRCh37/hg19 11p15.4(chr11:5183175-5262245)x1	HBB|HBD|OR51V1	copy number loss	not provided	G: Uncertain significance	criteria provided, single submitter			2024/01/31			11:5183175		3392379	VCV003392379	rs3551459
NC_000011.9:g.(?_5246486)_(5247105_?)del	HBB	Deletion	not provided	G: Pathogenic	criteria provided, single submitter			2023/06/06			11:5246486		3244734	VCV003244734	rs3402097
NC_000011.9:g.(?_5247800)_(5255213_?)del	HBB|HBD	Deletion	not provided	G: Pathogenic	criteria provided, single submitter			2024/01/02			11:5247800		3244733	VCV003244733	rs3402096
NC_000011.9:g.(?_5246696)_(5248301_?)del	HBB	Deletion	not provided	G: Pathogenic	criteria provided, single submitter			2024/01/25			11:5246696		3244732	VCV003244732	rs3402095
NC_000011.9:g.(?_5246693)_(5246957_5247806)del	HBB	Deletion	beta Thalassemia	G: Pathogenic	criteria provided, single submitter			2024/02/05			11:5246693		3068890	VCV003068890	rs3228215
GRCh37/hg19 11p15.4(chr11:5187271-5258592)x1	HBB|HBD|OR51V1	copy number loss	not provided	G: Uncertain significance	criteria provided, single submitter			2023/01/23			11:5187271		2685395	VCV002685395	rs2846430
GRCh37/hg19 11p15.4(chr11:5183175-5269140)x1	HBB|HBD|OR51V1	copy number loss	not provided	G: Uncertain significance	criteria provided, single submitter			2023/04/17			11:5183175		2685394	VCV002685394	rs2846429
NC_000011.9:g.(5248030_5248159)_(5254322_5255220)del	HBD|HBB	Deletion	Hemoglobinopathy	G: Likely pathogenic	criteria provided, single submitter			2023/06/08			11:5248030		2573436	VCV002573436	rs2738382
GRCh37/hg19 11p15.4(chr11:5094756-5785959)x3	HBB|HBD|HBE1|HBG1|HBG2|OR51B2|OR51B4|OR51B5|OR51B6|OR51I1|OR51I2|OR51M1|OR51Q1|OR51V1|OR52A1|OR52A5|OR52B6|OR52D1|OR52H1|OR52N4|OR56B1|TRIM22|TRIM34|TRIM5|TRIM6|UBQLN3|UBQLNL	copy number gain	See cases	G: Likely benign	no assertion criteria provided			2023/06/19			11:5094756		2573338	VCV002573338	rs2738286
GRCh37/hg19 11p15.5-15.4(chr11:230615-8821443)x3	APBB1|ARFIP2|ASCL2|B4GALNT4|CCKBR|CD151|ART1|ART5|AP2A2|OR51I2|OR51L1|OR51M1|OR51Q1|OR51S1|OR51T1|OR51V1|OR52A1|OR52A5|OR52B2|OR52B4|OR52B6|OR52D1|OR52E2|OR52E4|OR52E6|OR52E8|OR52H1|OR52I1|OR52I2|OR52J3|OR52K1|OR52K2|OR52L1|OR52M1|OR52N1|OR52N2|OR52N4|OR52N5|OR52R1|OR52W1|OR56A1|OR56A3|OR56A4|OR56A5|OR56B1|OR56B4|OR5P2|OR5P3|OR6A2|OSBPL5|OVCH2|PGAP2|PGGHG|PHLDA2|PHRF1|PIDD1|PKP3|PNPLA2|POLR2L|PPFIBP2|PSMD13|PTDSS2|RASSF7|RBMXL2|RHOG|RIC3|RNH1|RPL27A|RPLP2|RRM1|RRP8|SCT|SIGIRR|SIRT3|SLC25A22|SLC67A1|SLC67A1-AS|SMPD1|SNORA3B|STIM1|STK33|SYT8|SYT9|TAF10|TALDO1|TH|TIMM10B|TMEM80|TNNI2|TNNT3|TOLLIP|TPP1|TRIM21|TRIM22|TRIM3|TRIM34|TRIM5|TRIM6|TRIM66|TRIM68|TRPM5|TSPAN32|TSPAN4|TSSC4|TUB|UBQLN3|UBQLNL|ZNF195|ZNF214|ZNF215|ANO9|BRSK2|C11orf21|C11orf40|C11orf42|CARS1|CAVIN3|CD81|CDHR5|CDKN1C|CEND1|CHID1|CHRNA10|CNGA4|CRACR2B|CTSD|CYB5R2|DCHS1|DEAF1|DENND2B|DNHD1|DRD4|DUSP8|EIF3F|EPS8L2|FHIP1B|GATD1|H19|HBB|HBD|HBE1|HBG1|HBG2|HPX|HRAS|IFITM1|IFITM10|IFITM2|IFITM3|IFITM5|IGF2|IGF2-AS|ILK|INS|INS-IGF2|IRF7|KCNQ1|KCNQ1DN|KCNQ1OT1|KRTAP5-1|KRTAP5-2|KRTAP5-3|KRTAP5-4|KRTAP5-5|KRTAP5-6|LMNTD2|LMNTD2-AS1|LMO1|LRRC56|LSP1|MIR210|MIR210HG|MMP26|MOB2|MRGPRE|MRGPRG|MRPL17|MRPL23|MUC2|MUC5AC|MUC5B|MUC6|NAP1L4|NLRP10|NLRP14|NLRP6|NUP98|OLFML1|OR10A2|OR10A3|OR10A4|OR10A5|OR10A6|OR2AG1|OR2AG2|OR2D2|OR2D3|OR51A2|OR51A4|OR51A7|OR51B2|OR51B4|OR51B5|OR51B6|OR51D1|OR51E1|OR51E2|OR51F1|OR51F2|OR51G1|OR51G2|OR51I1	copy number gain	Russell-Silver syndrome	G: Pathogenic	criteria provided, single submitter			2023/05/25			11:230615		2503522	VCV002503522	rs2668708
NC_000011.9:g.(?_5247870)_(5251001_?)del	HBB	Deletion	not provided	G: Pathogenic	criteria provided, single submitter			2022/09/26			11:5247870		2423190	VCV002423190	rs1949427
GRCh37/hg19 11p15.5-15.4(chr11:230616-8250724)x3	ANO9|AP2A2|APBB1|ARFIP2|ART1|ART5|ASCL2|B4GALNT4|BRSK2|C11orf21|C11orf40|C11orf42|CARS1|CAVIN3|CCKBR|CD151|CD81|CDHR5|CDKN1C|CEND1|CHID1|CHRNA10|CNGA4|CRACR2B|CTSD|CYB5R2|DCHS1|DEAF1|DNHD1|DRD4|DUSP8|EIF3F|EPS8L2|FHIP1B|GATD1|HPX|H19|HBB|HBD|HBE1|HBG1|HBG2|HRAS|IFITM1|IFITM10|IFITM2|IFITM3|IFITM5|IGF2|IGF2-AS|ILK|INS|INS-IGF2|IRF7|KCNQ1|KCNQ1DN|KCNQ1OT1|KRTAP5-1|KRTAP5-2|KRTAP5-3|KRTAP5-4|KRTAP5-5|KRTAP5-6|LMNTD2|LMNTD2-AS1|LMO1|LRRC56|LSP1|MIR210|MIR210HG|MMP26|MOB2|MRGPRE|MRGPRG|MRPL17|MRPL23|MUC2|MUC5AC|MUC5B|MUC6|NAP1L4|NLRP10|NLRP14|NLRP6|NUP98|OLFML1|OR10A2|OR10A3|OR10A4|OR10A5|OR10A6|OR2AG1|OR2AG2|OR2D2|OR2D3|OR51A2|OR51A4|OR51A7|OR51B2|OR51B4|OR51B5|OR51B6|OR51D1|OR51E1|OR51E2|OR51F1|OR51F2|OR51G1|OR51G2|OR51I1|OR51I2|OR51L1|OR51M1|OR51Q1|OR51S1|OR51T1|OR51V1|OR52A1|OR52A5|OR52B2|OR52B4|OR52B6|OR52D1|OR52E2|OR52E4|OR52E6|OR52E8|OR52H1|OR52I1|OR52I2|OR52J3|OR52K1|OR52K2|OR52L1|OR52M1|OR52N1|OR52N2|OR52N4|OR52N5|OR52R1|OR52W1|OR56A1|OR56A3|OR56A4|OR56A5|OR56B1|OR56B4|OR5P2|OR5P3|OR6A2|OSBPL5|OVCH2|PGAP2|PGGHG|PHLDA2|PHRF1|PIDD1|PKP3|PNPLA2|POLR2L|PPFIBP2|PSMD13|PTDSS2|RASSF7|RBMXL2|RHOG|RIC3|RNH1|RPLP2|RRM1|RRP8|SCT|SIGIRR|SIRT3|SLC25A22|SLC67A1|SLC67A1-AS|SMPD1|STIM1|SYT8|SYT9|TAF10|TALDO1|TH|TIMM10B|TMEM80|TNNI2|TNNT3|TOLLIP|TPP1|TRIM21|TRIM22|TRIM3|TRIM34|TRIM5|TRIM6|TRIM68|TRPM5|TSPAN32|TSPAN4|TSSC4|TUB|UBQLN3|UBQLNL|ZNF195|ZNF214|ZNF215	copy number gain	not provided	G: Pathogenic	criteria provided, single submitter			2021/12/23			11:230616		1807629	VCV001807629	rs1864633
GRCh37/hg19 11p15.4(chr11:5198944-5255663)x1	HBB|HBD|OR51V1	copy number loss	not provided	G: Pathogenic	criteria provided, single submitter			2022/08/01			11:5198944		1711331	VCV001711331	rs1709747
GRCh37/hg19 11p15.5-14.2(chr11:230615-26881146)x3	ABCC8|ADM|AKIP1|AMPD3|ANO3|ANO5|ANO9|AP2A2|APBB1|ARFIP2|ART1|ART5|ASCL2|ASCL3|B4GALNT4|BMAL1|BRSK2|BTBD10|C11orf16|C11orf21|C11orf40|C11orf42|C11orf58|CALCA|CALCB|CARS1|CAVIN3|CCDC179|CCKBR|CD151|CD81|CDHR5|CDKN1C|CEND1|CHID1|CHRNA10|CNGA4|COPB1|CRACR2B|CSNK2A3|CSRP3|CTR9|CTSD|CYB5R2|CYP2R1|DBX1|DCHS1|DEAF1|DENND2B|DENND5A|DKK3|DNHD1|DRD4|DUSP8|E2F8|EIF3F|EIF4G2|EPS8L2|FANCF|FAR1|FHIP1B|GALNT18|GAS2|GATD1|GTF2H1|H19|HBB|HBD|HBE1|HBG1|HBG2|HPS5|HPX|HRAS|HTATIP2|IFITM1|IFITM10|IFITM2|IFITM3|IFITM5|IGF2|IGF2-AS|IGSF22|ILK|INS|INS-IGF2|INSC|IPO7|IRAG1|IRF7|KCNC1|KCNJ11|KCNQ1|KCNQ1DN|KCNQ1OT1|KRTAP5-1|KRTAP5-2|KRTAP5-3|KRTAP5-4|KRTAP5-5|KRTAP5-6|LDHA|LDHAL6A|LDHC|LMNTD2|LMNTD2-AS1|LMO1|LRRC56|LSP1|LUZP2|LYVE1|MICAL2|MICALCL|MIR210|MIR210HG|MMP26|MOB2|MRGPRE|MRGPRG|MRGPRX1|MRGPRX2|MRGPRX3|MRGPRX4|MRPL17|MRPL23|MTRNR2L8|MUC15|MUC2|MUC5AC|MUC5B|MUC6|MYOD1|NAP1L4|NAV2|NCR3LG1|NELL1|NLRP10|NLRP14|NLRP6|NRIP3|NUCB2|NUP98|OLFML1|OR10A2|OR10A3|OR10A4|OR10A5|OR10A6|OR2AG1|OR2AG2|OR2D2|OR2D3|OR51A2|OR51A4|OR51A7|OR51B2|OR51B4|OR51B5|OR51B6|OR51D1|OR51E1|OR51E2|OR51F1|OR51F2|OR51G1|OR51G2|OR51I1|OR51I2|OR51L1|OR51M1|OR51Q1|OR51S1|OR51T1|OR51V1|OR52A1|OR52A5|OR52B2|OR52B4|OR52B6|OR52D1|OR52E2|OR52E4|OR52E6|OR52E8|OR52H1|OR52I1|OR52I2|OR52J3|OR52K1|OR52K2|OR52L1|OR52M1|OR52N1|OR52N2|OR52N4|OR52N5|OR52R1|OR52W1|OR56A1|OR56A3|OR56A4|OR56A5|OR56B1|OR56B4|OR5P2|OR5P3|OR6A2|OSBPL5|OTOG|OVCH2|PARVA|PDE3B|PGAP2|PGGHG|PHLDA2|PHRF1|PIDD1|PIK3C2A|PKP3|PLEKHA7|PNPLA2|POLR2L|PPFIBP2|PRMT3|PSMA1|PSMD13|PTDSS2|PTH|PTPN5|RASSF10|RASSF7|RBMXL2|RHOG|RIC3|RNF141|RNH1|RPL27A|RPLP2|RPS13|RRAS2|RRM1|RRP8|SAA1|SAA2|SAA2-SAA4|SAA4|SAAL1|SBF2|SCT|SCUBE2|SERGEF|SIGIRR|SIRT3|SLC17A6|SLC25A22|SLC5A12|SLC67A1|SLC67A1-AS|SLC6A5|SMPD1|SNORA3B|SOX6|SPON1|SPTY2D1|STIM1|STK33|SVIP|SWAP70|SYT8|SYT9|TAF10|TALDO1|TEAD1|TH|TIMM10B|TMEM41B|TMEM80|TMEM86A|TMEM9B|TNNI2|TNNT3|TOLLIP|TPH1|TPP1|TRIM21|TRIM22|TRIM3|TRIM34|TRIM5|TRIM6|TRIM66|TRIM68|TRPM5|TSG101|TSPAN32|TSPAN4|TSSC4|TUB|UBQLN3|UBQLNL|UEVLD|USH1C|USP47|WEE1|ZBED5|ZDHHC13|ZNF143|ZNF195|ZNF214|ZNF215	copy number gain	See cases	G: Pathogenic	no assertion criteria provided						11:230615		1707435	VCV001707435	rs1705743
NC_000011.9:g.(?_5145468)_(5247440_?)del	HBB|OR51V1|OR52A1|OR52A5	Deletion	not provided	G: Pathogenic	criteria provided, single submitter			2021/05/13			11:5145468		1455047	VCV001455047	rs1441533
GRCh37/hg19 11p15.4(chr11:5187270-5268465)x1	HBB|HBD|OR51V1	copy number loss	not provided	G: Uncertain significance	criteria provided, single submitter			2023/03/02			11:5187270		1341261	VCV001341261	rs1332469
GRCh37/hg19 11p15.5-15.4(chr11:230615-5525355)x3	ANO9|AP2A2|ART1|ART5|ASCL2|B4GALNT4|BRSK2|C11orf21|C11orf40|CARS1|CD151|CD81|CDHR5|CDKN1C|CEND1|CHID1|CHRNA10|CRACR2B|CTSD|DEAF1|DRD4|DUSP8|EPS8L2|GATD1|H19|HBB|HBD|HBE1|HBG1|HBG2|HRAS|IFITM1|IFITM10|IFITM2|IFITM3|IFITM5|IGF2|IGF2-AS|INS|INS-IGF2|IRF7|KCNQ1|KCNQ1DN|KCNQ1OT1|KRTAP5-1|KRTAP5-2|KRTAP5-3|KRTAP5-4|KRTAP5-5|KRTAP5-6|LMNTD2|LMNTD2-AS1|LRRC56|LSP1|MIR210|MIR210HG|MMP26|MOB2|MRGPRE|MRGPRG|MRPL23|MUC2|MUC5AC|MUC5B|MUC6|NAP1L4|NLRP6|NUP98|OR51A2|OR51A4|OR51A7|OR51B2|OR51B4|OR51B5|OR51B6|OR51D1|OR51E1|OR51E2|OR51F1|OR51F2|OR51G1|OR51G2|OR51I1|OR51I2|OR51L1|OR51M1|OR51Q1|OR51S1|OR51T1|OR51V1|OR52A1|OR52A5|OR52B4|OR52D1|OR52E2|OR52I1|OR52I2|OR52J3|OR52K1|OR52K2|OR52M1|OR52R1|OSBPL5|PGAP2|PGGHG|PHLDA2|PHRF1|PIDD1|PKP3|PNPLA2|POLR2L|PSMD13|PTDSS2|RASSF7|RHOG|RNH1|RPLP2|RRM1|SCT|SIGIRR|SIRT3|SLC25A22|SLC67A1|SLC67A1-AS|STIM1|SYT8|TALDO1|TH|TMEM80|TNNI2|TNNT3|TOLLIP|TRIM21|TRIM68|TRPM5|TSPAN32|TSPAN4|TSSC4|ZNF195	copy number gain	not provided	G: not provided	no classification provided						11:230615		1339886	VCV001339886	rs1331096
NC_000011.9:g.(?_5246695)_(5255713_?)del	HBB|HBD	Deletion	Hemoglobinopathy	G: Pathogenic	criteria provided, single submitter			2021/01/08			11:5246695		996224	VCV000996224	rs983932
NC_000011.9:g.(5246957_5247806)_(5248302_?)del	HBB	Deletion	beta Thalassemia	G: Pathogenic	criteria provided, single submitter			2020/10/02			11:5246957		984497	VCV000984497	rs972531
NC_000011.10:g.(?_5225465)_(5227072_?)del	HBB	Deletion	beta Thalassemia	G: Pathogenic	criteria provided, single submitter			2019/06/10			11:5246695		982009	VCV000982009	rs970074
GRCh37/hg19 11p15.5-15.4(chr11:210300-8664358)x3	RIC8A|RNH1|RPLP2|RRM1|RRP8|SCT|SIGIRR|SIRT3|SLC25A22|SYT8|SYT9|TH|TRIM22|TIMM10B|TMEM80|TNNI2|TNNT3|TRIM3|TRIM34|TOLLIP|TPP1|TRIM21|TAF10|TALDO1|ANO9|AP2A2|APBB1|ARFIP2|ART1|ART5|ASCL2|B4GALNT4|BRSK2|C11orf21|C11orf40|C11orf42|CARS1|CAVIN3|CCKBR|CD151|CD81|CDHR5|CDKN1C|CEND1|CHID1|CHRNA10|CNGA4|CRACR2B|CTSD|CYB5R2|DCHS1|DEAF1|DNHD1|DRD4|DUSP8|EIF3F|EPS8L2|FHIP1B|GATD1|HPX|H19|HBB|HBD|HBE1|HBG1|HBG2|HRAS|IFITM1|IFITM10|IFITM2|IFITM3|IFITM5|IGF2|IGF2-AS|ILK|INS|INS-IGF2|IRF7|KCNQ1|KCNQ1DN|KCNQ1OT1|KRTAP5-1|KRTAP5-2|KRTAP5-3|KRTAP5-4|KRTAP5-5|KRTAP5-6|LMNTD2|LMNTD2-AS1|LMO1|LRRC56|LSP1|MIR210|MIR210HG|MMP26|MOB2|MRGPRE|MRGPRG|MRPL17|MRPL23|MUC2|MUC5AC|MUC5B|MUC6|NAP1L4|NLRP10|NLRP14|NLRP6|NUP98|OLFML1|OR10A2|OR10A3|OR10A4|OR10A5|OR10A6|OR2AG1|OR2AG2|OR2D2|OR2D3|OR51A2|OR51A4|OR51A7|OR51B2|OR51B4|OR51B5|OR51B6|OR51D1|OR51E1|OR51E2|OR51F1|OR51F2|OR51G1|OR51G2|OR51I1|OR51I2|OR51L1|OR51M1|OR51Q1|OR51S1|OR51T1|OR51V1|OR52A1|OR52A5|OR52B2|OR52B4|OR52B6|OR52D1|OR52E2|OR52E4|OR52E6|OR52E8|OR52H1|OR52I1|OR52I2|OR52J3|OR52K1|OR52K2|OR52L1|OR52M1|OR52N1|OR52N2|OR52N4|OR52N5|OR52R1|OR52W1|OR56A1|OR56A3|OR56A4|OR56A5|OR56B1|OR56B4|OR5P2|OR5P3|OR6A2|OSBPL5|OVCH2|PGAP2|PGGHG|PHLDA2|PHRF1|PIDD1|PKP3|PNPLA2|POLR2L|PPFIBP2|PSMD13|PTDSS2|RASSF7|RBMXL2|RHOG|RIC3|SLC67A1|SLC67A1-AS|SMPD1|STIM1|STK33|TRIM5|TRIM6|TRIM66|TRIM68|TRPM5|TSPAN32|TSPAN4|TSSC4|TUB|UBQLN3|UBQLNL|ZNF195|ZNF214|ZNF215	copy number gain	Silver-Russell syndrome 1	G: Pathogenic	no assertion criteria provided						11:210300		981209	VCV000981209	rs969295
NC_000011.10:g.(?_5225365)_(5227294_?)del	HBB	Deletion	not provided	G: Pathogenic	criteria provided, single submitter			2022/10/15			11:5246595		832425	VCV000832425	rs820382
NC_000011.10:g.(?_5225466)_(5227294_?)del	HBB	Deletion	not provided	G: Pathogenic	criteria provided, single submitter			2019/04/30			11:5246696		831400	VCV000831400	rs820383
GRCh37/hg19 11p15.4(chr11:5187270-5262621)x1	HBB|HBD|OR51V1	copy number loss	not provided	G: Uncertain significance	criteria provided, single submitter			2025/05/07			11:5187270		815403	VCV000815403	rs803612
GRCh37/hg19 11p15.4(chr11:5187269-5268465)x1	HBB|HBD|OR51V1	copy number loss	not provided	G: Uncertain significance	criteria provided, single submitter			2022/05/26			11:5187269		815402	VCV000815402	rs803611
GRCh37/hg19 11p15.4(chr11:5132252-5251954)x1	HBB|OR52A1|OR51V1|OR52A5	copy number loss	not provided	G: Uncertain significance	no assertion criteria provided			2019/01/07			11:5132252		815401	VCV000815401	rs803610
GRCh37/hg19 11p15.4(chr11:5112523-5336304)x1	HBD|OR52A1|HBE1|HBB|OR52A5|OR51B4|HBG2|HBG1|OR51V1	copy number loss	not provided	G: Pathogenic	no assertion criteria provided			2018/08/30			11:5112523		815400	VCV000815400	rs803609
GRCh37/hg19 11p15.5-13(chr11:235934-33826995)x3	AP2A2|CHID1|FAR1|FHIP1B|CSRP3|CSTF3|CTR9|CYB5R2|CYP2R1|DBX1|CTSD|CNGA4|COPB1|CRACR2B|CSNK2A3|FBXO3|ART1|ART5|ASCL2|ASCL3|B4GALNT4|BBOX1|BDNF|BDNF-AS|ARFIP2|ARL14EP|CHRNA10|APBB1|ABCC8|ADM|AKIP1|AMPD3|ANO3|ANO5|ANO9|BMAL1|BRSK2|BTBD10|C11orf16|C11orf21|C11orf40|C11orf42|C11orf58|C11orf91|CALCA|CALCB|CARS1|CAVIN3|CCDC179|CCDC34|CCDC73|CCKBR|CD151|CD59|CD81|CDHR5|CDKN1C|CEND1|DCDC1|DCHS1|DEAF1|DENND2B|DENND5A|DEPDC7|DKK3|DNAJC24|DNHD1|DRD4|DUSP8|E2F8|EIF3F|EIF3M|EIF4G2|ELP4|EPS8L2|FANCF|FIBIN|FSHB|GALNT18|GAS2|GATD1|GTF2H1|H19|HBB|HBD|HBE1|HBG1|HBG2|HIPK3|HPS5|HPX|HRAS|HTATIP2|IFITM1|IFITM10|IFITM2|IFITM3|IFITM5|IGF2|IGF2-AS|IGSF22|ILK|IMMP1L|INS|INS-IGF2|INSC|IPO7|IRAG1|IRF7|KCNA4|KCNC1|KCNJ11|KCNQ1|KCNQ1DN|KCNQ1OT1|KIAA1549L|KIF18A|KRTAP5-1|KRTAP5-2|KRTAP5-3|KRTAP5-4|KRTAP5-5|KRTAP5-6|LDHA|LDHAL6A|LDHC|LGR4|LIN7C|LINC00294|LMNTD2|LMNTD2-AS1|LMO1|LRRC56|LSP1|LUZP2|LYVE1|METTL15|MICAL2|MICALCL|MIR210|MIR210HG|MIR610|MMP26|MOB2|MPPED2|MRGPRE|MRGPRG|MRGPRX1|MRGPRX2|MRGPRX3|MRGPRX4|MRPL17|MRPL23|MTRNR2L8|MUC15|MUC2|MUC5AC|MUC5B|MUC6|MYOD1|NAP1L4|NAV2|NCR3LG1|NELL1|NLRP10|NLRP14|NLRP6|NRIP3|NUCB2|NUP98|OLFML1|OR10A2|OR10A3|OR10A4|OR10A5|OR10A6|OR2AG1|OR2AG2|OR2D2|OR2D3|OR51A2|OR51A4|OR51A7|OR51B2|OR51B4|OR51B5|OR51B6|OR51D1|OR51E1|OR51E2|OR51F1|OR51F2|OR51G1|OR51G2|OR51I1|OR51I2|OR51L1|OR51M1|OR51Q1|OR51S1|OR51T1|OR51V1|OR52A1|OR52A5|OR52B2|OR52B4|OR52B6|OR52D1|OR52E2|OR52E4|OR52E6|OR52E8|OR52H1|OR52I1|OR52I2|OR52J3|OR52K1|OR52K2|OR52L1|OR52M1|OR52N1|OR52N2|OR52N4|OR52N5|OR52R1|OR52W1|OR56A1|OR56A3|OR56A4|OR56A5|OR56B1|OR56B4|OR5P2|OR5P3|OR6A2|OSBPL5|OTOG|OVCH2|PARVA|PHRF1|PAX6|PDE3B|PGAP2|PGGHG|PHLDA2|PIDD1|PIK3C2A|PKP3|PLEKHA7|PNPLA2|POLR2L|PPFIBP2|PRMT3|PRRG4|PSMA1|PSMD13|PTDSS2|PTH|PTPN5|QSER1|RASSF10|RASSF7|RBMXL2|RCN1|RHOG|RIC3|RNF141|RNH1|RPL27A|RPLP2|RPS13|RRAS2|RRM1|RRP8|SAA1|SAA2|SAA2-SAA4|SAA4|SAAL1|SBF2|SCT|SCUBE2|SERGEF|SIGIRR|SIRT3|SLC17A6|SLC25A22|SLC5A12|SLC67A1|SLC67A1-AS|SLC6A5|SMPD1|SNORA3B|SOX6|SPON1|SPTY2D1|STIM1|STK33|SVIP|SWAP70|SYT8|SYT9|TAF10|TALDO1|TCP11L1|TEAD1|TH|TIMM10B|TMEM41B|TMEM80|TMEM86A|TMEM9B|TNNI2|TNNT3|TOLLIP|TPH1|TPP1|TRIM21|TRIM22|TRIM3|TRIM34|TRIM5|TRIM6|TRIM66|TRIM68|TRPM5|TSG101|TSPAN32|TSPAN4|TSSC4|TUB|UBQLN3|UBQLNL|UEVLD|USH1C|USP47|WEE1|WT1|WT1-AS|ZBED5|ZDHHC13|ZNF143|ZNF195|ZNF214|ZNF215	copy number gain	not provided	G: Pathogenic	no assertion criteria provided			2018/10/24			11:235934		815395	VCV000815395	rs803604
GRCh37/hg19 11p15.5-15.3(chr11:193146-12643136)	EIF3F|EIF4G2|EPS8L2|FHIP1B|GALNT18|GATD1|HPX|IRAG1|MOB2|LMNTD2|LMO1|LRRC56|LSP1|LYVE1|MICAL2|MICALCL|IRF7|MIR210|MIR210HG|MMP26|LMNTD2-AS1|ADM|AKIP1|AMPD3|ANO9|AP2A2|APBB1|ARFIP2|ART1|ART5|ASCL2|ASCL3|B4GALNT4|BET1L|BRSK2|C11orf16|C11orf21|C11orf40|C11orf42|CARS1|CAVIN3|CCKBR|CD151|CD81|CDHR5|CDKN1C|CEND1|CHID1|CHRNA10|CIMAP1A|CNGA4|CRACR2B|CSNK2A3|CTR9|CTSD|CYB5R2|DCHS1|DEAF1|DENND2B|DENND5A|DKK3|DNHD1|DRD4|DUSP8|H19|HBB|HBD|HBE1|HBG1|HBG2|HRAS|IFITM1|IFITM10|IFITM2|IFITM3|IFITM5|IGF2|IGF2-AS|ILK|INS|INS-IGF2|IPO7|KCNQ1|KCNQ1DN|KCNQ1OT1|KRTAP5-1|KRTAP5-2|KRTAP5-3|KRTAP5-4|KRTAP5-5|KRTAP5-6|MRGPRE|MRGPRG|MRPL17|MRPL23|MTRNR2L8|MUC2|MUC5AC|MUC5B|MUC6|NAP1L4|NLRP10|NLRP14|NLRP6|NRIP3|NUP98|OLFML1|OR10A2|OR10A3|OR10A4|OR10A5|OR10A6|OR2AG1|OR2AG2|OR2D2|OR2D3|OR51A2|OR51A4|OR51A7|OR51B2|OR51B4|OR51B5|OR51B6|OR51D1|OR51E1|OR51E2|OR51F1|OR51F2|OR51G1|OR51G2|OR51I1|OR51I2|OR51L1|OR51M1|OR51Q1|OR51S1|OR51T1|OR51V1|OR52A1|OR52A5|OR52B2|OR52B4|OR52B6|OR52D1|OR52E2|OR52E4|OR52E6|OR52E8|OR52H1|OR52I1|OR52I2|OR52J3|OR52K1|OR52K2|OR52L1|OR52M1|OR52N1|OR52N2|OR52N4|OR52N5|OR52R1|OR52W1|OR56A1|OR56A3|OR56A4|OR56A5|OR56B1|OR56B4|OR5P2|OR5P3|OR6A2|OSBPL5|OVCH2|PARVA|PGAP2|PGGHG|PHLDA2|PHRF1|PIDD1|PKP3|PNPLA2|POLR2L|PPFIBP2|PSMD13|PTDSS2|RASSF7|RBMXL2|RHOG|RIC3|RIC8A|RNF141|RNH1|RPL27A|RPLP2|RRM1|RRP8|SBF2|SCGB1C1|SCT|SCUBE2|SIGIRR|SIRT3|SLC25A22|SLC67A1|SLC67A1-AS|SMPD1|SNORA3B|STIM1|STK33|SWAP70|SYT8|SYT9|TAF10|TALDO1|TH|TIMM10B|TMEM41B|TMEM80|TMEM9B|TNNI2|TNNT3|TOLLIP|TPP1|TRIM21|TRIM22|TRIM3|TRIM34|TRIM5|TRIM6|TRIM66|TRIM68|TRPM5|TSPAN32|TSPAN4|TSSC4|TUB|UBQLN3|UBQLNL|USP47|WEE1|ZBED5|ZNF143|ZNF195|ZNF214|ZNF215	copy number gain	Silver-Russell syndrome 1	G: Pathogenic	criteria provided, single submitter			2018/11/01			11:193146		625559	VCV000625559	rs613863
GRCh37/hg19 11p15.5-15.1(chr11:230615-17099213)x3	HBG2|HPX|HRAS|IFITM1|IFITM10|IFITM2|IFITM3|IFITM5|IGF2|IGF2-AS|ILK|INS|INS-IGF2|INSC|IPO7|IRAG1|IRF7|LMNTD2|KCNQ1|KCNQ1DN|KCNQ1OT1|KRTAP5-1|KRTAP5-2|KRTAP5-3|KRTAP5-4|KRTAP5-5|KRTAP5-6|LMNTD2-AS1|LMO1|LRRC56|LSP1|LYVE1|MICAL2|MICALCL|MIR210|MIR210HG|MMP26|MOB2|MRGPRE|MRGPRG|MRPL17|MRPL23|MTRNR2L8|MUC2|MUC5AC|MUC5B|MUC6|NAP1L4|NLRP10|NLRP14|NLRP6|NRIP3|NUP98|OLFML1|OR10A2|OR10A3|OR10A4|OR10A5|OR10A6|OR2AG1|OR2AG2|OR2D2|OR2D3|OR51A2|OR51A4|OR51A7|OR51B2|OR51B4|OR51B5|OR51B6|OR51D1|OR51E1|OR51E2|OR51F1|OR51F2|OR51G1|OR51G2|OR51I1|OR51I2|OR51L1|OR51M1|OR51Q1|OR51S1|OR51T1|OR51V1|OR52A1|OR52A5|OR52B2|OR52B4|OR52B6|OR52D1|OR52E2|OR52E4|OR52E6|OR52E8|OR52H1|OR52I1|OR52I2|OR52J3|OR52K1|OR52K2|OR52L1|OR52M1|OR52N1|OR52N2|OR52N4|OR52N5|OR52R1|OR52W1|OR56A1|OR56A3|OR56A4|OR56A5|OR56B1|OR56B4|OR5P2|OR5P3|OR6A2|OSBPL5|OVCH2|PARVA|PDE3B|PGAP2|PGGHG|PHLDA2|PHRF1|PIDD1|PKP3|PLEKHA7|PNPLA2|POLR2L|PPFIBP2|PSMA1|PSMD13|PTDSS2|PTH|RASSF10|RASSF7|RBMXL2|RHOG|RIC3|RNF141|RNH1|RPL27A|RPLP2|RPS13|RRAS2|RRM1|RRP8|SBF2|SCT|SCUBE2|SIGIRR|SIRT3|SLC25A22|SLC67A1|SLC67A1-AS|SMPD1|SNORA3B|SOX6|SPON1|STIM1|STK33|SWAP70|SYT8|SYT9|TAF10|TALDO1|TEAD1|TH|TIMM10B|TMEM41B|TMEM80|TMEM9B|TNNI2|TNNT3|TOLLIP|TPP1|TRIM21|TRIM22|TRIM3|TRIM34|TRIM5|TRIM6|TRIM66|TRIM68|TRPM5|TSPAN32|TSPAN4|TSSC4|TUB|UBQLN3|UBQLNL|USP47|WEE1|ZBED5|ZNF143|ZNF195|ZNF214|ZNF215|ADM|AKIP1|AMPD3|ANO9|AP2A2|APBB1|ARFIP2|ART1|ART5|ASCL2|ASCL3|B4GALNT4|BMAL1|BRSK2|BTBD10|C11orf16|C11orf21|C11orf40|C11orf42|C11orf58|CALCA|CALCB|CARS1|CAVIN3|CCKBR|CD151|CD81|CDHR5|CDKN1C|CEND1|CHID1|CHRNA10|CNGA4|COPB1|CRACR2B|CSNK2A3|CTR9|CTSD|CYB5R2|CYP2R1|DCHS1|DEAF1|DENND2B|DENND5A|DKK3|DNHD1|DRD4|DUSP8|EIF3F|EIF4G2|EPS8L2|FAR1|FHIP1B|GALNT18|GATD1|H19|HBB|HBD|HBE1|HBG1	copy number gain	not provided	G: Pathogenic	no assertion criteria provided			2017/11/13			11:230615		563883	VCV000563883	rs555067
GRCh37/hg19 11p15.5-15.4(chr11:230615-9704511)x3	AKIP1|ANO9|AP2A2|APBB1|ARFIP2|ART1|ART5|ASCL2|ASCL3|B4GALNT4|BRSK2|C11orf16|C11orf21|C11orf40|C11orf42|CARS1|CAVIN3|CCKBR|CD151|CD81|CDHR5|CDKN1C|CEND1|CHID1|CHRNA10|CNGA4|CRACR2B|CTSD|CYB5R2|DCHS1|DEAF1|DENND2B|DENND5A|DNHD1|DRD4|DUSP8|EIF3F|EPS8L2|FHIP1B|GATD1|H19|HBB|HBD|HBE1|HBG1|HBG2|HPX|HRAS|IFITM1|IFITM10|IFITM2|IFITM3|IFITM5|IGF2|IGF2-AS|ILK|INS|INS-IGF2|IPO7|IRF7|KCNQ1|KCNQ1DN|KCNQ1OT1|KRTAP5-1|KRTAP5-2|KRTAP5-3|KRTAP5-4|KRTAP5-5|KRTAP5-6|LMNTD2|LMNTD2-AS1|LMO1|LRRC56|LSP1|MIR210|MIR210HG|MMP26|MOB2|MRGPRE|MRGPRG|MRPL17|MRPL23|MUC2|MUC5AC|MUC5B|MUC6|NAP1L4|NLRP10|NLRP14|NLRP6|NRIP3|NUP98|OLFML1|OR10A2|OR10A3|OR10A4|OR10A5|OR10A6|OR2AG1|OR2AG2|OR2D2|OR2D3|OR51A2|OR51A4|OR51A7|OR51B2|OR51B4|OR51B5|OR51B6|OR51D1|OR51E1|OR51E2|OR51F1|OR51F2|OR51G1|OR51G2|OR51I1|OR51I2|OR51L1|OR51M1|OR51Q1|OR51S1|OR51T1|OR51V1|OR52A1|OR52A5|OR52B2|OR52B4|OR52B6|OR52D1|OR52E2|OR52E4|OR52E6|OR52E8|OR52H1|OR52I1|OR52I2|OR52J3|OR52K1|OR52K2|OR52L1|OR52M1|OR52N1|OR52N2|OR52N4|OR52N5|OR52R1|OR52W1|OR56A1|OR56A3|OR56A4|OR56A5|OR56B1|OR56B4|OR5P2|OR5P3|OR6A2|OSBPL5|OVCH2|PGAP2|PGGHG|PHLDA2|PHRF1|PIDD1|PKP3|PNPLA2|POLR2L|PPFIBP2|PSMD13|PTDSS2|RASSF7|RBMXL2|RHOG|RIC3|RNH1|RPL27A|RPLP2|RRM1|RRP8|SCT|SCUBE2|SIGIRR|SIRT3|SLC25A22|SLC67A1|SLC67A1-AS|SMPD1|SNORA3B|STIM1|STK33|SWAP70|SYT8|SYT9|TAF10|TALDO1|TH|TIMM10B|TMEM41B|TMEM80|TMEM9B|TNNI2|TNNT3|TOLLIP|TPP1|TRIM21|TRIM22|TRIM3|TRIM34|TRIM5|TRIM6|TRIM66|TRIM68|TRPM5|TSPAN32|TSPAN4|TSSC4|TUB|UBQLN3|UBQLNL|WEE1|ZNF143|ZNF195|ZNF214|ZNF215	copy number gain	not provided	G: Pathogenic	no assertion criteria provided			2018/03/30			11:230615		563880	VCV000563880	rs555064
GRCh37/hg19 11p15.4(chr11:5175476-5258592)x1	OR51V1|HBD|HBB	copy number loss	not provided	G: Uncertain significance	no assertion criteria provided			2019/07/27			11:5175476		563812	VCV000563812	rs554996
GRCh37/hg19 11p15.5-13(chr11:230615-31995219)x3	ABCC8|ADM|AKIP1|AMPD3|ANO3|ANO5|ANO9|AP2A2|APBB1|ARFIP2|ARL14EP|ART1|ART5|ASCL2|ASCL3|B4GALNT4|BBOX1|BDNF|BDNF-AS|BMAL1|BRSK2|BTBD10|C11orf16|C11orf21|C11orf40|C11orf42|C11orf58|CALCA|CALCB|CARS1|CAVIN3|CCDC179|CCDC34|CCKBR|CD151|CD81|CDHR5|CDKN1C|CEND1|CHID1|CHRNA10|CNGA4|COPB1|CRACR2B|CSNK2A3|CSRP3|CTR9|CTSD|CYB5R2|CYP2R1|DBX1|DCDC1|DCHS1|DEAF1|DENND2B|DENND5A|DKK3|DNAJC24|DNHD1|DRD4|DUSP8|E2F8|EIF3F|EIF4G2|ELP4|EPS8L2|FANCF|FAR1|FHIP1B|FIBIN|FSHB|GALNT18|GAS2|GATD1|GTF2H1|H19|HBB|HBD|HBE1|HBG1|HBG2|HPS5|HPX|HRAS|HTATIP2|IFITM1|IFITM10|IFITM2|IFITM3|IFITM5|IGF2|IGF2-AS|IGSF22|ILK|IMMP1L|INS|INS-IGF2|INSC|IPO7|IRAG1|IRF7|KCNA4|KCNC1|KCNJ11|KCNQ1|KCNQ1DN|KCNQ1OT1|KIF18A|KRTAP5-1|KRTAP5-2|KRTAP5-3|KRTAP5-4|KRTAP5-5|KRTAP5-6|LDHA|LDHAL6A|LDHC|LGR4|LIN7C|LMNTD2|LMNTD2-AS1|LMO1|LRRC56|LSP1|LUZP2|LYVE1|METTL15|MICAL2|MICALCL|MIR210|MIR210HG|MIR610|MMP26|MOB2|MPPED2|MRGPRE|MRGPRG|MRGPRX1|MRGPRX2|MRGPRX3|MRGPRX4|MRPL17|MRPL23|MTRNR2L8|MUC15|MUC2|MUC5AC|MUC5B|MUC6|MYOD1|NAP1L4|NAV2|NCR3LG1|NELL1|NLRP10|NLRP14|NLRP6|NRIP3|NUCB2|NUP98|OLFML1|OR10A2|OR10A3|OR10A4|OR10A5|OR10A6|OR2AG1|OR2AG2|OR2D2|OR2D3|OR51A2|OR51A4|OR51A7|OR51B2|OR51B4|OR51B5|OR51B6|OR51D1|OR51E1|OR51E2|OR51F1|OR51F2|OR51G1|OR51G2|OR51I1|OR51I2|OR51L1|OR51M1|OR51Q1|OR51S1|OR51T1|OR51V1|OR52A1|OR52A5|OR52B2|OR52B4|OR52B6|OR52D1|OR52E2|OR52E4|OR52E6|OR52E8|OR52H1|OR52I1|OR52I2|OR52J3|OR52K1|OR52K2|OR52L1|OR52M1|OR52N1|OR52N2|OR52N4|OR52N5|OR52R1|OR52W1|OR56A1|OR56A3|OR56A4|OR56A5|OR56B1|OR56B4|OR5P2|OR5P3|OR6A2|OSBPL5|OTOG|OVCH2|PARVA|PAX6|PDE3B|PGAP2|PGGHG|PHLDA2|PHRF1|PIDD1|PIK3C2A|PKP3|PLEKHA7|PNPLA2|POLR2L|PPFIBP2|PRMT3|PSMA1|PSMD13|PTDSS2|PTH|PTPN5|RASSF10|RASSF7|RBMXL2|RHOG|RIC3|RNF141|RNH1|RPL27A|RPLP2|RPS13|RRAS2|RRM1|RRP8|SAA1|SAA2|SAA2-SAA4|SAA4|SAAL1|SBF2|SCT|SCUBE2|SERGEF|SIGIRR|SIRT3|SLC17A6|SLC25A22|SLC5A12|SLC67A1|SLC67A1-AS|SLC6A5|SMPD1|SNORA3B|SOX6|SPON1|SPTY2D1|STIM1|STK33|SVIP|SWAP70|SYT8|SYT9|TAF10|TALDO1|TEAD1|TH|TIMM10B|TMEM41B|TMEM80|TMEM86A|TMEM9B|TNNI2|TNNT3|TOLLIP|TPH1|TPP1|TRIM21|TRIM22|TRIM3|TRIM34|TRIM5|TRIM6|TRIM66|TRIM68|TRPM5|TSG101|TSPAN32|TSPAN4|TSSC4|TUB|UBQLN3|UBQLNL|UEVLD|USH1C|USP47|WEE1|ZBED5|ZDHHC13|ZNF143|ZNF195|ZNF214|ZNF215	copy number gain	See cases	G: Pathogenic	no assertion criteria provided			2014/05/16			11:230615		441985	VCV000441985	rs435647
GRCh37/hg19 11p15.5-q25(chr11:230616-134938470)	TMEM179B|TMEM216|TMEM218|TMEM223|TMEM225|TMEM25|TMEM258|TMEM41B|TMEM45B|TMEM80|TMEM86A|TMEM9B|TMPRSS13|TMPRSS4|TMPRSS5|TMX2|TNKS1BP1|TNNI2|TNNT3|TOLLIP|TOP6BL|TP53AIP1|TP53I11|TPBGL|TPCN2|TPH1|TPP1|TRAF6|TRAPPC4|TREH|TRIM21|TRIM22|TRIM29|TRIM3|TRIM34|TRIM44|TRIM48|TRIM49|TRIM49B|TRIM49C|TRIM49D1|TRIM49D2|TRIM5|TRIM51|TRIM6|TRIM64|TRIM64B|TRIM64C|TRIM66|TRIM68|TRIM77|TRMT112|TRPC6|TRPM5|TRPT1|TSG101|TSGA10IP|TSKU|TSPAN18|TSPAN32|TSPAN4|TSSC4|TTC12|TTC17|TTC36|TTC9C|TUB|TUT1|TYR|UBASH3B|UBE2L6|UBE4A|UBQLN3|UBQLNL|UBTFL1|UBXN1|UCP2|UCP3|UEVLD|UNC93B1|UPK2|UQCC3|USH1C|USP2|USP28|USP35|USP47|UVRAG|VEGFB|VPS11|VPS26B|VPS37C|VPS51|VSIG2|VSTM5|VWA5A|VWCE|WDR74|WEE1|WNT11|WT1|WT1-AS|XRRA1|YAP1|YIF1A|YPEL4|ZBED5|ZBTB16|ZBTB3|ZBTB44|ZC3H12C|ZDHHC13|ZDHHC24|ZDHHC5|ZFP91|ZFPL1|ZFTA|ZNF143|ZNF195|ZNF202|ZNF214|ZNF215|ZNF408|ZNF705E|ZNHIT2|ZNRD2|ZP1|ZPR1|ZW10|C11orf68|C11orf71|C11orf86|C11orf87|C11orf91|C11orf96|C1QTNF4|C1QTNF5|C2CD2L|C2CD3|CABP2|CABP4|CADM1|CALCA|CALCB|CAPN1|CAPN5|CAPRIN1|CARD16|CARD17|CARD18|CARNS1|CARS1|CASP1|CASP12|CASP4|CASP5|CAT|CATSPER1|CATSPERZ|CAVIN3|CBL|CBLIF|CCDC15|CCDC179|CCDC34|CCDC73|CCDC81|CCDC82|CCDC83|CCDC85B|CCDC86|CCDC87|CCDC88B|CCDC89|CCDC90B|CCKBR|CCND1|CCS|CD151|CD248|CD3D|CD3E|CD3G|CD44|CD5|CD59|CD6|CD81|CD82|CDC42BPG|CDC42EP2|CDCA5|CDHR5|CDK2AP2|CDKN1C|CDON|CELF1|CENATAC|CEND1|CEP126|CEP164|CEP295|CEP57|CFAP300|CFAP68|CFL1|CHEK1|CHID1|CHKA|CHORDC1|CHRDL2|CHRM1|CHRM4|CHRNA10|CHST1|CKAP5|CLCF1|CLDN25|CLMP|CLNS1A|CLP1|CLPB|CNGA4|CNIH2|CNTF|CNTN5|COA4|COMMD9|COPB1|CORO1B|COX8A|CPSF7|CPT1A|CRACR2B|CREB3L1|CREBZF|CRTAM|CRY2|CRYAB|CSKMT|CSNK2A3|CSRP3|CST6|CSTF3|CSTPP1|CTNND1|CTR9|CTSC|CTSD|CTSF|CTSW|CTTN|CUL5|CWC15|CWF19L2|CXCR5|CYB561A3|CYB5R2|CYP2R1|DAGLA|DBX1|DCDC1|DCHS1|DCPS|DCUN1D5|DDB1|DDB2|DDI1|DDIAS|DDX10|DDX25|DDX6|DEAF1|DEFB108B|DENND2B|DENND5A|DEPDC7|DEUP1|DGAT2|DGKZ|DHCR7|DIXDC1|DKK3|DLAT|DLG2|DNAJB13|DNAJC24|DNAJC4|DNHD1|DPAGT1|DPF2|DPP3|DRAP1|DRC12|DRD2|DRD4|DSCAML1|DTX4|DUSP8|DYNC2H1|E2F8|EED|EEF1G|EFEMP2|EHBP1L1|EHD1|EHF|EI24|EIF1AD|EIF3F|EIF3M|EIF4G2|ELF5|ELMOD1|ELP4|EML3|EMSY|ENDOD1|EPS8L2|ESAM|ESRRA|ETS1|EXPH5|EXT2|F2|FADD|FADS1|FADS2|FADS3|FAM111A|FAM111B|FAM118B|FAM168A|FAM180B|FAM181B|FAM76B|FAM86C1P|FAM89B|FANCF|FAR1|FAT3|FAU|FBXO3|FCHSD2|FDX1|FDXACB1|FEN1|FERMT3|FEZ1|FGF19|FGF3|FGF4|FHIP1B|FIBIN|FIBP|FJX1|FKBP2|FLI1|FLRT1|FNBP4|FOLH1|FOLH1B|FOLR1|FOLR2|FOLR3|FOSL1|FOXR1|FOXRED1|FREY1|FRMD8|FSHB|FTH1|FUT4|FXYD2|FXYD6|FXYD6-FXYD2|FZD4|GAB2|GAL|GAL3ST3|GALNT18|GANAB|GAS2|GATD1|GDPD4|GDPD5|GLB1L2|GLB1L3|GLYAT|GLYATL1|GLYATL2|GNG3|GPHA2|GPR137|GPR152|GPR83|GRAMD1B|GRIA4|GRIK4|GRK2|GRM5|GSTP1|GTF2H1|GUCY1A2|H19|H2AX|HARBI1|HBB|HBD|HBE1|HBG1|HBG2|HEPACAM|HEPHL1|HEPN1|HIKESHI|HINFP|HIPK3|HMBS|HNRNPUL2|HOATZ|HPS5|HPX|HRAS|HSD17B12|HSPA8|HSPB2|HTATIP2|HTR3A|HTR3B|HYLS1|HYOU1|IFITM1|IFITM10|IFITM2|IFITM3|IFITM5|IFT46|IFTAP|IGF2|IGF2-AS|IGHMBP2|IGSF22|IGSF9B|IL10RA|IL18|IL18BP|ILK|IMMP1L|INCENP|INPPL1|INS|INS-IGF2|INSC|INTS4|INTS5|IPO7|IRAG1|IRF7|IZUMO1R|JAM3|JAML|JHY|JRKL|KAT5|KBTBD3|KBTBD4|KCNA4|KCNC1|KCNE3|KCNJ1|KCNJ11|KCNJ5|KCNJ5-AS1|KCNK4|KCNK7|KCNQ1|KCNQ1DN|KCNQ1OT1|KCTD14|KCTD21|KDM2A|KDM4D|KDM4E|KIAA1549L|KIF18A|KIRREL3|KLC2|KLHL35|KMT2A|KMT5B|KRTAP5-1|KRTAP5-10|KRTAP5-11|KRTAP5-2|KRTAP5-3|KRTAP5-4|KRTAP5-5|KRTAP5-6|KRTAP5-7|KRTAP5-8|KRTAP5-9|LAMTOR1|LARGE2|LAYN|LBHD1|LDHA|LDHAL6A|LDHC|LDLRAD3|LGALS12|LGR4|LIN7C|LINC00294|LINC02714|LINC02743|LINC02873|LIPT2|LMNTD2|LMNTD2-AS1|LMO1|LMO2|LOC100132686|LOC101929473|LPXN|LRFN4|LRP4|LRP5|LRRC10B|LRRC32|LRRC4C|LRRC55|LRRC56|LRRN4CL|LRTOMT|LSP1|LTBP3|LTO1|LUZP2|LYVE1|MACROD1|MADD|MADD-AS1|MAJIN|MALAT1|MAML2|MAP3K11|MAP4K2|MAP6|MAPK8IP1|MARK2|MCAM|MDK|ME3|MED17|MED19|MEN1|METTL15|MFRP|MICAL2|MICALCL|MIR100|MIR125B1|MIR130A|MIR139|MIR192|MIR194-2|MIR210|MIR210HG|MIR326|MIR34B|MIR34BHG|MIR34C|MIR610|MIRLET7A2|MMP1|MMP10|MMP12|MMP13|MMP20|MMP26|MMP27|MMP3|MMP7|MMP8|MOB2|MOGAT2|MPEG1|MPPED2|MPZL2|MPZL3|MRE11|MRGPRD|MRGPRE|MRGPRF|MRGPRG|MRGPRX1|MRGPRX2|MRGPRX3|MRGPRX4|MRPL11|MRPL16|MRPL17|MRPL21|MRPL23|MRPL48|MRPL49|MS4A1|MS4A10|MS4A12|MS4A13|MS4A14|MS4A15|MS4A18|MS4A2|MS4A3|MS4A4A|MS4A4E|MS4A5|MS4A6A|MS4A6E|MS4A7|MS4A8|MSANTD2|MSANTD4|MTA2|MTCH2|MTMR2|MTNR1B|MTRNR2L8|MUC15|MUC2|MUC5AC|MUC5B|MUC6|MUS81|MYBPC3|MYEOV|MYO7A|MYOD1|MYRF|NAA40|NAALAD2|NAALADL1|NADSYN1|NAP1L4|NARS2|NAT10|NAV2|NCAM1|NCAPD3|NCR3LG1|NDUFC2|NDUFC2-KCTD14|NDUFS3|NDUFS8|NDUFV1|NDUFV1-DT|NEAT1|NECTIN1|NELL1|NEU3|NFRKB|NHERF4|NKAPD1|NLRP10|NLRP14|NLRP6|NLRX1|NNMT|NOX4|NPAS4|NPAT|NR1H3|NRGN|NRIP3|NRXN2|NTM|NUCB2|NUDT22|NUDT8|NUMA1|NUP160|NUP98|NXF1|NXPE1|NXPE2|NXPE4|OAF|OLFML1|OMP|OOSP2|OPCML|OR10A2|OR10A3|OR10A4|OR10A5|OR10A6|OR10AG1|OR10G4|OR10G7|OR10G8|OR10G9|OR10Q1|OR10S1|OR10V1|OR10W1|OR1S1|OR1S2|OR2AG1|OR2AG2|OR2AT4|OR2D2|OR2D3|OR4A15|OR4A16|OR4A47|OR4A5|OR4B1|OR4C11|OR4C12|OR4C13|OR4C15|OR4C16|OR4C3|OR4C46|OR4C6|OR4D10|OR4D11|OR4D5|OR4D6|OR4D9|OR4P4|OR4S1|OR4S2|OR4X1|OR4X2|OR51A2|OR51A4|OR51A7|OR51B2|OR51B4|OR51B5|OR51B6|OR51D1|OR51E1|OR51E2|OR51F1|OR51F2|OR51G1|OR51G2|OR51I1|OR51I2|OR51L1|OR51M1|OR51Q1|OR51S1|OR51T1|OR51V1|OR52A1|OR52A5|OR52B2|OR52B4|OR52B6|OR52D1|OR52E2|OR52E4|OR52E6|OR52E8|OR52H1|OR52I1|OR52I2|OR52J3|OR52K1|OR52K2|OR52L1|OR52M1|OR52N1|OR52N2|OR52N4|OR52N5|OR52R1|OR52W1|OR56A1|OR56A3|OR56A4|OR56A5|OR56B1|OR56B4|OR5A1|OR5A2|OR5AK2|OR5AN1|OR5AP2|OR5AR1|OR5AS1|OR5B12|OR5B17|OR5B2|OR5B21|OR5B3|OR5D13|OR5D14|OR5D16|OR5D18|OR5F1|OR5I1|OR5J2|OR5L1|OR5L2|OR5M1|OR5M10|OR5M11|OR5M3|OR5M8|OR5M9|OR5P2|OR5P3|OR5T1|OR5T2|OR5T3|OR5W2|OR6A2|OR6M1|OR6Q1|OR6T1|OR6X1|OR8A1|OR8B12|OR8B2|OR8B3|OR8B4|OR8B8|OR8D1|OR8D2|OR8D4|OR8G1|OR8G5|OR8H1|OR8H2|OR8H3|OR8I2|OR8J1|OR8J3|OR8K1|OR8K3|OR8K5|OR8U1|OR8U3|OR9G1|OR9G4|OR9I1|OR9Q1|OR9Q2|OSBP|OSBPL5|OTOG|OTUB1|OVCH2|OVOL1|P2RX3|P2RY2|P2RY6|P4HA3|PAAF1|PACS1|PACSIN3|PAFAH1B2|PAK1|PAMR1|PANX1|PANX3|PARVA|PATE1|PATE2|PATE3|PATE4|PATL1|PAX6|PC|PCF11|PCNX3|PCSK7|PDE2A|PDE3B|PDGFD|PDHX|PELI3|PEX16|PGA3|PGA4|PGA5|PGAP2|PGGHG|PGM2L1|PGR|PHF21A|PHLDA2|PHLDB1|PHOX2A|PHRF1|PICALM|PIDD1|PIH1D2|PIK3C2A|PITPNM1|PIWIL4|PKNOX2|PKP3|PLAAT2|PLAAT3|PLAAT4|PLAAT5|PLCB3|PLEKHA7|PLEKHB1|PLET1|PNPLA2|POGLUT3|POLA2|POLD3|POLD4|POLR2G|POLR2L|POU2AF1|POU2AF2|POU2AF3|POU2F3|PPFIA1|PPFIBP2|PPME1|PPP1CA|PPP1R14B|PPP2R1B|PPP2R5B|PPP6R3|PRCP|PRDM10|PRDM11|PRDX5|PRG2|PRG3|PRMT3|PRPF19|PRR5L|PRRG4|PRSS23|PSMA1|PSMC3|PSMD13|PTDSS2|PTGDR2|PTH|PTPMT1|PTPN5|PTPRCAP|PTPRJ|PTS|PUS3|PYGM|QSER1|RAB1B|RAB30|RAB38|RAB39A|RAB3IL1|RAB6A|RAD9A|RAG1|RAG2|RAPSN|RASGRP2|RASSF10|RASSF7|RBM14|RBM14-RBM4|RBM4|RBM4B|RBM7|RBMXL2|RCE1|RCN1|RCOR2|RDX|RELA|RELT|REXO2|RHOD|RHOG|RIC3|RIN1|RNASEH2C|RNF121|RNF141|RNF169|RNF214|RNF26|RNH1|ROBO3|ROBO4|ROM1|RPL27A|RPLP2|RPS13|RPS25|RPS3|RPS6KA4|RPS6KB2|RPUSD4|RRAS2|RRM1|RRP8|RSF1|RTN3|RTN4RL2|SAA1|SAA2|SAA2-SAA4|SAA4|SAAL1|SAC3D1|SART1|SAXO4|SBF2|SC5D|SCGB1A1|SCGB1D1|SCGB1D2|SCGB1D4|SCGB2A1|SCGB2A2|SCN2B|SCN3B|SCN4B|SCT|SCUBE2|SCYL1|SERPINH1|SDHAF2|SDHD|SELENOH|SERGEF|SERPING1|SESN3|SF1|SF3B2|SHANK2|SIAE|SIDT2|SIGIRR|SIK2|SIK3|SIPA1|SIRT3|SLC15A3|SLC17A6|SLC1A2|SLC22A10|SLC22A11|SLC22A12|SLC22A24|SLC22A25|SLC22A6|SLC22A8|SLC22A9|SLC25A22|SLC25A45|SLC29A2|SLC35C1|SLC35F2|SLC36A4|SLC37A2|SLC37A4|SLC39A13|SLC3A2|SLC43A1|SLC43A3|SLC5A12|SLC67A1|SLC67A1-AS|SLC6A5|SLCO2B1|SLN|SMCO4|SMPD1|SMTNL1|SNHG1|SNORA3B|SNORD15A|SNORD22|SNORD25|SNORD26|SNORD27|SNORD28|SNORD29|SNORD30|SNORD31|SNX15|SNX19|SNX32|SORL1|SOX6|SPA17|SPATA19|SPCS2|SPDYC|SPI1|SPINDOC|SPON1|SPTBN2|SPTY2D1|SRPRA|SRSF8|SSH3|SSRP1|ST14|ST3GAL4|STARD10|STIM1|STIP1|STK33|STT3A|STX3|STX5|SVIP|SWAP70|SYT12|SYT13|SYT7|SYT8|SYT9|SYTL2|SYVN1|TAF10|TAF1D|TAF6L|TAGLN|TALDO1|TBC1D10C|TBCEL|TBRG1|TBX10|TCIRG1|TCN1|TCP11L1|TEAD1|TECTA|TENM4|TESMIN|TEX12|TH|THAP12|THRSP|THY1|THYN1|TIGD3|TIMM10|TIMM10B|TIMM8B|TIRAP|TKFC|TLCD5|TM7SF2|TMEM109|TMEM123|TMEM126A|TMEM126B|TMEM132A|TMEM133|TMEM134|TMEM135|TMEM138|TMEM151A|AAMDC|AASDHPPT|ABCC8|ABCG4|ABTB2|ACAD8|ACAT1|ACCS|ACCSL|ACER3|ACP2|ACRV1|ACTN3|ACY3|ADAMTS15|ADAMTS8|ADM|AGBL2|AHNAK|AIP|AKIP1|ALDH3B1|ALDH3B2|ALG8|ALG9|ALKBH3|ALKBH8|ALX4|AMBRA1|AMOTL1|AMPD3|ANAPC15|ANGPTL5|ANKK1|ANKRD13D|ANKRD42|ANKRD49|ANO1|ANO3|ANO5|ANO9|AP2A2|AP5B1|APBB1|API5|APIP|APLNR|APLP2|APOA1|APOA4|APOA5|APOC3|AQP11|ARAP1|ARAP1-AS2|ARCN1|ARFGAP2|ARFIP2|ARHGAP1|ARHGAP20|ARHGAP32|ARHGAP42|ARHGEF12|ARHGEF17|ARHGEF17-AS1|ARL14EP|ARL2|ARRB1|ART1|ART5|ASCL2|ASCL3|ASRGL1|ATG13|ATG16L2|ATG2A|ATL3|ATM|ATP5MG|B3GAT1|B3GAT3|B3GNT6|B4GALNT4|B4GAT1|BACE1|BACE1-AS|BAD|BANF1|BARX2|BATF2|BBOX1|BBS1|BCL9L|BCO2|BDNF|BDNF-AS|BEST1|BIRC2|BIRC3|BLID|BMAL1|BRMS1|BRSK2|BSCL2|BSX|BTBD10|BTBD18|BTG4|BUD13|C11orf16|C11orf21|C11orf24|C11orf40|C11orf42|C11orf52|C11orf54|C11orf58|C11orf65	copy number gain	See cases	G: Pathogenic	no assertion criteria provided			2015/07/14			11:230616		441904	VCV000441904	rs435566
GRCh37/hg19 11p15.5-q25(chr11:230616-134938470)x3	GAB2|GAL|GAL3ST3|GALNT18|GANAB|GAS2|GATD1|GDPD4|GDPD5|GLB1L2|GLB1L3|GLYAT|GLYATL1|GLYATL2|GNG3|GPHA2|GPR137|GPR152|GPR83|GRAMD1B|GRIA4|GRIK4|GRK2|GRM5|GSTP1|GTF2H1|GUCY1A2|HBG1|H19|H2AX|HARBI1|HBB|HBD|HBE1|HBG2|HEPACAM|HEPHL1|HEPN1|HIKESHI|HINFP|HIPK3|HMBS|HNRNPUL2|HOATZ|HPS5|HPX|HRAS|HSD17B12|HSPA8|HSPB2|HTATIP2|HTR3A|HTR3B|HYLS1|HYOU1|IFITM1|IFITM10|IFITM2|IFITM3|IFITM5|IFT46|IFTAP|IGF2|IGF2-AS|IGHMBP2|IGSF22|IGSF9B|IL10RA|IL18|IL18BP|ILK|IMMP1L|INCENP|INPPL1|INS|INS-IGF2|INSC|INTS4|INTS5|IPO7|IRAG1|IRF7|IZUMO1R|JAM3|JAML|JHY|JRKL|KAT5|KBTBD3|KBTBD4|KCNA4|KCNC1|KCNE3|KCNJ1|KCNJ11|KCNJ5|KCNJ5-AS1|KCNK4|KCNK7|KCNQ1|KCNQ1DN|KCNQ1OT1|KCTD14|KCTD21|KDM2A|KDM4D|KDM4E|KIAA1549L|KIF18A|KIRREL3|KLC2|KLHL35|KMT2A|KMT5B|KRTAP5-1|KRTAP5-10|KRTAP5-11|KRTAP5-2|KRTAP5-3|KRTAP5-4|KRTAP5-5|KRTAP5-6|KRTAP5-7|KRTAP5-8|KRTAP5-9|LAMTOR1|LARGE2|LAYN|LBHD1|LDHA|LDHAL6A|LDHC|LDLRAD3|LGALS12|LGR4|LIN7C|LINC00294|LINC02714|LINC02743|LINC02873|LIPT2|LMNTD2|LMNTD2-AS1|LMO1|LMO2|LOC100132686|LOC101929473|LPXN|LRFN4|LRP4|LRP5|LRRC10B|LRRC32|LRRC4C|LRRC55|LRRC56|LRRN4CL|LRTOMT|LSP1|LTBP3|LTO1|LUZP2|LYVE1|MACROD1|MADD|MADD-AS1|MAJIN|MALAT1|MAML2|MAP3K11|MAP4K2|MAP6|MAPK8IP1|MARK2|MCAM|MDK|ME3|MED17|MED19|MEN1|METTL15|MFRP|MICAL2|MICALCL|MIR100|MIR125B1|MIR130A|MIR139|MIR192|MIR194-2|MIR210|MIR210HG|MIR326|MIR34B|MIR34BHG|MIR34C|MIR610|MIRLET7A2|MMP1|MMP10|MMP12|MMP13|MMP20|MMP26|MMP27|MMP3|MMP7|MMP8|MOB2|MOGAT2|MPEG1|MPPED2|MPZL2|MPZL3|MRE11|MRGPRD|MRGPRE|MRGPRF|MRGPRG|MRGPRX1|MRGPRX2|MRGPRX3|MRGPRX4|MRPL11|MRPL16|MRPL17|MRPL21|MRPL23|MRPL48|MRPL49|MS4A1|MS4A10|MS4A12|MS4A13|MS4A14|MS4A15|MS4A18|MS4A2|MS4A3|MS4A4A|MS4A4E|MS4A5|MS4A6A|MS4A6E|MS4A7|MS4A8|MSANTD2|MSANTD4|MTA2|MTCH2|MTMR2|MTNR1B|MTRNR2L8|MUC15|MUC2|MUC5AC|MUC5B|MUC6|MUS81|MYBPC3|MYEOV|MYO7A|MYOD1|MYRF|NAA40|NAALAD2|NAALADL1|NADSYN1|NAP1L4|NARS2|NAT10|NAV2|NCAM1|NCAPD3|NCR3LG1|NDUFC2|NDUFC2-KCTD14|NDUFS3|NDUFS8|NDUFV1|NDUFV1-DT|NEAT1|NECTIN1|NELL1|NEU3|NFRKB|NHERF4|NKAPD1|NLRP10|NLRP14|NLRP6|NLRX1|NNMT|NOX4|NPAS4|NPAT|NR1H3|NRGN|NRIP3|NRXN2|NTM|NUCB2|NUDT22|NUDT8|NUMA1|NUP160|NUP98|NXF1|NXPE1|NXPE2|NXPE4|OAF|OLFML1|OMP|OOSP2|OPCML|OR10A2|OR10A3|OR10A4|OR10A5|OR10A6|OR10AG1|OR10G4|OR10G7|OR10G8|OR10G9|OR10Q1|OR10S1|OR10V1|OR10W1|OR1S1|OR1S2|OR2AG1|OR2AG2|OR2AT4|OR2D2|OR2D3|OR4A15|OR4A16|OR4A47|OR4A5|OR4B1|OR4C11|OR4C12|OR4C13|OR4C15|OR4C16|OR4C3|OR4C46|OR4C6|OR4D10|OR4D11|OR4D5|OR4D6|OR4D9|OR4P4|OR4S1|OR4S2|OR4X1|OR4X2|OR51A2|OR51A4|OR51A7|OR51B2|OR51B4|OR51B5|OR51B6|OR51D1|OR51E1|OR51E2|OR51F1|OR51F2|OR51G1|OR51G2|OR51I1|OR51I2|OR51L1|OR51M1|OR51Q1|OR51S1|OR51T1|OR51V1|OR52A1|OR52A5|OR52B2|OR52B4|OR52B6|OR52D1|OR52E2|OR52E4|OR52E6|OR52E8|OR52H1|OR52I1|OR52I2|OR52J3|OR52K1|OR52K2|OR52L1|OR52M1|OR52N1|OR52N2|OR52N4|OR52N5|OR52R1|OR52W1|OR56A1|OR56A3|OR56A4|OR56A5|OR56B1|OR56B4|OR5A1|OR5A2|OR5AK2|OR5AN1|OR5AP2|OR5AR1|OR5AS1|OR5B12|OR5B17|OR5B2|OR5B21|OR5B3|OR5D13|OR5D14|OR5D16|OR5D18|OR5F1|OR5I1|OR5J2|OR5L1|OR5L2|OR5M1|OR5M10|OR5M11|OR5M3|OR5M8|OR5M9|OR5P2|OR5P3|OR5T1|OR5T2|OR5T3|OR5W2|OR6A2|OR6M1|OR6Q1|OR6T1|OR6X1|OR8A1|OR8B12|OR8B2|OR8B3|OR8B4|OR8B8|OR8D1|OR8D2|OR8D4|OR8G1|OR8G5|OR8H1|OR8H2|OR8H3|OR8I2|OR8J1|OR8J3|OR8K1|OR8K3|OR8K5|OR8U1|OR8U3|OR9G1|OR9G4|OR9I1|OR9Q1|OR9Q2|OSBP|OSBPL5|OTOG|OTUB1|OVCH2|OVOL1|P2RX3|P2RY2|P2RY6|P4HA3|PAAF1|PACS1|PACSIN3|PAFAH1B2|PAK1|PAMR1|PANX1|PANX3|PARVA|PATE1|PATE2|PATE3|PATE4|PATL1|PAX6|PC|PCF11|PCNX3|PCSK7|PDE2A|PDE3B|AAMDC|AASDHPPT|ABCC8|ABCG4|ABTB2|ACAD8|ACAT1|ACCS|ACCSL|ACER3|ACP2|ACRV1|ACTN3|ACY3|ADAMTS15|ADAMTS8|ADM|AGBL2|AHNAK|AIP|AKIP1|ALDH3B1|ALDH3B2|ALG8|ALG9|ALKBH3|ALKBH8|ALX4|AMBRA1|AMOTL1|AMPD3|ANAPC15|ANGPTL5|ANKK1|ANKRD13D|ANKRD42|ANKRD49|ANO1|ANO3|ANO5|ANO9|AP2A2|AP5B1|APBB1|API5|APIP|APLNR|APLP2|APOA1|APOA4|APOA5|APOC3|AQP11|ARAP1|ARAP1-AS2|ARCN1|ARFGAP2|ARFIP2|ARHGAP1|ARHGAP20|ARHGAP32|ARHGAP42|ARHGEF12|ARHGEF17|ARHGEF17-AS1|ARL14EP|ARL2|ARRB1|ART1|ART5|ASCL2|ASCL3|ASRGL1|ATG13|ATG16L2|ATG2A|ATL3|ATM|ATP5MG|B3GAT1|B3GAT3|B3GNT6|B4GALNT4|B4GAT1|BACE1|BACE1-AS|BAD|BANF1|BARX2|BATF2|BBOX1|BBS1|BCL9L|BCO2|BDNF|BDNF-AS|BEST1|BIRC2|BIRC3|BLID|BMAL1|BRMS1|BRSK2|BSCL2|BSX|BTBD10|BTBD18|BTG4|BUD13|C11orf16|C11orf21|C11orf24|C11orf40|C11orf42|C11orf52|C11orf54|C11orf58|C11orf65|C11orf68|C11orf71|C11orf86|C11orf87|C11orf91|C11orf96|C1QTNF4|C1QTNF5|C2CD2L|C2CD3|CABP2|CABP4|CADM1|CALCA|CALCB|CAPN1|CAPN5|CAPRIN1|CARD16|CARD17|CARD18|CARNS1|CARS1|CASP1|CASP12|CASP4|CASP5|CAT|CATSPER1|CATSPERZ|CAVIN3|CBL|CBLIF|CCDC15|CCDC179|CCDC34|CCDC73|CCDC81|CCDC82|CCDC83|CCDC85B|CCDC86|CCDC87|CCDC88B|CCDC89|CCDC90B|CCKBR|CCND1|CCS|CD151|CD248|CD3D|CD3E|CD3G|CD44|CD5|CD59|CD6|CD81|CD82|CDC42BPG|CDC42EP2|CDCA5|CDHR5|CDK2AP2|CDKN1C|CDON|CELF1|CENATAC|CEND1|CEP126|CEP164|CEP295|CEP57|CFAP300|CFAP68|CFL1|CHEK1|CHID1|CHKA|CHORDC1|CHRDL2|CHRM1|CHRM4|CHRNA10|CHST1|CKAP5|CLCF1|CLDN25|CLMP|CLNS1A|CLP1|CLPB|CNGA4|CNIH2|CNTF|CNTN5|COA4|COMMD9|COPB1|CORO1B|COX8A|CPSF7|CPT1A|CRACR2B|CREB3L1|CREBZF|CRTAM|CRY2|CRYAB|CSKMT|CSNK2A3|CSRP3|CST6|CSTF3|CSTPP1|CTNND1|CTR9|CTSC|CTSD|CTSF|CTSW|CTTN|CUL5|CWC15|CWF19L2|CXCR5|CYB561A3|CYB5R2|CYP2R1|DAGLA|DBX1|DCDC1|DCHS1|DCPS|DCUN1D5|DDB1|DDB2|DDI1|DDIAS|DDX10|DDX25|DDX6|DEAF1|DEFB108B|DENND2B|DENND5A|DEPDC7|DEUP1|DGAT2|DGKZ|DHCR7|DIXDC1|DKK3|DLAT|DLG2|DNAJB13|DNAJC24|DNAJC4|DNHD1|DPAGT1|DPF2|DPP3|DRAP1|DRC12|DRD2|DRD4|DSCAML1|DTX4|DUSP8|DYNC2H1|E2F8|EED|EEF1G|EFEMP2|EHBP1L1|EHD1|EHF|EI24|EIF1AD|EIF3F|EIF3M|EIF4G2|ELF5|ELMOD1|ELP4|EML3|EMSY|ENDOD1|EPS8L2|ESAM|ESRRA|ETS1|EXPH5|EXT2|F2|FADD|FADS1|FADS2|FADS3|FAM111A|FAM111B|FAM118B|FAM168A|FAM180B|FAM181B|FAM76B|FAM86C1P|FAM89B|FANCF|FAR1|FAT3|FAU|FBXO3|FCHSD2|FDX1|FDXACB1|FEN1|FERMT3|FEZ1|FGF19|FGF3|FGF4|FHIP1B|FIBIN|FIBP|FJX1|FKBP2|FLI1|FLRT1|FNBP4|FOLH1|FOLH1B|FOLR1|FOLR2|FOLR3|FOSL1|FOXR1|FOXRED1|FREY1|FRMD8|FSHB|FTH1|FUT4|FXYD2|FXYD6|FXYD6-FXYD2|FZD4|PDGFD|PDHX|PELI3|PEX16|PGA3|PGA4|PGA5|PGAP2|PGGHG|PGM2L1|PGR|PHF21A|PHLDA2|PHLDB1|PHOX2A|PHRF1|PICALM|PIDD1|PIH1D2|PIK3C2A|PITPNM1|PIWIL4|PKNOX2|PKP3|PLAAT2|PLAAT3|PLAAT4|PLAAT5|PLCB3|PLEKHA7|PLEKHB1|PLET1|PNPLA2|POGLUT3|POLA2|POLD3|POLD4|POLR2G|POLR2L|POU2AF1|POU2AF2|POU2AF3|POU2F3|PPFIA1|PPFIBP2|PPME1|PPP1CA|PPP1R14B|PPP2R1B|PPP2R5B|PPP6R3|PRCP|PRDM10|PRDM11|PRDX5|PRG2|PRG3|PRMT3|PRPF19|PRR5L|PRRG4|PRSS23|PSMA1|PSMC3|PSMD13|PTDSS2|PTGDR2|PTH|PTPMT1|PTPN5|PTPRCAP|PTPRJ|PTS|PUS3|PYGM|QSER1|RAB1B|RAB30|RAB38|RAB39A|RAB3IL1|RAB6A|RAD9A|RAG1|RAG2|RAPSN|RASGRP2|RASSF10|RASSF7|RBM14|RBM14-RBM4|RBM4|RBM4B|RBM7|RBMXL2|RCE1|RCN1|RCOR2|RDX|RELA|RELT|REXO2|RHOD|RHOG|RIC3|RIN1|RNASEH2C|RNF121|RNF141|RNF169|RNF214|RNF26|RNH1|ROBO3|ROBO4|ROM1|RPL27A|RPLP2|RPS13|RPS25|RPS3|RPS6KA4|RPS6KB2|RPUSD4|RRAS2|RRM1|RRP8|RSF1|RTN3|RTN4RL2|SAA1|SAA2|SAA2-SAA4|SAA4|SAAL1|SAC3D1|SART1|SAXO4|SBF2|SC5D|SCGB1A1|SCGB1D1|SCGB1D2|SCGB1D4|SCGB2A1|SCGB2A2|SCN2B|SCN3B|SCN4B|SCT|SCUBE2|SCYL1|SDHAF2|SDHD|SELENOH|SERGEF|SERPING1|SERPINH1|SESN3|SF1|SF3B2|SHANK2|SIAE|SIDT2|SIGIRR|SIK2|SIK3|SIPA1|SIRT3|SLC15A3|SLC17A6|SLC1A2|SLC22A10|SLC22A11|SLC22A12|SLC22A24|SLC22A25|SLC22A6|SLC22A8|SLC22A9|SLC25A22|SLC25A45|SLC29A2|SLC35C1|SLC35F2|SLC36A4|SLC37A2|SLC37A4|SLC39A13|SLC3A2|SLC43A1|SLC43A3|SLC5A12|SLC67A1|SLC67A1-AS|SLC6A5|SLCO2B1|SLN|SMCO4|SMPD1|SMTNL1|SNHG1|SNORA3B|SNORD15A|SNORD22|SNORD25|SNORD26|SNORD27|SNORD28|SNORD29|SNORD30|SNORD31|SNX15|SNX19|SNX32|SORL1|SOX6|SPA17|SPATA19|SPCS2|SPDYC|SPI1|SPINDOC|SPON1|SPTBN2|SPTY2D1|SRPRA|SRSF8|SSH3|SSRP1|ST14|ST3GAL4|STARD10|STIM1|STIP1|STK33|STT3A|STX3|STX5|SVIP|SWAP70|SYT12|SYT13|SYT7|SYT8|SYT9|SYTL2|SYVN1|TAF10|TAF1D|TAF6L|TAGLN|TALDO1|TBC1D10C|TBCEL|TBRG1|TBX10|TCIRG1|TCN1|TCP11L1|TEAD1|TECTA|TENM4|TESMIN|TEX12|TH|THAP12|THRSP|THY1|THYN1|TIGD3|TIMM10|TIMM10B|TIMM8B|TIRAP|TKFC|TLCD5|TM7SF2|TMEM109|TMEM123|TMEM126A|TMEM126B|TMEM132A|TMEM133|TMEM134|TMEM135|TMEM138|TMEM151A|TMEM179B|TMEM41B|TMEM216|TMEM218|TMEM223|TMEM225|TMEM25|TMEM258|TMEM45B|TMEM80|TMEM86A|TMEM9B|TMPRSS13|TMPRSS4|TMPRSS5|TMX2|TNKS1BP1|TNNI2|TNNT3|TOLLIP|TOP6BL|TP53AIP1|TP53I11|TPBGL|TPCN2|TPH1|TPP1|TRAF6|TRAPPC4|TREH|TRIM21|TRIM22|TRIM29|TRIM3|TRIM34|TRIM44|TRIM48|TRIM49|TRIM49B|TRIM49C|TRIM49D1|TRIM49D2|TRIM5|TRIM51|TRIM6|TRIM64|TRIM64B|TRIM64C|TRIM66|TRIM68|TRIM77|TRMT112|TRPC6|TRPM5|TRPT1|TSG101|TSGA10IP|TSKU|TSPAN18|TSPAN32|TSPAN4|TSSC4|TTC12|TTC17|TTC36|TTC9C|TUB|TUT1|TYR|UBASH3B|UBE2L6|UBE4A|UBQLN3|UBQLNL|UBTFL1|UBXN1|UCP2|UCP3|UEVLD|UNC93B1|UPK2|UQCC3|USH1C|USP2|USP28|USP35|USP47|UVRAG|VEGFB|VPS11|VPS26B|VPS37C|VPS51|VSIG2|VSTM5|VWA5A|VWCE|WDR74|WEE1|WNT11|WT1|WT1-AS|XRRA1|YAP1|YIF1A|YPEL4|ZBED5|ZBTB16|ZBTB3|ZBTB44|ZC3H12C|ZDHHC13|ZDHHC24|ZDHHC5|ZFP91|ZFPL1|ZFTA|ZNF143|ZNF195|ZNF202|ZNF214|ZNF215|ZNF408|ZNF705E|ZNHIT2|ZNRD2|ZP1|ZPR1|ZW10	copy number gain	See cases	G: Pathogenic	no assertion criteria provided			2014/12/02			11:230616		441903	VCV000441903	rs435565
GRCh37/hg19 11p15.5-14.3(chr11:230615-25584362)x3	ABCC8|ADM|AKIP1|AMPD3|ANO5|ANO9|AP2A2|APBB1|ARFIP2|ART1|ART5|ASCL2|ASCL3|B4GALNT4|BMAL1|BRSK2|BTBD10|C11orf16|C11orf21|C11orf40|C11orf42|C11orf58|CALCA|CALCB|CARS1|CAVIN3|CCDC179|CCKBR|CD151|CD81|CDHR5|CDKN1C|CEND1|CHID1|CHRNA10|CNGA4|COPB1|CRACR2B|CSNK2A3|CSRP3|CTR9|CTSD|CYB5R2|CYP2R1|DBX1|DCHS1|DEAF1|DENND2B|DENND5A|DKK3|DNHD1|DRD4|DUSP8|E2F8|EIF3F|EIF4G2|EPS8L2|FANCF|FAR1|FHIP1B|GALNT18|GAS2|GATD1|GTF2H1|H19|HBB|HBD|HBE1|HBG1|HBG2|HPS5|HPX|HRAS|HTATIP2|IFITM1|IFITM10|IFITM2|IFITM3|IFITM5|IGF2|IGF2-AS|IGSF22|ILK|INS|INS-IGF2|INSC|IPO7|IRAG1|IRF7|KCNC1|KCNJ11|KCNQ1|KCNQ1DN|KCNQ1OT1|KRTAP5-1|KRTAP5-2|KRTAP5-3|KRTAP5-4|KRTAP5-5|KRTAP5-6|LDHA|LDHAL6A|LDHC|LMNTD2|LMNTD2-AS1|LMO1|LRRC56|LSP1|LUZP2|LYVE1|MICAL2|MICALCL|MIR210|MIR210HG|MMP26|MOB2|MRGPRE|MRGPRG|MRGPRX1|MRGPRX2|MRGPRX3|MRGPRX4|MRPL17|MRPL23|MTRNR2L8|MUC2|MUC5AC|MUC5B|MUC6|MYOD1|NAP1L4|NAV2|NCR3LG1|NELL1|NLRP10|NLRP14|NLRP6|NRIP3|NUCB2|NUP98|OLFML1|OR10A2|OR10A3|OR10A4|OR10A5|OR10A6|OR2AG1|OR2AG2|OR2D2|OR2D3|OR51A2|OR51A4|OR51A7|OR51B2|OR51B4|OR51B5|OR51B6|OR51D1|OR51E1|OR51E2|OR51F1|OR51F2|OR51G1|OR51G2|OR51I1|OR51I2|OR51L1|OR51M1|OR51Q1|OR51S1|OR51T1|OR51V1|OR52A1|OR52A5|OR52B2|OR52B4|OR52B6|OR52D1|OR52E2|OR52E4|OR52E6|OR52E8|OR52H1|OR52I1|OR52I2|OR52J3|OR52K1|OR52K2|OR52L1|OR52M1|OR52N1|OR52N2|OR52N4|OR52N5|OR52R1|OR52W1|OR56A1|OR56A3|OR56A4|OR56A5|OR56B1|OR56B4|OR5P2|OR5P3|OR6A2|OSBPL5|OTOG|OVCH2|PARVA|PDE3B|PGAP2|PGGHG|PHLDA2|PHRF1|PIDD1|PIK3C2A|PKP3|PLEKHA7|PNPLA2|POLR2L|PPFIBP2|PRMT3|PSMA1|PSMD13|PTDSS2|PTH|PTPN5|RASSF10|RASSF7|RBMXL2|RHOG|RIC3|RNF141|RNH1|RPL27A|RPLP2|RPS13|RRAS2|RRM1|RRP8|SAA1|SAA2|SAA2-SAA4|SAA4|SAAL1|SBF2|SCT|SCUBE2|SERGEF|SIGIRR|SIRT3|SLC17A6|SLC25A22|SLC67A1|SLC67A1-AS|SLC6A5|SMPD1|SNORA3B|SOX6|SPON1|SPTY2D1|STIM1|STK33|SVIP|SWAP70|SYT8|SYT9|TAF10|TALDO1|TEAD1|TH|TIMM10B|TMEM41B|TMEM80|TMEM86A|TMEM9B|TNNI2|TNNT3|TOLLIP|TPH1|TPP1|TRIM21|TRIM22|TRIM3|TRIM34|TRIM5|TRIM6|TRIM66|TRIM68|TRPM5|TSG101|TSPAN32|TSPAN4|TSSC4|TUB|UBQLN3|UBQLNL|UEVLD|USH1C|USP47|WEE1|ZBED5|ZDHHC13|ZNF143|ZNF195|ZNF214|ZNF215	copy number gain	See cases	G: Pathogenic	no assertion criteria provided			2014/12/31			11:230615		441787	VCV000441787	rs435449
GRCh37/hg19 11p15.5-12(chr11:230615-37698540)x3	ABCC8|ABTB2|ADM|AKIP1|AMPD3|ANO3|ANO5|ANO9|AP2A2|APBB1|APIP|ARFIP2|ARL14EP|ART1|ART5|ASCL2|ASCL3|B4GALNT4|BBOX1|BDNF|BDNF-AS|BMAL1|BRSK2|BTBD10|C11orf16|C11orf21|C11orf40|C11orf42|C11orf58|C11orf91|CALCA|CALCB|CAPRIN1|CARS1|CAT|CAVIN3|CCDC179|CCDC34|CCDC73|CCKBR|CD151|CD44|CD59|CD81|CDHR5|CDKN1C|CEND1|CHID1|CHRNA10|CNGA4|COMMD9|COPB1|CRACR2B|CSNK2A3|CSRP3|CSTF3|CTR9|CTSD|CYB5R2|CYP2R1|DBX1|DCDC1|DCHS1|DEAF1|DENND2B|DENND5A|DEPDC7|DKK3|DNAJC24|DNHD1|DRD4|DUSP8|E2F8|EHF|EIF3F|EIF3M|EIF4G2|ELF5|ELP4|EPS8L2|FANCF|FAR1|FBXO3|FHIP1B|FIBIN|FJX1|FSHB|GALNT18|GAS2|GATD1|GTF2H1|H19|HBB|HBD|HBE1|HBG1|HBG2|HIPK3|HPS5|HPX|HRAS|HTATIP2|IFITM1|IFITM10|IFITM2|IFITM3|IFITM5|IFTAP|IGF2|IGF2-AS|IGSF22|ILK|IMMP1L|INS|INS-IGF2|INSC|IPO7|IRAG1|IRF7|KCNA4|KCNC1|KCNJ11|KCNQ1|KCNQ1DN|KCNQ1OT1|KIAA1549L|KIF18A|KRTAP5-1|KRTAP5-2|KRTAP5-3|KRTAP5-4|KRTAP5-5|KRTAP5-6|LDHA|LDHAL6A|LDHC|LDLRAD3|LGR4|LIN7C|LINC00294|LMNTD2|LMNTD2-AS1|LMO1|LMO2|LRRC56|LSP1|LUZP2|LYVE1|METTL15|MICAL2|MICALCL|MIR210|MIR210HG|MIR610|MMP26|MOB2|MPPED2|MRGPRE|MRGPRG|MRGPRX1|MRGPRX2|MRGPRX3|MRGPRX4|MRPL17|MRPL23|MTRNR2L8|MUC15|MUC2|MUC5AC|MUC5B|MUC6|MYOD1|NAP1L4|NAT10|NAV2|NCR3LG1|NELL1|NLRP10|NLRP14|NLRP6|NRIP3|NUCB2|NUP98|OLFML1|OR10A2|OR10A3|OR10A4|OR10A5|OR10A6|OR2AG1|OR2AG2|OR2D2|OR2D3|OR51A2|OR51A4|OR51A7|OR51B2|OR51B4|OR51B5|OR51B6|OR51D1|OR51E1|OR51E2|OR51F1|OR51F2|OR51G1|OR51G2|OR51I1|OR51I2|OR51L1|OR51M1|OR51Q1|OR51S1|OR51T1|OR51V1|OR52A1|OR52A5|OR52B2|OR52B4|OR52B6|OR52D1|OR52E2|OR52E4|OR52E6|OR52E8|OR52H1|OR52I1|OR52I2|OR52J3|OR52K1|OR52K2|OR52L1|OR52M1|OR52N1|OR52N2|OR52N4|OR52N5|OR52R1|OR52W1|OR56A1|OR56A3|OR56A4|OR56A5|OR56B1|OR56B4|OR5P2|OR5P3|OR6A2|OSBPL5|OTOG|OVCH2|PAMR1|PARVA|PAX6|PDE3B|PIDD1|PDHX|PGAP2|PGGHG|PHLDA2|PHRF1|PIK3C2A|PKP3|PLEKHA7|PNPLA2|POLR2L|PPFIBP2|PRMT3|PRR5L|PRRG4|PSMA1|PSMD13|PTDSS2|PTH|PTPN5|QSER1|RAG1|RAG2|RASSF10|RASSF7|RBMXL2|RCN1|RHOG|RIC3|RNF141|RNH1|RPL27A|RPLP2|RPS13|RRAS2|RRM1|RRP8|SAA1|SAA2|SAA2-SAA4|SAA4|SAAL1|SBF2|SCT|SCUBE2|SERGEF|SIGIRR|SIRT3|SLC17A6|SLC1A2|SLC25A22|SLC5A12|SLC67A1|SLC67A1-AS|SLC6A5|SMPD1|SNORA3B|SOX6|SPON1|SPTY2D1|STIM1|STK33|SVIP|SWAP70|SYT8|SYT9|TAF10|TALDO1|TCP11L1|TEAD1|TH|TIMM10B|TMEM41B|TMEM80|TMEM86A|TMEM9B|TNNI2|TNNT3|TOLLIP|TPH1|TPP1|TRAF6|TRIM21|TRIM22|TRIM3|TRIM34|TRIM44|TRIM5|TRIM6|TRIM66|TRIM68|TRPM5|TSG101|TSPAN32|TSPAN4|TSSC4|TUB|UBQLN3|UBQLNL|UEVLD|USH1C|USP47|WEE1|WT1|WT1-AS|ZBED5|ZDHHC13|ZNF143|ZNF195|ZNF214|ZNF215	copy number gain	See cases	G: Pathogenic	no assertion criteria provided			2014/06/23			11:230615		441715	VCV000441715	rs435377
GRCh37/hg19 11p15.5-15.4(chr11:193187-5291338)x3	TH|TMEM80|TNNI2|TNNT3|TOLLIP|TRIM21|TRIM68|TRPM5|TSPAN32|TSPAN4|TSSC4|ZNF195|ANO9|AP2A2|ART1|ART5|ASCL2|B4GALNT4|BET1L|BRSK2|C11orf21|C11orf40|CARS1|CD151|CD81|CDHR5|CDKN1C|CEND1|CHID1|CHRNA10|CIMAP1A|CRACR2B|CTSD|DEAF1|DRD4|DUSP8|EPS8L2|GATD1|H19|HBB|HBD|HBE1|HBG1|HBG2|HRAS|IFITM1|IFITM10|IFITM2|IFITM3|IFITM5|IGF2|IGF2-AS|INS|INS-IGF2|IRF7|KCNQ1|KCNQ1DN|KCNQ1OT1|KRTAP5-1|KRTAP5-2|KRTAP5-3|KRTAP5-4|KRTAP5-5|KRTAP5-6|LMNTD2|LMNTD2-AS1|LRRC56|LSP1|MIR210|MIR210HG|MMP26|MOB2|MRGPRE|MRGPRG|MRPL23|MUC2|MUC5AC|MUC5B|MUC6|NAP1L4|NLRP6|NUP98|OR51A2|OR51A4|OR51A7|OR51D1|OR51E1|OR51E2|OR51F1|OR51F2|OR51G1|OR51G2|OR51L1|OR51S1|OR51T1|OR51V1|OR52A1|OR52A5|OR52B4|OR52E2|OR52I1|OR52I2|OR52J3|OR52K1|OR52K2|OR52M1|OR52R1|OSBPL5|PGAP2|PGGHG|PHLDA2|PHRF1|PIDD1|PKP3|PNPLA2|POLR2L|PSMD13|PTDSS2|RASSF7|RHOG|RIC8A|RNH1|RPLP2|RRM1|SCGB1C1|SCT|SIGIRR|SIRT3|SLC25A22|SLC67A1|SLC67A1-AS|STIM1|SYT8|TALDO1	copy number gain	See cases	G: Pathogenic	no assertion criteria provided						11:193187		394007	VCV000394007	rs380900
GRCh37/hg19 11p15.4(chr11:5248267-5255227)x4	HBB|HBD	copy number gain	See cases	G: Uncertain significance	criteria provided, single submitter			2016/01/20			11:5248267		253972	VCV000253972	rs248420
GRCh37/hg19 11p15.4(chr11:4371631-5253127)	OR51G2|OR51L1|OR51S1|OR52A5|OR52B4|OR52E2|OR52J3|OR52I1|OR52I2|OR52K1|OR52K2|OR52M1|OR52R1|TRIM21|OR51T1|OR51V1|OR52A1|C11orf40|HBB|MMP26|OR51A2|OR51A4|OR51A7|OR51D1|OR51E1|OR51E2|OR51F1|OR51F2|OR51G1|TRIM68	copy number gain	Abnormal esophagus morphology	G: Likely pathogenic	criteria provided, single submitter			2015/12/15			11:4371631		226252	VCV000226252	rs228055
NM_000518.5:c.290_316delinsAGGGCAATAATTT	HBB	Indel	Beta-thalassemia HBB/LCRB	G: Likely benign	no assertion criteria provided			2023/08/17					4279099	VCV004279099	rs4391647
NC_000011.9:g.(?_5246696)_5247105del	HBB	Deletion	not provided	G: Pathogenic	criteria provided, single submitter			2019/07/26					1074561	VCV001074561	rs1057548
NC_000011.9:g.(?_5239576)_5247294del	HBB	Deletion	not provided	G: Pathogenic	criteria provided, single submitter			2019/03/23					1074559	VCV001074559	rs1057546
NC_000011.9:g.(?_5247493)_5248852del	HBB	Deletion	not provided	G: Pathogenic	criteria provided, single submitter			2020/10/02					1074558	VCV001074558	rs1057550
NC_000011.9:g.(?_5247393)_5248785del	HBB	Deletion	not provided	G: Pathogenic	criteria provided, single submitter			2020/02/03					1074556	VCV001074556	rs1057549
NC_000011.10:g.5216940_5229551del	HBB	Deletion	beta Thalassemia	G: Pathogenic	no assertion criteria provided			2019/11/25					869213	VCV000869213	rs857427
HBB, 106-KB DEL	HBB	Insertion	Delta-beta-thalassemia, Hereditary persistence of fetal hemoglobin	G: Pathogenic	no assertion criteria provided			2009/01/01					29751	VCV000029751	rs38706
chr11:g.(LOH11A_HBB)del	HBB	Deletion	Thalassemia intermedia	G: Pathogenic	no assertion criteria provided			2002/01/12					15594	VCV000015594	rs30633
HBB, HBB/HBD FUSION	HBB	fusion	HEMOGLOBIN P (NILOTIC)	G: Pathogenic; other	no assertion criteria provided			2017/12/12					15305	VCV000015305	rs30344
HBB, HBB/HBD FUSION	HBB	fusion	HEMOGLOBIN P (CONGO)	G: Pathogenic; other	no assertion criteria provided			1970/10/01					15304	VCV000015304	rs30343
HBB, LYS95GLX	HBB	Variation	HEMOGLOBIN N (MEMPHIS)	G: other	no assertion criteria provided			2017/12/12					15279	VCV000015279	rs30318
HBB, LYS95ASP	HBB	Variation	HEMOGLOBIN N, BETA TYPE	G: other	no assertion criteria provided			2017/12/12					15277	VCV000015277	rs30316
F83S	HBB	Variation	HEMOGLOBIN MIZUNAMI	G: other	no assertion criteria provided			2017/12/12					15272	VCV000015272	rs30311
HBB, HBB/HBD FUSION, HBD137DEL	HBB	fusion	HEMOGLOBIN LINCOLN PARK	G: Pathogenic; other	no assertion criteria provided			2017/12/12					15248	VCV000015248	rs30287
HBB, 15-BP INS	HBB	Insertion	HEMOGLOBIN KORIYAMA	G: other	no assertion criteria provided			2017/12/12					15242	VCV000015242	rs30281
